[
    {
        "topic":"00ecb565-8dcb-443e-875c-71babdce2269",
        "tweetID":638727826393444352,
        "relevancy":1,
        "tweets.created_at":"2015-01-09T14:59:15.000Z",
        "tweets.full_text":"Police say woman was driving drunk with kids in the car, and drugs in the car. Oh, and she was pregnant.   ",
        "tweets.hashtags":"[]",
        "tweets.user_mentions":"[]",
        "tweets.urls":"['http:\/\/www.recordonline.com\/article\/20150901\/NEWS\/150909955']",
        "tweets.user_name":"recordonline",
        "tweets.followers_count":41255,
        "topics.title":"VIDEO:Good Samaritans Stop Alleged Hit-and-Run Driver in Miami"
    },
    {
        "topic":"00ecb565-8dcb-443e-875c-71babdce2269",
        "tweetID":639043756038074369,
        "relevancy":1,
        "tweets.created_at":"2015-02-09T11:54:38.000Z",
        "tweets.full_text":"Hit-and-Run Driver Seriously Injures Man in Portola District: A man suffered serious injuries when a hit-and-run\u2026   ",
        "tweets.hashtags":"[]",
        "tweets.user_mentions":"[]",
        "tweets.urls":"['http:\/\/dlvr.it\/C2STLB']",
        "tweets.user_name":"breakingsfnews",
        "tweets.followers_count":9817,
        "topics.title":"VIDEO:Good Samaritans Stop Alleged Hit-and-Run Driver in Miami"
    },
    {
        "topic":"00ecb565-8dcb-443e-875c-71babdce2269",
        "tweetID":639325701297041408,
        "relevancy":1,
        "tweets.created_at":"2015-03-09T06:34:59.000Z",
        "tweets.full_text":"A Barrie woman that was run over by a drunk driver has filed a lawsuit against the driver and bar that served him.   ",
        "tweets.hashtags":"[]",
        "tweets.user_mentions":"[]",
        "tweets.urls":"['http:\/\/bit.ly\/1KsZowI']",
        "tweets.user_name":"am640",
        "tweets.followers_count":23076,
        "topics.title":"VIDEO:Good Samaritans Stop Alleged Hit-and-Run Driver in Miami"
    },
    {
        "topic":"00ecb565-8dcb-443e-875c-71babdce2269",
        "tweetID":639485269385678849,
        "relevancy":1,
        "tweets.created_at":"2015-03-09T17:09:03.000Z",
        "tweets.full_text":"A man was hit by a car while trying to chase after a drunk driver, cops say    ",
        "tweets.hashtags":"[]",
        "tweets.user_mentions":"[]",
        "tweets.urls":"['http:\/\/nwsdy.li\/1XkZSsD']",
        "tweets.user_name":"Newsday",
        "tweets.followers_count":292814,
        "topics.title":"VIDEO:Good Samaritans Stop Alleged Hit-and-Run Driver in Miami"
    },
    {
        "topic":"00ecb565-8dcb-443e-875c-71babdce2269",
        "tweetID":639662060368846848,
        "relevancy":1,
        "tweets.created_at":"2015-04-09T04:51:34.000Z",
        "tweets.full_text":"The women who got out of her car to help male died on scene. The driver of the car which hit woman stayed on scene..  ",
        "tweets.hashtags":"[]",
        "tweets.user_mentions":"['Ama_A_Asmah']",
        "tweets.urls":"[]",
        "tweets.user_name":"KDVR",
        "tweets.followers_count":168678,
        "topics.title":"VIDEO:Good Samaritans Stop Alleged Hit-and-Run Driver in Miami"
    },
    {
        "topic":"00ecb565-8dcb-443e-875c-71babdce2269",
        "tweetID":639791120822702081,
        "relevancy":1,
        "tweets.created_at":"2015-04-09T13:24:24.000Z",
        "tweets.full_text":"JUST IN: Suspect identified after pedestrian was hit, killed in police chase  #chsnews.  ",
        "tweets.hashtags":"['chsnews']",
        "tweets.user_mentions":"[]",
        "tweets.urls":"['http:\/\/shout.lt\/bb4W5']",
        "tweets.user_name":"Live5News",
        "tweets.followers_count":118815,
        "topics.title":"VIDEO:Good Samaritans Stop Alleged Hit-and-Run Driver in Miami"
    },
    {
        "topic":"00ecb565-8dcb-443e-875c-71babdce2269",
        "tweetID":639854450421665792,
        "relevancy":1,
        "tweets.created_at":"2015-04-09T17:36:03.000Z",
        "tweets.full_text":"Escondido DUI hit-and-run suspect pulls knife on Good Samaritans:   ",
        "tweets.hashtags":"[]",
        "tweets.user_mentions":"[]",
        "tweets.urls":"['http:\/\/on.nbc7.com\/9Us7XBe']",
        "tweets.user_name":"nbcsandiego",
        "tweets.followers_count":247004,
        "topics.title":"VIDEO:Good Samaritans Stop Alleged Hit-and-Run Driver in Miami"
    },
    {
        "topic":"00ecb565-8dcb-443e-875c-71babdce2269",
        "tweetID":640610449382223872,
        "relevancy":1,
        "tweets.created_at":"2015-06-09T19:40:07.000Z",
        "tweets.full_text":"Hit-and-run driver speeds away from car crash, dies mid-getaway   ",
        "tweets.hashtags":"[]",
        "tweets.user_mentions":"[]",
        "tweets.urls":"['http:\/\/fark.com\/go\/8846880']",
        "tweets.user_name":"fark",
        "tweets.followers_count":29956,
        "topics.title":"VIDEO:Good Samaritans Stop Alleged Hit-and-Run Driver in Miami"
    },
    {
        "topic":"00ecb565-8dcb-443e-875c-71babdce2269",
        "tweetID":641311294369460224,
        "relevancy":1,
        "tweets.created_at":"2015-08-09T18:05:02.000Z",
        "tweets.full_text":"Police search for hit-and-run driver who struck man on skateboard.   ",
        "tweets.hashtags":"[]",
        "tweets.user_mentions":"[]",
        "tweets.urls":"['http:\/\/on-ajc.com\/1VLITOh']",
        "tweets.user_name":"ajc",
        "tweets.followers_count":1058954,
        "topics.title":"VIDEO:Good Samaritans Stop Alleged Hit-and-Run Driver in Miami"
    },
    {
        "topic":"00ecb565-8dcb-443e-875c-71babdce2269",
        "tweetID":641720036520955904,
        "relevancy":1,
        "tweets.created_at":"2015-09-09T21:09:13.000Z",
        "tweets.full_text":"Troopers: Hit and run suspect leads 100+ mph chase with infant in the car    ",
        "tweets.hashtags":"[]",
        "tweets.user_mentions":"[]",
        "tweets.urls":"['http:\/\/link.kfor.com\/1Odv5Kn']",
        "tweets.user_name":"kfor",
        "tweets.followers_count":95942,
        "topics.title":"VIDEO:Good Samaritans Stop Alleged Hit-and-Run Driver in Miami"
    },
    {
        "topic":"00ecb565-8dcb-443e-875c-71babdce2269",
        "tweetID":641855701262966784,
        "relevancy":1,
        "tweets.created_at":"2015-10-09T06:08:18.000Z",
        "tweets.full_text":"#EJI Hit-and\u2013run Mercedes-Benz driver falls in car chase   ",
        "tweets.hashtags":"['EJI']",
        "tweets.user_mentions":"[]",
        "tweets.urls":"['http:\/\/ift.tt\/1VP75PZ']",
        "tweets.user_name":"hkstream",
        "tweets.followers_count":45257,
        "topics.title":"VIDEO:Good Samaritans Stop Alleged Hit-and-Run Driver in Miami"
    },
    {
        "topic":"00ecb565-8dcb-443e-875c-71babdce2269",
        "tweetID":642407270337392640,
        "relevancy":1,
        "tweets.created_at":"2015-11-09T18:40:03.000Z",
        "tweets.full_text":"Driver charged with murder in alleged intentional hit-and-run of Michigan firefighter    ",
        "tweets.hashtags":"[]",
        "tweets.user_mentions":"[]",
        "tweets.urls":"['http:\/\/peoplem.ag\/TWdquNP']",
        "tweets.user_name":"people",
        "tweets.followers_count":7612247,
        "topics.title":"VIDEO:Good Samaritans Stop Alleged Hit-and-Run Driver in Miami"
    },
    {
        "topic":"00ecb565-8dcb-443e-875c-71babdce2269",
        "tweetID":643685734352842752,
        "relevancy":2,
        "tweets.created_at":"2015-09-15T07:20:12.000Z",
        "tweets.full_text":"Drunk driver arrested following 204km\/h chase   ",
        "tweets.hashtags":"[]",
        "tweets.user_mentions":"[]",
        "tweets.urls":"['http:\/\/ow.ly\/Sdy3J']",
        "tweets.user_name":"SABreakingNews",
        "tweets.followers_count":793990,
        "topics.title":"VIDEO:Good Samaritans Stop Alleged Hit-and-Run Driver in Miami"
    },
    {
        "topic":"00ecb565-8dcb-443e-875c-71babdce2269",
        "tweetID":643941977403355136,
        "relevancy":1,
        "tweets.created_at":"2015-09-16T00:18:25.000Z",
        "tweets.full_text":" Did the driver stop, or is this a hit-and-run situation.  ",
        "tweets.hashtags":"[]",
        "tweets.user_mentions":"['BCFRpio']",
        "tweets.urls":"[]",
        "tweets.user_name":"knightproducer",
        "tweets.followers_count":1466,
        "topics.title":"VIDEO:Good Samaritans Stop Alleged Hit-and-Run Driver in Miami"
    },
    {
        "topic":"00ecb565-8dcb-443e-875c-71babdce2269",
        "tweetID":643953090261942272,
        "relevancy":1,
        "tweets.created_at":"2015-09-16T01:02:35.000Z",
        "tweets.full_text":" Chief Buckner just briefed on what happened. 2 pedestrians hit during a police chase. 1 killed 1 critical   ",
        "tweets.hashtags":"[]",
        "tweets.user_mentions":"['stephmsharp', 'LRpolice']",
        "tweets.urls":"[]",
        "tweets.user_name":"KARK4News",
        "tweets.followers_count":134888,
        "topics.title":"VIDEO:Good Samaritans Stop Alleged Hit-and-Run Driver in Miami"
    },
    {
        "topic":"00ecb565-8dcb-443e-875c-71babdce2269",
        "tweetID":644303992646860800,
        "relevancy":1,
        "tweets.created_at":"2015-09-17T00:16:57.000Z",
        "tweets.full_text":"Witnesses tell  the woman was in a crosswalk with her husband and another woman when hit at 1st &amp; Broad. PD interviewing driver..  ",
        "tweets.hashtags":"[]",
        "tweets.user_mentions":"['komonews']",
        "tweets.urls":"[]",
        "tweets.user_name":"lindsaycohen",
        "tweets.followers_count":9363,
        "topics.title":"VIDEO:Good Samaritans Stop Alleged Hit-and-Run Driver in Miami"
    },
    {
        "topic":"00ecb565-8dcb-443e-875c-71babdce2269",
        "tweetID":644456160574197760,
        "relevancy":1,
        "tweets.created_at":"2015-09-17T10:21:36.000Z",
        "tweets.full_text":"Alleged hit-and-run driver found after passing out, hitting pole  #HouNews #KHOU   ",
        "tweets.hashtags":"['HouNews', 'KHOU']",
        "tweets.user_mentions":"[]",
        "tweets.urls":"['http:\/\/on.khou.com\/1iRdXy9']",
        "tweets.user_name":"KHOU",
        "tweets.followers_count":724804,
        "topics.title":"VIDEO:Good Samaritans Stop Alleged Hit-and-Run Driver in Miami"
    },
    {
        "topic":"00ecb565-8dcb-443e-875c-71babdce2269",
        "tweetID":644484687637843968,
        "relevancy":2,
        "tweets.created_at":"2015-09-17T12:14:58.000Z",
        "tweets.full_text":"Police search for hit-and-run driver in Miami, 1 hospitalized.    ",
        "tweets.hashtags":"[]",
        "tweets.user_mentions":"[]",
        "tweets.urls":"['http:\/\/bit.ly\/1P2GM4K']",
        "tweets.user_name":"wsvn",
        "tweets.followers_count":408682,
        "topics.title":"VIDEO:Good Samaritans Stop Alleged Hit-and-Run Driver in Miami"
    },
    {
        "topic":"00ecb565-8dcb-443e-875c-71babdce2269",
        "tweetID":644546370209247232,
        "relevancy":1,
        "tweets.created_at":"2015-09-17T16:20:04.000Z",
        "tweets.full_text":"Sheriff: Driver who ran over deputy hit, killed motorcyclist after wild chase:   #scnews.  ",
        "tweets.hashtags":"['scnews']",
        "tweets.user_mentions":"[]",
        "tweets.urls":"['http:\/\/shout.lt\/bc0SQ']",
        "tweets.user_name":"Live5News",
        "tweets.followers_count":118815,
        "topics.title":"VIDEO:Good Samaritans Stop Alleged Hit-and-Run Driver in Miami"
    },
    {
        "topic":"00ecb565-8dcb-443e-875c-71babdce2269",
        "tweetID":645706824293855234,
        "relevancy":2,
        "tweets.created_at":"2015-09-20T21:11:18.000Z",
        "tweets.full_text":"Police searching for fatal hit &amp; run driver #HitandRun #Miami #FatalAccident   ",
        "tweets.hashtags":"['HitandRun', 'Miami', 'FatalAccident']",
        "tweets.user_mentions":"[]",
        "tweets.urls":"['http:\/\/cbsloc.al\/1QrIoFB']",
        "tweets.user_name":"CBSMiami",
        "tweets.followers_count":105724,
        "topics.title":"VIDEO:Good Samaritans Stop Alleged Hit-and-Run Driver in Miami"
    },
    {
        "topic":"00ecb565-8dcb-443e-875c-71babdce2269",
        "tweetID":645894821312360448,
        "relevancy":1,
        "tweets.created_at":"2015-09-21T09:38:20.000Z",
        "tweets.full_text":"Search is on for a hit-and-run driver who put a 3-year-old Indianapolis boy in the hospital in critical condition.   ",
        "tweets.hashtags":"[]",
        "tweets.user_mentions":"['MarcMullins1']",
        "tweets.urls":"[]",
        "tweets.user_name":"wrtv",
        "tweets.followers_count":124041,
        "topics.title":"VIDEO:Good Samaritans Stop Alleged Hit-and-Run Driver in Miami"
    },
    {
        "topic":"00ecb565-8dcb-443e-875c-71babdce2269",
        "tweetID":645900389418557440,
        "relevancy":1,
        "tweets.created_at":"2015-09-21T10:00:27.000Z",
        "tweets.full_text":"A breakthrough in the hunt for a hit and run driver who left a Perth cyclist by the side of a Mt Pleasant road. Details \u2026.  ",
        "tweets.hashtags":"[]",
        "tweets.user_mentions":"['emmykubainski']",
        "tweets.urls":"[]",
        "tweets.user_name":"9NewsPerth",
        "tweets.followers_count":84451,
        "topics.title":"VIDEO:Good Samaritans Stop Alleged Hit-and-Run Driver in Miami"
    },
    {
        "topic":"00ecb565-8dcb-443e-875c-71babdce2269",
        "tweetID":645911591142207488,
        "relevancy":1,
        "tweets.created_at":"2015-09-21T10:44:58.000Z",
        "tweets.full_text":"Police search for hit-and-run driver   ",
        "tweets.hashtags":"[]",
        "tweets.user_mentions":"[]",
        "tweets.urls":"['http:\/\/2wsb.tv\/1iIhRcU']",
        "tweets.user_name":"wsbtv",
        "tweets.followers_count":1179508,
        "topics.title":"VIDEO:Good Samaritans Stop Alleged Hit-and-Run Driver in Miami"
    },
    {
        "topic":"00ecb565-8dcb-443e-875c-71babdce2269",
        "tweetID":645936801232912384,
        "relevancy":2,
        "tweets.created_at":"2015-09-21T12:25:08.000Z",
        "tweets.full_text":"Police have located a woman they believe was involved in a fatal hit and run early Sunday morning.   ",
        "tweets.hashtags":"[]",
        "tweets.user_mentions":"[]",
        "tweets.urls":"['http:\/\/cbsloc.al\/1KudcC6']",
        "tweets.user_name":"CBSMiami",
        "tweets.followers_count":105724,
        "topics.title":"VIDEO:Good Samaritans Stop Alleged Hit-and-Run Driver in Miami"
    },
    {
        "topic":"00ecb565-8dcb-443e-875c-71babdce2269",
        "tweetID":645944922286202881,
        "relevancy":1,
        "tweets.created_at":"2015-09-21T12:57:25.000Z",
        "tweets.full_text":"Driver sought in Ronkonkoma hit-and-run   ",
        "tweets.hashtags":"[]",
        "tweets.user_mentions":"[]",
        "tweets.urls":"['http:\/\/longisland.news12.com\/news\/driver-sought-in-ronkonkoma-hit-and-run-1.10871108#autoplay=true']",
        "tweets.user_name":"News12LI",
        "tweets.followers_count":357115,
        "topics.title":"VIDEO:Good Samaritans Stop Alleged Hit-and-Run Driver in Miami"
    },
    {
        "topic":"00ecb565-8dcb-443e-875c-71babdce2269",
        "tweetID":645979857944477696,
        "relevancy":1,
        "tweets.created_at":"2015-09-21T15:16:14.000Z",
        "tweets.full_text":"Suspected driver in fatal Turner #Maine hit-and-run thought he hit deer   ",
        "tweets.hashtags":"['Maine']",
        "tweets.user_mentions":"[]",
        "tweets.urls":"['http:\/\/bit.ly\/1LIlYMG']",
        "tweets.user_name":"PressHerald",
        "tweets.followers_count":94103,
        "topics.title":"VIDEO:Good Samaritans Stop Alleged Hit-and-Run Driver in Miami"
    },
    {
        "topic":"00ecb565-8dcb-443e-875c-71babdce2269",
        "tweetID":646073525523120132,
        "relevancy":1,
        "tweets.created_at":"2015-09-21T21:28:26.000Z",
        "tweets.full_text":"1 arrested, 2 hurt after chase and crash near Vadnais Heights   ",
        "tweets.hashtags":"[]",
        "tweets.user_mentions":"[]",
        "tweets.urls":"['http:\/\/kstp.mn\/8eg1g']",
        "tweets.user_name":"KSTP",
        "tweets.followers_count":119492,
        "topics.title":"VIDEO:Good Samaritans Stop Alleged Hit-and-Run Driver in Miami"
    },
    {
        "topic":"00ecb565-8dcb-443e-875c-71babdce2269",
        "tweetID":646077743445098496,
        "relevancy":1,
        "tweets.created_at":"2015-09-21T21:45:12.000Z",
        "tweets.full_text":"Almost a year after a 16-year old was killed in a hit-and-run, the driver has been charged on four different counts.   ",
        "tweets.hashtags":"[]",
        "tweets.user_mentions":"[]",
        "tweets.urls":"['http:\/\/www.twcnews.com\/nys\/buffalo\/news\/2015\/09\/21\/anthony-defilippo-arraignment.html?cid=twitter_TWCNewsBuffalo']",
        "tweets.user_name":"SPECNewsBuffalo",
        "tweets.followers_count":26730,
        "topics.title":"VIDEO:Good Samaritans Stop Alleged Hit-and-Run Driver in Miami"
    },
    {
        "topic":"00ecb565-8dcb-443e-875c-71babdce2269",
        "tweetID":646103787858321408,
        "relevancy":1,
        "tweets.created_at":"2015-09-21T23:28:41.000Z",
        "tweets.full_text":"UA student taken to hospital after hit and run, says he \u2018forgives driver\u2019   ",
        "tweets.hashtags":"[]",
        "tweets.user_mentions":"[]",
        "tweets.urls":"['http:\/\/wp.me\/p4ySv5-vtR']",
        "tweets.user_name":"CBS_42",
        "tweets.followers_count":48649,
        "topics.title":"VIDEO:Good Samaritans Stop Alleged Hit-and-Run Driver in Miami"
    },
    {
        "topic":"00ecb565-8dcb-443e-875c-71babdce2269",
        "tweetID":646106832021291008,
        "relevancy":1,
        "tweets.created_at":"2015-09-21T23:40:47.000Z",
        "tweets.full_text":"Suspected driver in fatal Turner hit-and-run says he thought he hit deer.   ",
        "tweets.hashtags":"[]",
        "tweets.user_mentions":"[]",
        "tweets.urls":"['http:\/\/bit.ly\/1KImu0I']",
        "tweets.user_name":"KJ_Online",
        "tweets.followers_count":10658,
        "topics.title":"VIDEO:Good Samaritans Stop Alleged Hit-and-Run Driver in Miami"
    },
    {
        "topic":"00ecb565-8dcb-443e-875c-71babdce2269",
        "tweetID":647481801980649472,
        "relevancy":1,
        "tweets.created_at":"2015-09-25T18:44:25.000Z",
        "tweets.full_text":"#BREAKING: Pedestrian struck in a hit and run near Danforth and Donlands has died. Police have the vehcile, and alleged driver in custody..  ",
        "tweets.hashtags":"['BREAKING']",
        "tweets.user_mentions":"[]",
        "tweets.urls":"[]",
        "tweets.user_name":"NEWSTALK1010",
        "tweets.followers_count":57871,
        "topics.title":"VIDEO:Good Samaritans Stop Alleged Hit-and-Run Driver in Miami"
    },
    {
        "topic":"00ecb565-8dcb-443e-875c-71babdce2269",
        "tweetID":647491249285525504,
        "relevancy":1,
        "tweets.created_at":"2015-09-25T19:21:58.000Z",
        "tweets.full_text":"Police say theyve located the vehicle and driver in a hit and run at Danforth and Donlands..  ",
        "tweets.hashtags":"[]",
        "tweets.user_mentions":"[]",
        "tweets.urls":"[]",
        "tweets.user_name":"am640",
        "tweets.followers_count":23076,
        "topics.title":"VIDEO:Good Samaritans Stop Alleged Hit-and-Run Driver in Miami"
    },
    {
        "topic":"00ecb565-8dcb-443e-875c-71babdce2269",
        "tweetID":647600223229988864,
        "relevancy":1,
        "tweets.created_at":"2015-09-26T02:34:59.000Z",
        "tweets.full_text":"Pedestrian killed in hit-and-run in Clarksburg; alleged driver questioned  #fox5dc   ",
        "tweets.hashtags":"['fox5dc']",
        "tweets.user_mentions":"[]",
        "tweets.urls":"['http:\/\/www.fox5dc.com\/news\/local-news\/24627470-story']",
        "tweets.user_name":"fox5dc",
        "tweets.followers_count":312672,
        "topics.title":"VIDEO:Good Samaritans Stop Alleged Hit-and-Run Driver in Miami"
    },
    {
        "topic":"00ecb565-8dcb-443e-875c-71babdce2269",
        "tweetID":648547744341094400,
        "relevancy":1,
        "tweets.created_at":"2015-09-28T17:20:06.000Z",
        "tweets.full_text":"#BSO traffic homicide investigators are looking for the hit-and-run driver who struck and killed a man early...   ",
        "tweets.hashtags":"['BSO']",
        "tweets.user_mentions":"[]",
        "tweets.urls":"['http:\/\/fb.me\/4GSxZOmtm']",
        "tweets.user_name":"browardsheriff",
        "tweets.followers_count":115216,
        "topics.title":"VIDEO:Good Samaritans Stop Alleged Hit-and-Run Driver in Miami"
    }
]