[
    {
        "topic":"ef972152-a7fb-4823-9895-62be487d9eaa",
        "tweetID":638710974808129536,
        "relevancy":1,
        "tweets.created_at":"2015-01-09T13:52:17.000Z",
        "tweets.full_text":"Protestors set up speakers to communicate with protestors through the windows  #youstink   ",
        "tweets.hashtags":"['youstink']",
        "tweets.user_mentions":"[]",
        "tweets.urls":"[]",
        "tweets.user_name":"habib_b",
        "tweets.followers_count":10646,
        "topics.title":"\u2018No problem\u2019 with Pharrell protest"
    },
    {
        "topic":"ef972152-a7fb-4823-9895-62be487d9eaa",
        "tweetID":638853593454481409,
        "relevancy":1,
        "tweets.created_at":"2015-01-09T23:19:00.000Z",
        "tweets.full_text":"Protestors are in overdrive creating signs and hitting the phones before tomorrows courthouse protest.   ",
        "tweets.hashtags":"[]",
        "tweets.user_mentions":"['JeffAbellFOX45']",
        "tweets.urls":"[]",
        "tweets.user_name":"FOXBaltimore",
        "tweets.followers_count":165363,
        "topics.title":"\u2018No problem\u2019 with Pharrell protest"
    },
    {
        "topic":"ef972152-a7fb-4823-9895-62be487d9eaa",
        "tweetID":639084119654309888,
        "relevancy":2,
        "tweets.created_at":"2015-02-09T14:35:02.000Z",
        "tweets.full_text":"Protest is disruption, protest is confrontation and protest is the end of silence! -  on the  #nail\u2026.  ",
        "tweets.hashtags":"[]",
        "tweets.user_mentions":"['deray', 'CombatJackShow']",
        "tweets.urls":"[]",
        "tweets.user_name":"deray",
        "tweets.followers_count":1063888,
        "topics.title":"\u2018No problem\u2019 with Pharrell protest"
    },
    {
        "topic":"ef972152-a7fb-4823-9895-62be487d9eaa",
        "tweetID":639130126555447297,
        "relevancy":2,
        "tweets.created_at":"2015-02-09T17:37:51.000Z",
        "tweets.full_text":"Protest update:   ",
        "tweets.hashtags":"[]",
        "tweets.user_mentions":"[]",
        "tweets.urls":"['https:\/\/www.facebook.com\/permalink.php?story_fbid=10153004894191956&id=58771761955']",
        "tweets.user_name":"BaltimorePolice",
        "tweets.followers_count":293497,
        "topics.title":"\u2018No problem\u2019 with Pharrell protest"
    },
    {
        "topic":"ef972152-a7fb-4823-9895-62be487d9eaa",
        "tweetID":640131958434045952,
        "relevancy":1,
        "tweets.created_at":"2015-05-09T11:58:46.000Z",
        "tweets.full_text":"#Stabbing The polices Frederick van Wyk says no arrests have been made yet and the investigation continues. MM.  ",
        "tweets.hashtags":"['Stabbing']",
        "tweets.user_mentions":"[]",
        "tweets.urls":"[]",
        "tweets.user_name":"ewnreporter",
        "tweets.followers_count":707309,
        "topics.title":"\u2018No problem\u2019 with Pharrell protest"
    },
    {
        "topic":"ef972152-a7fb-4823-9895-62be487d9eaa",
        "tweetID":643793972549287936,
        "relevancy":2,
        "tweets.created_at":"2015-09-15T14:30:18.000Z",
        "tweets.full_text":"#PharrellConcert BDS spokesperson Kwara Kekana says the protest will continue as it is legal..  ",
        "tweets.hashtags":"['PharrellConcert']",
        "tweets.user_mentions":"[]",
        "tweets.urls":"[]",
        "tweets.user_name":"JacaNews",
        "tweets.followers_count":355520,
        "topics.title":"\u2018No problem\u2019 with Pharrell protest"
    },
    {
        "topic":"ef972152-a7fb-4823-9895-62be487d9eaa",
        "tweetID":643794112458682368,
        "relevancy":2,
        "tweets.created_at":"2015-09-15T14:30:52.000Z",
        "tweets.full_text":"#PharrellConcert BDS Kekana: We are going to have one of the largest protest against Pharrell\u2019s concert as he collaborates with Woolworths..  ",
        "tweets.hashtags":"['PharrellConcert']",
        "tweets.user_mentions":"[]",
        "tweets.urls":"[]",
        "tweets.user_name":"JacaNews",
        "tweets.followers_count":355520,
        "topics.title":"\u2018No problem\u2019 with Pharrell protest"
    },
    {
        "topic":"ef972152-a7fb-4823-9895-62be487d9eaa",
        "tweetID":644043553081954304,
        "relevancy":2,
        "tweets.created_at":"2015-09-16T07:02:03.000Z",
        "tweets.full_text":"Activist of the BDS Movement have threatened to protest outside Pharrell Williams\u2019s upcoming Cape Town concert    ",
        "tweets.hashtags":"[]",
        "tweets.user_mentions":"[]",
        "tweets.urls":"['http:\/\/bit.ly\/1KfdQ66']",
        "tweets.user_name":"DrumMagazine",
        "tweets.followers_count":238465,
        "topics.title":"\u2018No problem\u2019 with Pharrell protest"
    },
    {
        "topic":"ef972152-a7fb-4823-9895-62be487d9eaa",
        "tweetID":644075541679751169,
        "relevancy":2,
        "tweets.created_at":"2015-09-16T09:09:10.000Z",
        "tweets.full_text":"Activist of the BDS Movement have threatened to protest outside Pharrell Williams\u2019s upcoming Cape Town concert    ",
        "tweets.hashtags":"[]",
        "tweets.user_mentions":"['DrumMagazine']",
        "tweets.urls":"[]",
        "tweets.user_name":"bram_hanekom",
        "tweets.followers_count":14706,
        "topics.title":"\u2018No problem\u2019 with Pharrell protest"
    },
    {
        "topic":"ef972152-a7fb-4823-9895-62be487d9eaa",
        "tweetID":644105010637348864,
        "relevancy":2,
        "tweets.created_at":"2015-09-16T11:06:16.000Z",
        "tweets.full_text":"#Pharrellprotest The company wants to limit the number of protestors who will picket outside the venue.Activists want the 50 000 protestors..  ",
        "tweets.hashtags":"['Pharrellprotest']",
        "tweets.user_mentions":"[]",
        "tweets.urls":"[]",
        "tweets.user_name":"ewnreporter",
        "tweets.followers_count":707309,
        "topics.title":"\u2018No problem\u2019 with Pharrell protest"
    },
    {
        "topic":"ef972152-a7fb-4823-9895-62be487d9eaa",
        "tweetID":644441956173639680,
        "relevancy":2,
        "tweets.created_at":"2015-09-17T09:25:10.000Z",
        "tweets.full_text":"Pharrell Protest scaled down from 50 000   ",
        "tweets.hashtags":"[]",
        "tweets.user_mentions":"[]",
        "tweets.urls":"['http:\/\/ow.ly\/Sk72Y']",
        "tweets.user_name":"SABreakingNews",
        "tweets.followers_count":793992,
        "topics.title":"\u2018No problem\u2019 with Pharrell protest"
    },
    {
        "topic":"ef972152-a7fb-4823-9895-62be487d9eaa",
        "tweetID":644469654245801984,
        "relevancy":2,
        "tweets.created_at":"2015-09-17T11:15:13.000Z",
        "tweets.full_text":"Pharrell Protest scaled down from 50 000   ",
        "tweets.hashtags":"[]",
        "tweets.user_mentions":"[]",
        "tweets.urls":"['http:\/\/ow.ly\/Skjrs']",
        "tweets.user_name":"SABreakingNews",
        "tweets.followers_count":793992,
        "topics.title":"\u2018No problem\u2019 with Pharrell protest"
    },
    {
        "topic":"ef972152-a7fb-4823-9895-62be487d9eaa",
        "tweetID":645196419754758144,
        "relevancy":2,
        "tweets.created_at":"2015-09-19T11:23:08.000Z",
        "tweets.full_text":"Student body to join protest against Pharrell Williams concert    ",
        "tweets.hashtags":"[]",
        "tweets.user_mentions":"[]",
        "tweets.urls":"['http:\/\/bit.ly\/1F85TDk']",
        "tweets.user_name":"TimesLIVE",
        "tweets.followers_count":1523704,
        "topics.title":"\u2018No problem\u2019 with Pharrell protest"
    },
    {
        "topic":"ef972152-a7fb-4823-9895-62be487d9eaa",
        "tweetID":645409135593422849,
        "relevancy":2,
        "tweets.created_at":"2015-09-20T01:28:23.000Z",
        "tweets.full_text":"Pharrell Williams to face 16 000 protestors during CT concert   ",
        "tweets.hashtags":"[]",
        "tweets.user_mentions":"[]",
        "tweets.urls":"['http:\/\/bit.ly\/1KB6UEf']",
        "tweets.user_name":"SABCNews",
        "tweets.followers_count":1824283,
        "topics.title":"\u2018No problem\u2019 with Pharrell protest"
    },
    {
        "topic":"ef972152-a7fb-4823-9895-62be487d9eaa",
        "tweetID":645494186351947776,
        "relevancy":2,
        "tweets.created_at":"2015-09-20T07:06:21.000Z",
        "tweets.full_text":"#PharrellWilliams Pro-Palestine pressure group BDS has welcomed the Western Cape High Courts decision them to protest outside the concert..  ",
        "tweets.hashtags":"['PharrellWilliams']",
        "tweets.user_mentions":"[]",
        "tweets.urls":"[]",
        "tweets.user_name":"ewnreporter",
        "tweets.followers_count":707309,
        "topics.title":"\u2018No problem\u2019 with Pharrell protest"
    },
    {
        "topic":"ef972152-a7fb-4823-9895-62be487d9eaa",
        "tweetID":645507768544133121,
        "relevancy":2,
        "tweets.created_at":"2015-09-20T08:00:19.000Z",
        "tweets.full_text":"Full steam ahead\u2019 for protest at Pharrell Williams concert    ",
        "tweets.hashtags":"[]",
        "tweets.user_mentions":"[]",
        "tweets.urls":"['http:\/\/bit.ly\/1V40IeH']",
        "tweets.user_name":"SowetanLIVE",
        "tweets.followers_count":976085,
        "topics.title":"\u2018No problem\u2019 with Pharrell protest"
    },
    {
        "topic":"ef972152-a7fb-4823-9895-62be487d9eaa",
        "tweetID":645616260370165760,
        "relevancy":1,
        "tweets.created_at":"2015-09-20T15:11:26.000Z",
        "tweets.full_text":"Live from Gemayze, protestors marching to join the larger protest in Martyr Square #beirut   ",
        "tweets.hashtags":"['beirut']",
        "tweets.user_mentions":"[]",
        "tweets.urls":"[]",
        "tweets.user_name":"LunaSafwan",
        "tweets.followers_count":22490,
        "topics.title":"\u2018No problem\u2019 with Pharrell protest"
    },
    {
        "topic":"ef972152-a7fb-4823-9895-62be487d9eaa",
        "tweetID":645619941270417408,
        "relevancy":2,
        "tweets.created_at":"2015-09-20T15:26:03.000Z",
        "tweets.full_text":"Bid to limit Pharrell protest fails   ",
        "tweets.hashtags":"[]",
        "tweets.user_mentions":"[]",
        "tweets.urls":"['http:\/\/dlvr.it\/CCdG9D']",
        "tweets.user_name":"IOL",
        "tweets.followers_count":476185,
        "topics.title":"\u2018No problem\u2019 with Pharrell protest"
    },
    {
        "topic":"ef972152-a7fb-4823-9895-62be487d9eaa",
        "tweetID":645639828030160900,
        "relevancy":2,
        "tweets.created_at":"2015-09-20T16:45:05.000Z",
        "tweets.full_text":"Full steam ahead\u2019 for protest at Pharrell Williams concert    ",
        "tweets.hashtags":"[]",
        "tweets.user_mentions":"[]",
        "tweets.urls":"['http:\/\/bit.ly\/1V40IeH']",
        "tweets.user_name":"SowetanLIVE",
        "tweets.followers_count":976085,
        "topics.title":"\u2018No problem\u2019 with Pharrell protest"
    },
    {
        "topic":"ef972152-a7fb-4823-9895-62be487d9eaa",
        "tweetID":645828594317533184,
        "relevancy":2,
        "tweets.created_at":"2015-09-21T05:15:10.000Z",
        "tweets.full_text":"eNCA | Thousands to protest against Pharrell Williams and Woolworths    ",
        "tweets.hashtags":"[]",
        "tweets.user_mentions":"[]",
        "tweets.urls":"['http:\/\/ebx.sh\/1JjUHhN']",
        "tweets.user_name":"eNCA",
        "tweets.followers_count":2621788,
        "topics.title":"\u2018No problem\u2019 with Pharrell protest"
    },
    {
        "topic":"ef972152-a7fb-4823-9895-62be487d9eaa",
        "tweetID":645832712390053889,
        "relevancy":2,
        "tweets.created_at":"2015-09-21T05:31:32.000Z",
        "tweets.full_text":"Thousands of protesters are gearing up for a massive showdown at the Pharrell Williams concert tonight.  #eNCAheadlines.  ",
        "tweets.hashtags":"['eNCAheadlines']",
        "tweets.user_mentions":"[]",
        "tweets.urls":"[]",
        "tweets.user_name":"PennyLebyane",
        "tweets.followers_count":223275,
        "topics.title":"\u2018No problem\u2019 with Pharrell protest"
    },
    {
        "topic":"ef972152-a7fb-4823-9895-62be487d9eaa",
        "tweetID":645839855692460032,
        "relevancy":2,
        "tweets.created_at":"2015-09-21T05:59:55.000Z",
        "tweets.full_text":"Pharrell protest will make history - BDS   ",
        "tweets.hashtags":"[]",
        "tweets.user_mentions":"[]",
        "tweets.urls":"['http:\/\/bit.ly\/1NGe6zG']",
        "tweets.user_name":"TeamNews24",
        "tweets.followers_count":204251,
        "topics.title":"\u2018No problem\u2019 with Pharrell protest"
    },
    {
        "topic":"ef972152-a7fb-4823-9895-62be487d9eaa",
        "tweetID":645839890194767873,
        "relevancy":2,
        "tweets.created_at":"2015-09-21T06:00:03.000Z",
        "tweets.full_text":"Pharrell protest will make history - BDS   ",
        "tweets.hashtags":"[]",
        "tweets.user_mentions":"[]",
        "tweets.urls":"['http:\/\/www.news24.com\/SouthAfrica\/News\/Pharrell-protest-will-make-history-BDS-20150921']",
        "tweets.user_name":"News24",
        "tweets.followers_count":3830747,
        "topics.title":"\u2018No problem\u2019 with Pharrell protest"
    },
    {
        "topic":"ef972152-a7fb-4823-9895-62be487d9eaa",
        "tweetID":645839913766756352,
        "relevancy":2,
        "tweets.created_at":"2015-09-21T06:00:09.000Z",
        "tweets.full_text":"Pharrell protest will make history - BDS   ",
        "tweets.hashtags":"[]",
        "tweets.user_mentions":"[]",
        "tweets.urls":"['http:\/\/trib.al\/zvXSsEU']",
        "tweets.user_name":"News24",
        "tweets.followers_count":3830747,
        "topics.title":"\u2018No problem\u2019 with Pharrell protest"
    },
    {
        "topic":"ef972152-a7fb-4823-9895-62be487d9eaa",
        "tweetID":645848187190833152,
        "relevancy":2,
        "tweets.created_at":"2015-09-21T06:33:01.000Z",
        "tweets.full_text":"The planned protest by the pro-Palestine BDS movement against Grammy award-winning artist Pharrell Williams\u2019s...   ",
        "tweets.hashtags":"[]",
        "tweets.user_mentions":"[]",
        "tweets.urls":"['http:\/\/fb.me\/C6UdMK0w']",
        "tweets.user_name":"SABreakingNews",
        "tweets.followers_count":793992,
        "topics.title":"\u2018No problem\u2019 with Pharrell protest"
    },
    {
        "topic":"ef972152-a7fb-4823-9895-62be487d9eaa",
        "tweetID":645851955290632192,
        "relevancy":1,
        "tweets.created_at":"2015-09-21T06:48:00.000Z",
        "tweets.full_text":"Thousands expected to picket at Pharrell Williams concert|    ",
        "tweets.hashtags":"[]",
        "tweets.user_mentions":"[]",
        "tweets.urls":"['http:\/\/bit.ly\/1PizA4G']",
        "tweets.user_name":"AfroVoiceNews",
        "tweets.followers_count":346124,
        "topics.title":"\u2018No problem\u2019 with Pharrell protest"
    },
    {
        "topic":"ef972152-a7fb-4823-9895-62be487d9eaa",
        "tweetID":645859035523248128,
        "relevancy":2,
        "tweets.created_at":"2015-09-21T07:16:08.000Z",
        "tweets.full_text":"Pharrell protest will make history \u2013 BDS   ",
        "tweets.hashtags":"[]",
        "tweets.user_mentions":"[]",
        "tweets.urls":"['http:\/\/www.sabreakingnews.co.za\/2015\/09\/21\/pharrell-protest-will-make-history-bds\/']",
        "tweets.user_name":"SABreakingNews",
        "tweets.followers_count":793992,
        "topics.title":"\u2018No problem\u2019 with Pharrell protest"
    },
    {
        "topic":"ef972152-a7fb-4823-9895-62be487d9eaa",
        "tweetID":645880174622474240,
        "relevancy":2,
        "tweets.created_at":"2015-09-21T08:40:08.000Z",
        "tweets.full_text":"Pharrell protest will make history \u0096 BDS   ",
        "tweets.hashtags":"[]",
        "tweets.user_mentions":"[]",
        "tweets.urls":"['http:\/\/ow.ly\/SsAHP']",
        "tweets.user_name":"SABreakingNews",
        "tweets.followers_count":793992,
        "topics.title":"\u2018No problem\u2019 with Pharrell protest"
    },
    {
        "topic":"ef972152-a7fb-4823-9895-62be487d9eaa",
        "tweetID":645922604889477120,
        "relevancy":2,
        "tweets.created_at":"2015-09-21T11:28:44.000Z",
        "tweets.full_text":"#BDS members are expected to protest against #Pharells  partnership with Woolworths over imports from Israel at the Grand West Casino..  ",
        "tweets.hashtags":"['BDS', 'Pharell']",
        "tweets.user_mentions":"[]",
        "tweets.urls":"[]",
        "tweets.user_name":"JacaNews",
        "tweets.followers_count":355520,
        "topics.title":"\u2018No problem\u2019 with Pharrell protest"
    },
    {
        "topic":"ef972152-a7fb-4823-9895-62be487d9eaa",
        "tweetID":645944189839147008,
        "relevancy":2,
        "tweets.created_at":"2015-09-21T12:54:30.000Z",
        "tweets.full_text":"BDS spokesperson Kwara Kekana says they are excited about the protest at the #Pharrell Williams\u2019s concert in Cape Town today..  ",
        "tweets.hashtags":"['Pharrell']",
        "tweets.user_mentions":"[]",
        "tweets.urls":"[]",
        "tweets.user_name":"JacaNews",
        "tweets.followers_count":355520,
        "topics.title":"\u2018No problem\u2019 with Pharrell protest"
    },
    {
        "topic":"ef972152-a7fb-4823-9895-62be487d9eaa",
        "tweetID":645944357380616192,
        "relevancy":2,
        "tweets.created_at":"2015-09-21T12:55:10.000Z",
        "tweets.full_text":"#Pharrell Kekana: We are delighted and excited, we have a lot of people coming to the protest..  ",
        "tweets.hashtags":"['Pharrell']",
        "tweets.user_mentions":"[]",
        "tweets.urls":"[]",
        "tweets.user_name":"JacaNews",
        "tweets.followers_count":355520,
        "topics.title":"\u2018No problem\u2019 with Pharrell protest"
    },
    {
        "topic":"ef972152-a7fb-4823-9895-62be487d9eaa",
        "tweetID":645955587591786497,
        "relevancy":2,
        "tweets.created_at":"2015-09-21T13:39:48.000Z",
        "tweets.full_text":"VIDEO | Latest on the BDS, Pharrell Williams concert protest: Mariska Botha   ",
        "tweets.hashtags":"[]",
        "tweets.user_mentions":"[]",
        "tweets.urls":"['http:\/\/youtu.be\/qz4Mz4AKT5E']",
        "tweets.user_name":"SABCNews",
        "tweets.followers_count":1824283,
        "topics.title":"\u2018No problem\u2019 with Pharrell protest"
    },
    {
        "topic":"ef972152-a7fb-4823-9895-62be487d9eaa",
        "tweetID":645958613513560065,
        "relevancy":2,
        "tweets.created_at":"2015-09-21T13:51:49.000Z",
        "tweets.full_text":"US singer Pharrell faces BDS protest at South African concert  #palestine.  ",
        "tweets.hashtags":"['palestine']",
        "tweets.user_mentions":"[]",
        "tweets.urls":"['http:\/\/bit.ly\/1KupOcl']",
        "tweets.user_name":"MaanNewsAgency",
        "tweets.followers_count":282890,
        "topics.title":"\u2018No problem\u2019 with Pharrell protest"
    },
    {
        "topic":"ef972152-a7fb-4823-9895-62be487d9eaa",
        "tweetID":646035639557836800,
        "relevancy":2,
        "tweets.created_at":"2015-09-21T18:57:53.000Z",
        "tweets.full_text":"Protest by pro-Palestinian supporters against Woolworths-sponsored concert in Cape Town of Pharrell Williams seems to have flopped.  ",
        "tweets.hashtags":"[]",
        "tweets.user_mentions":"[]",
        "tweets.urls":"[]",
        "tweets.user_name":"SAfmnews",
        "tweets.followers_count":596456,
        "topics.title":"\u2018No problem\u2019 with Pharrell protest"
    },
    {
        "topic":"ef972152-a7fb-4823-9895-62be487d9eaa",
        "tweetID":646170998836850688,
        "relevancy":2,
        "tweets.created_at":"2015-09-22T03:55:46.000Z",
        "tweets.full_text":"#PharrellProtest Protest against Pharrell Williams concert.    ",
        "tweets.hashtags":"['PharrellProtest']",
        "tweets.user_mentions":"[]",
        "tweets.urls":"['http:\/\/bit.ly\/1Jm6c8h']",
        "tweets.user_name":"JacaNews",
        "tweets.followers_count":355520,
        "topics.title":"\u2018No problem\u2019 with Pharrell protest"
    },
    {
        "topic":"ef972152-a7fb-4823-9895-62be487d9eaa",
        "tweetID":646189487828152321,
        "relevancy":2,
        "tweets.created_at":"2015-09-22T05:09:14.000Z",
        "tweets.full_text":"Boycott, Divestment and Sanctions (BDS) movement says their protest at the Pharrell Williams concert in Cape Town...   ",
        "tweets.hashtags":"[]",
        "tweets.user_mentions":"[]",
        "tweets.urls":"['http:\/\/fb.me\/G4qpBtGT']",
        "tweets.user_name":"SABreakingNews",
        "tweets.followers_count":793992,
        "topics.title":"\u2018No problem\u2019 with Pharrell protest"
    },
    {
        "topic":"ef972152-a7fb-4823-9895-62be487d9eaa",
        "tweetID":646197530590511104,
        "relevancy":2,
        "tweets.created_at":"2015-09-22T05:41:11.000Z",
        "tweets.full_text":"Pharrell protest successful despite small turn up says BDS: Boycott, Divestment and Sanctions (BDS) movement s...   ",
        "tweets.hashtags":"[]",
        "tweets.user_mentions":"[]",
        "tweets.urls":"['http:\/\/bit.ly\/1PmAbCh']",
        "tweets.user_name":"SABreakingNews",
        "tweets.followers_count":793992,
        "topics.title":"\u2018No problem\u2019 with Pharrell protest"
    },
    {
        "topic":"ef972152-a7fb-4823-9895-62be487d9eaa",
        "tweetID":646219925858689024,
        "relevancy":2,
        "tweets.created_at":"2015-09-22T07:10:11.000Z",
        "tweets.full_text":"2000 People turn up for Pharrell protest   ",
        "tweets.hashtags":"[]",
        "tweets.user_mentions":"[]",
        "tweets.urls":"['http:\/\/ow.ly\/SvrAA']",
        "tweets.user_name":"SABreakingNews",
        "tweets.followers_count":793992,
        "topics.title":"\u2018No problem\u2019 with Pharrell protest"
    },
    {
        "topic":"ef972152-a7fb-4823-9895-62be487d9eaa",
        "tweetID":646237543743094786,
        "relevancy":2,
        "tweets.created_at":"2015-09-22T08:20:11.000Z",
        "tweets.full_text":"2000 People turn up for Pharrell protest   ",
        "tweets.hashtags":"[]",
        "tweets.user_mentions":"[]",
        "tweets.urls":"['http:\/\/ow.ly\/Svw0Q']",
        "tweets.user_name":"SABreakingNews",
        "tweets.followers_count":793992,
        "topics.title":"\u2018No problem\u2019 with Pharrell protest"
    },
    {
        "topic":"ef972152-a7fb-4823-9895-62be487d9eaa",
        "tweetID":647607153491083264,
        "relevancy":1,
        "tweets.created_at":"2015-09-26T03:02:32.000Z",
        "tweets.full_text":"In Brooklyn, a protest mural draws its own protest    ",
        "tweets.hashtags":"[]",
        "tweets.user_mentions":"[]",
        "tweets.urls":"['http:\/\/nyti.ms\/1LSFfv1']",
        "tweets.user_name":"nytimes",
        "tweets.followers_count":49133923,
        "topics.title":"\u2018No problem\u2019 with Pharrell protest"
    },
    {
        "topic":"ef972152-a7fb-4823-9895-62be487d9eaa",
        "tweetID":648157688191283208,
        "relevancy":1,
        "tweets.created_at":"2015-09-27T15:30:09.000Z",
        "tweets.full_text":"DID YOU MISS THIS: Pharrell Williams shakes up The Dome (Photos)    ",
        "tweets.hashtags":"[]",
        "tweets.user_mentions":"[]",
        "tweets.urls":"['http:\/\/bit.ly\/1jhfXjj']",
        "tweets.user_name":"SowetanLIVE",
        "tweets.followers_count":976085,
        "topics.title":"\u2018No problem\u2019 with Pharrell protest"
    },
    {
        "topic":"ef972152-a7fb-4823-9895-62be487d9eaa",
        "tweetID":649176105266581504,
        "relevancy":2,
        "tweets.created_at":"2015-09-30T10:56:59.000Z",
        "tweets.full_text":"Protest   ",
        "tweets.hashtags":"[]",
        "tweets.user_mentions":"[]",
        "tweets.urls":"['https:\/\/twitter.com\/hany2m\/status\/649175612582719488']",
        "tweets.user_name":"basildabh",
        "tweets.followers_count":8142,
        "topics.title":"\u2018No problem\u2019 with Pharrell protest"
    }
]