[
    {
        "topic":"f0b9b1b7-f8c9-4da3-bd7d-ec07993c7c4a",
        "tweetID":640154777452740609,
        "relevancy":1,
        "tweets.created_at":"2015-05-09T13:29:27.000Z",
        "tweets.full_text":"Minerva Neurosciences to present at Baird Healthcare Conference   ",
        "tweets.hashtags":"[]",
        "tweets.user_mentions":"[]",
        "tweets.urls":"['http:\/\/ift.tt\/1FpjAYW']",
        "tweets.user_name":"metrowestdaily",
        "tweets.followers_count":20436,
        "topics.title":"Adeptus Health Inc. to Present at the 2015 Morgan Stanley Global Healthcare Conference"
    },
    {
        "topic":"f0b9b1b7-f8c9-4da3-bd7d-ec07993c7c4a",
        "tweetID":648285250347405312,
        "relevancy":1,
        "tweets.created_at":"2015-09-27T23:57:02.000Z",
        "tweets.full_text":"At the Clinton Global Initiative annual meeting in New York on September 27, 2015.  PHOTO CREDIT: Getty Images.  ",
        "tweets.hashtags":"[]",
        "tweets.user_mentions":"[]",
        "tweets.urls":"[]",
        "tweets.user_name":"NOIweala",
        "tweets.followers_count":1498791,
        "topics.title":"Adeptus Health Inc. to Present at the 2015 Morgan Stanley Global Healthcare Conference"
    },
    {
        "topic":"f0b9b1b7-f8c9-4da3-bd7d-ec07993c7c4a",
        "tweetID":640148648651788288,
        "relevancy":1,
        "tweets.created_at":"2015-05-09T13:05:05.000Z",
        "tweets.full_text":"AccuTrack Radar on the hour. Its September 05, 2015 at 09:05AM   ",
        "tweets.hashtags":"[]",
        "tweets.user_mentions":"[]",
        "tweets.urls":"[]",
        "tweets.user_name":"abc7NYweather",
        "tweets.followers_count":9234,
        "topics.title":"Adeptus Health Inc. to Present at the 2015 Morgan Stanley Global Healthcare Conference"
    },
    {
        "topic":"f0b9b1b7-f8c9-4da3-bd7d-ec07993c7c4a",
        "tweetID":641224462067736577,
        "relevancy":1,
        "tweets.created_at":"2015-08-09T12:19:59.000Z",
        "tweets.full_text":"Medical Technologies That Are Changing Rural Healthcare...   ",
        "tweets.hashtags":"[]",
        "tweets.user_mentions":"[]",
        "tweets.urls":"['http:\/\/fb.me\/3s2X00bF5']",
        "tweets.user_name":"LeadershipNGA",
        "tweets.followers_count":948126,
        "topics.title":"Adeptus Health Inc. to Present at the 2015 Morgan Stanley Global Healthcare Conference"
    },
    {
        "topic":"f0b9b1b7-f8c9-4da3-bd7d-ec07993c7c4a",
        "tweetID":641518971871596544,
        "relevancy":2,
        "tweets.created_at":"2015-09-09T07:50:16.000Z",
        "tweets.full_text":"Army Medical Department holds a campaign promoting healthcare services for military officials   ",
        "tweets.hashtags":"[]",
        "tweets.user_mentions":"[]",
        "tweets.urls":"['http:\/\/thai.vi\/1K6TZVL']",
        "tweets.user_name":"NewsThaivisa",
        "tweets.followers_count":35338,
        "topics.title":"Adeptus Health Inc. to Present at the 2015 Morgan Stanley Global Healthcare Conference"
    },
    {
        "topic":"f0b9b1b7-f8c9-4da3-bd7d-ec07993c7c4a",
        "tweetID":641552617588551680,
        "relevancy":1,
        "tweets.created_at":"2015-09-09T10:03:58.000Z",
        "tweets.full_text":"AccuTrack Radar on the hour. Its September 09, 2015 at 06:03AM   ",
        "tweets.hashtags":"[]",
        "tweets.user_mentions":"[]",
        "tweets.urls":"[]",
        "tweets.user_name":"abc7NYweather",
        "tweets.followers_count":9234,
        "topics.title":"Adeptus Health Inc. to Present at the 2015 Morgan Stanley Global Healthcare Conference"
    },
    {
        "topic":"f0b9b1b7-f8c9-4da3-bd7d-ec07993c7c4a",
        "tweetID":641628283436576768,
        "relevancy":1,
        "tweets.created_at":"2015-09-09T15:04:38.000Z",
        "tweets.full_text":"AccuTrack Radar on the hour. Its September 09, 2015 at 11:04AM   ",
        "tweets.hashtags":"[]",
        "tweets.user_mentions":"[]",
        "tweets.urls":"[]",
        "tweets.user_name":"abc7NYweather",
        "tweets.followers_count":9234,
        "topics.title":"Adeptus Health Inc. to Present at the 2015 Morgan Stanley Global Healthcare Conference"
    },
    {
        "topic":"f0b9b1b7-f8c9-4da3-bd7d-ec07993c7c4a",
        "tweetID":643591375880069120,
        "relevancy":2,
        "tweets.created_at":"2015-09-15T01:05:16.000Z",
        "tweets.full_text":"#Montreal housing in \u2019emergency\u2019 health situation: public health director    ",
        "tweets.hashtags":"['Montreal']",
        "tweets.user_mentions":"[]",
        "tweets.urls":"['http:\/\/glbn.ca\/ScuU4']",
        "tweets.user_name":"Global_Montreal",
        "tweets.followers_count":53307,
        "topics.title":"Adeptus Health Inc. to Present at the 2015 Morgan Stanley Global Healthcare Conference"
    },
    {
        "topic":"f0b9b1b7-f8c9-4da3-bd7d-ec07993c7c4a",
        "tweetID":643799888204034048,
        "relevancy":2,
        "tweets.created_at":"2015-09-15T14:53:49.000Z",
        "tweets.full_text":"The University of Global Health Equity website is live--as are our students! Check us out at   \u2026.  ",
        "tweets.hashtags":"[]",
        "tweets.user_mentions":"['PeterDrobac', 'PIH']",
        "tweets.urls":"['http:\/\/www.ughe.org']",
        "tweets.user_name":"PIH",
        "tweets.followers_count":281480,
        "topics.title":"Adeptus Health Inc. to Present at the 2015 Morgan Stanley Global Healthcare Conference"
    },
    {
        "topic":"f0b9b1b7-f8c9-4da3-bd7d-ec07993c7c4a",
        "tweetID":644475272163655680,
        "relevancy":2,
        "tweets.created_at":"2015-09-17T11:37:33.000Z",
        "tweets.full_text":" and the NMA will work together to ensure that primary healthcare delivery, rural healthcare, and medical funding will be improved.  ",
        "tweets.hashtags":"[]",
        "tweets.user_mentions":"['NGRSenate']",
        "tweets.urls":"[]",
        "tweets.user_name":"bukolasaraki",
        "tweets.followers_count":2507427,
        "topics.title":"Adeptus Health Inc. to Present at the 2015 Morgan Stanley Global Healthcare Conference"
    },
    {
        "topic":"f0b9b1b7-f8c9-4da3-bd7d-ec07993c7c4a",
        "tweetID":646216186225496064,
        "relevancy":1,
        "tweets.created_at":"2015-09-22T06:55:19.000Z",
        "tweets.full_text":"PIA-6\/AKLAN:  The Department of Health in partnership with Department of Agriculture and World Health...   ",
        "tweets.hashtags":"[]",
        "tweets.user_mentions":"[]",
        "tweets.urls":"['http:\/\/fb.me\/7m5EOunD7']",
        "tweets.user_name":"DisasterInfoPH",
        "tweets.followers_count":27889,
        "topics.title":"Adeptus Health Inc. to Present at the 2015 Morgan Stanley Global Healthcare Conference"
    },
    {
        "topic":"f0b9b1b7-f8c9-4da3-bd7d-ec07993c7c4a",
        "tweetID":646279035610247168,
        "relevancy":1,
        "tweets.created_at":"2015-09-22T11:05:04.000Z",
        "tweets.full_text":"Its time to talk about the state of our health and the health of our state: For emergency departments to work...   ",
        "tweets.hashtags":"[]",
        "tweets.user_mentions":"[]",
        "tweets.urls":"['http:\/\/bit.ly\/1ONDKn1']",
        "tweets.user_name":"theagebreaking",
        "tweets.followers_count":28400,
        "topics.title":"Adeptus Health Inc. to Present at the 2015 Morgan Stanley Global Healthcare Conference"
    },
    {
        "topic":"f0b9b1b7-f8c9-4da3-bd7d-ec07993c7c4a",
        "tweetID":647707075309498368,
        "relevancy":1,
        "tweets.created_at":"2015-09-26T09:39:35.000Z",
        "tweets.full_text":"Morgan Stanley Healthy Cities to Deliver Network of Children\u2019s Health Programming to Houston\u2026    ",
        "tweets.hashtags":"[]",
        "tweets.user_mentions":"[]",
        "tweets.urls":"['http:\/\/bit.ly\/1NSZ8q8']",
        "tweets.user_name":"3BLMedia",
        "tweets.followers_count":22554,
        "topics.title":"Adeptus Health Inc. to Present at the 2015 Morgan Stanley Global Healthcare Conference"
    }
]