{
    "topic":"9c2abfde-02c5-4342-8a24-7c929090a6f8",
    "topics.content":"Benjamin Carson Sr. is well-known politician, author and retired Johns Hopkins neurosurgeon. In 2015 he made headlines after he announced that he was running for the Republican nomination in the 2016 presidential election. Aside from his political ambitions, Carson was the first surgeon to successfully separate conjoined twins joined at the head and was awarded the Presidential Medal of Freedom by President George W. Bush for his work. His views and speeches have solidified him as a popular conservative figure in politics..  ",
    "topics.title":"Ben Carson",
    "topics.media-type":"News",
    "topics.source":"BET.com",
    "topics.published":"2015-03-09T21:57:00.000Z",
    "topic_tweets":31,
    "tweets.created_at_initial":"2015-01-09 22:27:16",
    "tweets.created_at_final":"2015-12-09 23:16:52",
    "tweets.time_interval":334.0
}