[
    {
        "topic":"9c2abfde-02c5-4342-8a24-7c929090a6f8",
        "tweetID":638840572296359936,
        "relevancy":2,
        "tweets.created_at":"2015-01-09T22:27:16.000Z",
        "tweets.full_text":"Is surgeon and presidential candidate Ben Carson the Trump alternative His star and finances are rising:   ",
        "tweets.hashtags":"[]",
        "tweets.user_mentions":"[]",
        "tweets.urls":"['http:\/\/www.mynews13.com\/content\/news\/cfnews13\/news\/article.html\/content\/news\/articles\/ap\/2015\/09\/01\/Ben_Carson_campaign_reaping_cash_as_he_rises_in_GOP_polls.html']",
        "tweets.user_name":"MyNews13",
        "tweets.followers_count":261043,
        "topics.title":"Ben Carson"
    },
    {
        "topic":"9c2abfde-02c5-4342-8a24-7c929090a6f8",
        "tweetID":639255016528699392,
        "relevancy":2,
        "tweets.created_at":"2015-03-09T01:54:07.000Z",
        "tweets.full_text":"Well, he did say he was running for president. Its a head start on diplomacy.   ",
        "tweets.hashtags":"[]",
        "tweets.user_mentions":"[]",
        "tweets.urls":"[]",
        "tweets.user_name":"eslavin_stripes",
        "tweets.followers_count":2246,
        "topics.title":"Ben Carson"
    },
    {
        "topic":"9c2abfde-02c5-4342-8a24-7c929090a6f8",
        "tweetID":639871749786480640,
        "relevancy":2,
        "tweets.created_at":"2015-04-09T18:44:48.000Z",
        "tweets.full_text":"Latest News: Ben Carson, Republican presidential candidate, to speak Sept. 17 in Topeka: Republican presidenti...   ",
        "tweets.hashtags":"[]",
        "tweets.user_mentions":"[]",
        "tweets.urls":"['http:\/\/tinyurl.com\/nugh2j6']",
        "tweets.user_name":"CJOnline",
        "tweets.followers_count":30071,
        "topics.title":"Ben Carson"
    },
    {
        "topic":"9c2abfde-02c5-4342-8a24-7c929090a6f8",
        "tweetID":639907285834301441,
        "relevancy":2,
        "tweets.created_at":"2015-04-09T21:06:00.000Z",
        "tweets.full_text":"1-Presidential Candidate Ben Carson.. | 2-2016 Presidential Election Prev.. | 3-Fourth Amendment and Technology, P..   ",
        "tweets.hashtags":"[]",
        "tweets.user_mentions":"[]",
        "tweets.urls":"['http:\/\/www.c-span.org\/schedule\/?utime=1441400760']",
        "tweets.user_name":"CSPANnow",
        "tweets.followers_count":5113,
        "topics.title":"Ben Carson"
    },
    {
        "topic":"9c2abfde-02c5-4342-8a24-7c929090a6f8",
        "tweetID":641335668430499840,
        "relevancy":2,
        "tweets.created_at":"2015-08-09T19:41:53.000Z",
        "tweets.full_text":"Dr. Ben Carson is in San Francisco to discuss why he believes he should win the Republican presidential nomination.   ",
        "tweets.hashtags":"[]",
        "tweets.user_mentions":"[]",
        "tweets.urls":"['http:\/\/abc7ne.ws\/1iv3MPq']",
        "tweets.user_name":"abc7newsbayarea",
        "tweets.followers_count":559257,
        "topics.title":"Ben Carson"
    },
    {
        "topic":"9c2abfde-02c5-4342-8a24-7c929090a6f8",
        "tweetID":642410121427968000,
        "relevancy":2,
        "tweets.created_at":"2015-11-09T18:51:23.000Z",
        "tweets.full_text":"Interviewing Ben Carson in a minute. Pretty sure he is the only person Ive met who has separated conjoined twins joined at the head..  ",
        "tweets.hashtags":"[]",
        "tweets.user_mentions":"[]",
        "tweets.urls":"[]",
        "tweets.user_name":"nickpistor",
        "tweets.followers_count":6229,
        "topics.title":"Ben Carson"
    },
    {
        "topic":"9c2abfde-02c5-4342-8a24-7c929090a6f8",
        "tweetID":642743496273608704,
        "relevancy":2,
        "tweets.created_at":"2015-12-09T16:56:05.000Z",
        "tweets.full_text":"Presidential hopeful Dr. Ben Carson addressing the Aiken Republican Club   ",
        "tweets.hashtags":"[]",
        "tweets.user_mentions":"[]",
        "tweets.urls":"[]",
        "tweets.user_name":"WJBF",
        "tweets.followers_count":55221,
        "topics.title":"Ben Carson"
    },
    {
        "topic":"9c2abfde-02c5-4342-8a24-7c929090a6f8",
        "tweetID":642839323172143104,
        "relevancy":2,
        "tweets.created_at":"2015-12-09T23:16:52.000Z",
        "tweets.full_text":"Republican Presidential candidate Dr. Ben Carson visits Aiken    ",
        "tweets.hashtags":"[]",
        "tweets.user_mentions":"[]",
        "tweets.urls":"['http:\/\/abc6.wjbf.com\/1M4qx6w?utm_medium=social&utm_source=twitter_WJBF']",
        "tweets.user_name":"WJBF",
        "tweets.followers_count":55221,
        "topics.title":"Ben Carson"
    },
    {
        "topic":"9c2abfde-02c5-4342-8a24-7c929090a6f8",
        "tweetID":644268541261180928,
        "relevancy":2,
        "tweets.created_at":"2015-09-16T21:56:04.000Z",
        "tweets.full_text":"Dr. Ben Carson surging in presidential race: Dr. Ben Carson is gaining political ground in the Republican race for\u2026   ",
        "tweets.hashtags":"[]",
        "tweets.user_mentions":"[]",
        "tweets.urls":"['http:\/\/baltimore.cityandpress.com\/node\/10182806']",
        "tweets.user_name":"BaltimoreCP",
        "tweets.followers_count":3015,
        "topics.title":"Ben Carson"
    },
    {
        "topic":"9c2abfde-02c5-4342-8a24-7c929090a6f8",
        "tweetID":644281994831118336,
        "relevancy":2,
        "tweets.created_at":"2015-09-16T22:49:32.000Z",
        "tweets.full_text":"Detroit native Dr. Ben Carson shows early momentum in Republican Presidential campaign.   ",
        "tweets.hashtags":"[]",
        "tweets.user_mentions":"[]",
        "tweets.urls":"['http:\/\/bit.ly\/1KhKd46']",
        "tweets.user_name":"wxyzdetroit",
        "tweets.followers_count":403066,
        "topics.title":"Ben Carson"
    },
    {
        "topic":"9c2abfde-02c5-4342-8a24-7c929090a6f8",
        "tweetID":644303471206920192,
        "relevancy":1,
        "tweets.created_at":"2015-09-17T00:14:52.000Z",
        "tweets.full_text":"Wake up, Ben Carson!.  ",
        "tweets.hashtags":"[]",
        "tweets.user_mentions":"[]",
        "tweets.urls":"[]",
        "tweets.user_name":"aterkel",
        "tweets.followers_count":109083,
        "topics.title":"Ben Carson"
    },
    {
        "topic":"9c2abfde-02c5-4342-8a24-7c929090a6f8",
        "tweetID":644303499472277505,
        "relevancy":1,
        "tweets.created_at":"2015-09-17T00:14:59.000Z",
        "tweets.full_text":"Ben Carson:.  ",
        "tweets.hashtags":"[]",
        "tweets.user_mentions":"[]",
        "tweets.urls":"[]",
        "tweets.user_name":"jyarow",
        "tweets.followers_count":29115,
        "topics.title":"Ben Carson"
    },
    {
        "topic":"9c2abfde-02c5-4342-8a24-7c929090a6f8",
        "tweetID":644306179905208320,
        "relevancy":2,
        "tweets.created_at":"2015-09-17T00:25:38.000Z",
        "tweets.full_text":"So far, Ben Carson winning..  ",
        "tweets.hashtags":"[]",
        "tweets.user_mentions":"[]",
        "tweets.urls":"[]",
        "tweets.user_name":"froomkin",
        "tweets.followers_count":50929,
        "topics.title":"Ben Carson"
    },
    {
        "topic":"9c2abfde-02c5-4342-8a24-7c929090a6f8",
        "tweetID":644326469758550016,
        "relevancy":2,
        "tweets.created_at":"2015-09-17T01:46:16.000Z",
        "tweets.full_text":"Every time Ben Carson discusses politics Im more and more convinced he was meant to be a surgeon..  ",
        "tweets.hashtags":"[]",
        "tweets.user_mentions":"['marclamonthill']",
        "tweets.urls":"[]",
        "tweets.user_name":"OkDemocrats",
        "tweets.followers_count":8424,
        "topics.title":"Ben Carson"
    },
    {
        "topic":"9c2abfde-02c5-4342-8a24-7c929090a6f8",
        "tweetID":644326484451151876,
        "relevancy":2,
        "tweets.created_at":"2015-09-17T01:46:19.000Z",
        "tweets.full_text":"Well I thought Ben Carson was sleep-inducing during the last debate (except for his close) and he rose in the polls. But jee\u2026.  ",
        "tweets.hashtags":"[]",
        "tweets.user_mentions":"['joanwalsh']",
        "tweets.urls":"[]",
        "tweets.user_name":"marybschneider",
        "tweets.followers_count":17478,
        "topics.title":"Ben Carson"
    },
    {
        "topic":"9c2abfde-02c5-4342-8a24-7c929090a6f8",
        "tweetID":644326500754395136,
        "relevancy":2,
        "tweets.created_at":"2015-09-17T01:46:23.000Z",
        "tweets.full_text":"Ben Carson: First person to successfully separate conjoined twins and first to mistake Donald Trump for a socialist. #GOPDebate #2016atAEI.  ",
        "tweets.hashtags":"['GOPDebate', '2016atAEI']",
        "tweets.user_mentions":"[]",
        "tweets.urls":"[]",
        "tweets.user_name":"dhume",
        "tweets.followers_count":161721,
        "topics.title":"Ben Carson"
    },
    {
        "topic":"9c2abfde-02c5-4342-8a24-7c929090a6f8",
        "tweetID":644332003697922048,
        "relevancy":1,
        "tweets.created_at":"2015-09-17T02:08:15.000Z",
        "tweets.full_text":"President George W. Bush is a great friend of ours,\u201d Ben Carson says..  ",
        "tweets.hashtags":"[]",
        "tweets.user_mentions":"[]",
        "tweets.urls":"[]",
        "tweets.user_name":"mviser",
        "tweets.followers_count":112315,
        "topics.title":"Ben Carson"
    },
    {
        "topic":"9c2abfde-02c5-4342-8a24-7c929090a6f8",
        "tweetID":644344733356027904,
        "relevancy":2,
        "tweets.created_at":"2015-09-17T02:58:50.000Z",
        "tweets.full_text":"BEN One Nation CARSON..  ",
        "tweets.hashtags":"[]",
        "tweets.user_mentions":"[]",
        "tweets.urls":"[]",
        "tweets.user_name":"byjoelanderson",
        "tweets.followers_count":64676,
        "topics.title":"Ben Carson"
    },
    {
        "topic":"9c2abfde-02c5-4342-8a24-7c929090a6f8",
        "tweetID":644941729783771136,
        "relevancy":2,
        "tweets.created_at":"2015-09-18T18:31:05.000Z",
        "tweets.full_text":"Ben Carson: Foreign Policy Advice Is Reason Bush Awarded Me Presidential Medal Of Freedom   ",
        "tweets.hashtags":"[]",
        "tweets.user_mentions":"[]",
        "tweets.urls":"['http:\/\/bzfd.it\/1NInF2z']",
        "tweets.user_name":"katherinemiller",
        "tweets.followers_count":59081,
        "topics.title":"Ben Carson"
    },
    {
        "topic":"9c2abfde-02c5-4342-8a24-7c929090a6f8",
        "tweetID":645101796222865409,
        "relevancy":2,
        "tweets.created_at":"2015-09-19T05:07:08.000Z",
        "tweets.full_text":"Carson jokes about Trump dropping out of race: Republican presidential candidate Ben Carson celebrated his birthday\u2026   ",
        "tweets.hashtags":"[]",
        "tweets.user_mentions":"[]",
        "tweets.urls":"['http:\/\/dlvr.it\/CByn4N']",
        "tweets.user_name":"_Santa_Barbara",
        "tweets.followers_count":14791,
        "topics.title":"Ben Carson"
    },
    {
        "topic":"9c2abfde-02c5-4342-8a24-7c929090a6f8",
        "tweetID":645595768578023424,
        "relevancy":1,
        "tweets.created_at":"2015-09-20T13:50:00.000Z",
        "tweets.full_text":"Republican presidential candidate Ben Carson says no Muslim should ever become US president   ",
        "tweets.hashtags":"[]",
        "tweets.user_mentions":"[]",
        "tweets.urls":"['http:\/\/www.theguardian.com\/us-news\/2015\/sep\/20\/ben-carson-no-muslim-us-president-trump-obama?CMP=edit_2221']",
        "tweets.user_name":"GuardianUS",
        "tweets.followers_count":205732,
        "topics.title":"Ben Carson"
    },
    {
        "topic":"9c2abfde-02c5-4342-8a24-7c929090a6f8",
        "tweetID":645611462157840384,
        "relevancy":2,
        "tweets.created_at":"2015-09-20T14:52:22.000Z",
        "tweets.full_text":"Republican Presidential candidate Ben Carson was asked if Islam was consistent with the US constitution - he replied it was not..  ",
        "tweets.hashtags":"[]",
        "tweets.user_mentions":"[]",
        "tweets.urls":"[]",
        "tweets.user_name":"BBCLBicker",
        "tweets.followers_count":62521,
        "topics.title":"Ben Carson"
    },
    {
        "topic":"9c2abfde-02c5-4342-8a24-7c929090a6f8",
        "tweetID":645622444846284800,
        "relevancy":1,
        "tweets.created_at":"2015-09-20T15:36:00.000Z",
        "tweets.full_text":"Republican Presidential candidate Dr Ben Carson says Muslims should not be President   ",
        "tweets.hashtags":"[]",
        "tweets.user_mentions":"[]",
        "tweets.urls":"['http:\/\/ind.pn\/1iZZ2Sk']",
        "tweets.user_name":"IndyWorld",
        "tweets.followers_count":34623,
        "topics.title":"Ben Carson"
    },
    {
        "topic":"9c2abfde-02c5-4342-8a24-7c929090a6f8",
        "tweetID":645622568477523969,
        "relevancy":1,
        "tweets.created_at":"2015-09-20T15:36:30.000Z",
        "tweets.full_text":"GOP candidate Carson: Muslim shouldnt be elected president: WASHINGTON \u2014 Republican presidential candidate Be...   ",
        "tweets.hashtags":"[]",
        "tweets.user_mentions":"[]",
        "tweets.urls":"['http:\/\/bit.ly\/1KCEee0']",
        "tweets.user_name":"thenewmexican",
        "tweets.followers_count":39538,
        "topics.title":"Ben Carson"
    },
    {
        "topic":"9c2abfde-02c5-4342-8a24-7c929090a6f8",
        "tweetID":645857355545116672,
        "relevancy":1,
        "tweets.created_at":"2015-09-21T07:09:27.000Z",
        "tweets.full_text":"No #Muslim should be #US president: Carson: #Republican presidential hopeful Ben Carson said   ",
        "tweets.hashtags":"['Muslim', 'US', 'Republican']",
        "tweets.user_mentions":"[]",
        "tweets.urls":"['http:\/\/news.yahoo.com\/no-muslim-us-president-carson-183527139.html?soc_src=mediacontentsharebuttons&soc_trk=tw']",
        "tweets.user_name":"RandaHabib",
        "tweets.followers_count":36117,
        "topics.title":"Ben Carson"
    },
    {
        "topic":"9c2abfde-02c5-4342-8a24-7c929090a6f8",
        "tweetID":645893796102733824,
        "relevancy":2,
        "tweets.created_at":"2015-09-21T09:34:15.000Z",
        "tweets.full_text":"He would make a good Republican presidential candidate..  ",
        "tweets.hashtags":"[]",
        "tweets.user_mentions":"[]",
        "tweets.urls":"[]",
        "tweets.user_name":"pangeransiahaan",
        "tweets.followers_count":133550,
        "topics.title":"Ben Carson"
    },
    {
        "topic":"9c2abfde-02c5-4342-8a24-7c929090a6f8",
        "tweetID":646183053669322752,
        "relevancy":2,
        "tweets.created_at":"2015-09-22T04:43:40.000Z",
        "tweets.full_text":"Outcry against Republican presidential candidate grows louder   ",
        "tweets.hashtags":"[]",
        "tweets.user_mentions":"[]",
        "tweets.urls":"['http:\/\/www.dawn.com\/news\/1208582']",
        "tweets.user_name":"dawn_com",
        "tweets.followers_count":1085452,
        "topics.title":"Ben Carson"
    },
    {
        "topic":"9c2abfde-02c5-4342-8a24-7c929090a6f8",
        "tweetID":646396605944479744,
        "relevancy":2,
        "tweets.created_at":"2015-09-22T18:52:14.000Z",
        "tweets.full_text":"Republican presidential hopeful Carson blames P.C. culture   ",
        "tweets.hashtags":"[]",
        "tweets.user_mentions":"[]",
        "tweets.urls":"['http:\/\/at.wftv.com\/1KyDqTR']",
        "tweets.user_name":"WFTV",
        "tweets.followers_count":213163,
        "topics.title":"Ben Carson"
    },
    {
        "topic":"9c2abfde-02c5-4342-8a24-7c929090a6f8",
        "tweetID":646424063275995136,
        "relevancy":2,
        "tweets.created_at":"2015-09-22T20:41:21.000Z",
        "tweets.full_text":"SCJ News: Carson blames PC culture for Muslim comment flap: Republican presidential candidate Ben Carson on ...   ",
        "tweets.hashtags":"[]",
        "tweets.user_mentions":"[]",
        "tweets.urls":"['http:\/\/bit.ly\/1KyTftK']",
        "tweets.user_name":"scj",
        "tweets.followers_count":26906,
        "topics.title":"Ben Carson"
    },
    {
        "topic":"9c2abfde-02c5-4342-8a24-7c929090a6f8",
        "tweetID":647201617926754305,
        "relevancy":2,
        "tweets.created_at":"2015-09-25T00:11:04.000Z",
        "tweets.full_text":"Kanye West calls Republican presidential candidate Ben Carson brilliant:    ",
        "tweets.hashtags":"[]",
        "tweets.user_mentions":"[]",
        "tweets.urls":"['http:\/\/bit.ly\/1KTbi1h']",
        "tweets.user_name":"XXL",
        "tweets.followers_count":3579618,
        "topics.title":"Ben Carson"
    },
    {
        "topic":"9c2abfde-02c5-4342-8a24-7c929090a6f8",
        "tweetID":648478513352306688,
        "relevancy":2,
        "tweets.created_at":"2015-09-28T12:45:00.000Z",
        "tweets.full_text":"Republican presidential hopeful Carson visiting N. Carolina  #LiveOnWLOS.  ",
        "tweets.hashtags":"['LiveOnWLOS']",
        "tweets.user_mentions":"[]",
        "tweets.urls":"['http:\/\/bit.ly\/1Vitzfq']",
        "tweets.user_name":"WLOS_13",
        "tweets.followers_count":77786,
        "topics.title":"Ben Carson"
    }
]