[
    {
        "topic":"515400c5-967c-47ce-9028-f46ffa6d2370",
        "tweetID":643863491284193281,
        "relevancy":1,
        "tweets.created_at":"2015-09-15T19:06:33.000Z",
        "tweets.full_text":"\u00a0Possessing marijuana can be a felony under federal law; outrageously,\u00a0trafficking guns is not.    ",
        "tweets.hashtags":"[]",
        "tweets.user_mentions":"['MartinOMalley', 'CNNOpinion']",
        "tweets.urls":"[]",
        "tweets.user_name":"SaraLDuBois",
        "tweets.followers_count":1377,
        "topics.title":"Both sides allege publicity playing role in wave of felony marijuana charges"
    },
    {
        "topic":"515400c5-967c-47ce-9028-f46ffa6d2370",
        "tweetID":644333275670908928,
        "relevancy":1,
        "tweets.created_at":"2015-09-17T02:13:18.000Z",
        "tweets.full_text":"Dobson says all of the charges against Lonna and Chris are felony charges.   ",
        "tweets.hashtags":"[]",
        "tweets.user_mentions":"[]",
        "tweets.urls":"['http:\/\/fcnews.tv\/1EFVjkw']",
        "tweets.user_name":"FCN2go",
        "tweets.followers_count":131641,
        "topics.title":"Both sides allege publicity playing role in wave of felony marijuana charges"
    },
    {
        "topic":"515400c5-967c-47ce-9028-f46ffa6d2370",
        "tweetID":646042360036618240,
        "relevancy":2,
        "tweets.created_at":"2015-09-21T19:24:36.000Z",
        "tweets.full_text":"Drug charges filed against owners of marijuana-related businesses    ",
        "tweets.hashtags":"[]",
        "tweets.user_mentions":"[]",
        "tweets.urls":"['http:\/\/www.adn.com\/article\/20150921\/drug-charges-filed-against-owners-marijuana-related-businesses']",
        "tweets.user_name":"adndotcom",
        "tweets.followers_count":81499,
        "topics.title":"Both sides allege publicity playing role in wave of felony marijuana charges"
    },
    {
        "topic":"515400c5-967c-47ce-9028-f46ffa6d2370",
        "tweetID":646074529421258752,
        "relevancy":1,
        "tweets.created_at":"2015-09-21T21:32:25.000Z",
        "tweets.full_text":"Charges reduced for six Washington minors hit with felony marijuana possession -  #marijuana #thepotblog.  ",
        "tweets.hashtags":"['marijuana', 'thepotblog']",
        "tweets.user_mentions":"[]",
        "tweets.urls":"['http:\/\/blog.seattlepi.com\/marijuana\/2015\/09\/21\/charges-reduced-for-six-washington-minors-hit-with-felony-marijuana-possession\/']",
        "tweets.user_name":"seattlepi",
        "tweets.followers_count":186269,
        "topics.title":"Both sides allege publicity playing role in wave of felony marijuana charges"
    },
    {
        "topic":"515400c5-967c-47ce-9028-f46ffa6d2370",
        "tweetID":646083503176548352,
        "relevancy":2,
        "tweets.created_at":"2015-09-21T22:08:05.000Z",
        "tweets.full_text":"Owners of marijuana-related businesses, groups face felony drug charges   ",
        "tweets.hashtags":"[]",
        "tweets.user_mentions":"[]",
        "tweets.urls":"['http:\/\/bit.ly\/1gHLtoC']",
        "tweets.user_name":"AKNewsNow",
        "tweets.followers_count":52914,
        "topics.title":"Both sides allege publicity playing role in wave of felony marijuana charges"
    },
    {
        "topic":"515400c5-967c-47ce-9028-f46ffa6d2370",
        "tweetID":646867737227100160,
        "relevancy":1,
        "tweets.created_at":"2015-09-24T02:04:21.000Z",
        "tweets.full_text":"As felony charges on #marijuana bizs rain down, both State and those charged say its all about publicity      ",
        "tweets.hashtags":"['marijuana']",
        "tweets.user_mentions":"[]",
        "tweets.urls":"[]",
        "tweets.user_name":"AKpublicnews",
        "tweets.followers_count":24383,
        "topics.title":"Both sides allege publicity playing role in wave of felony marijuana charges"
    },
    {
        "topic":"515400c5-967c-47ce-9028-f46ffa6d2370",
        "tweetID":649328575619985408,
        "relevancy":2,
        "tweets.created_at":"2015-09-30T21:02:51.000Z",
        "tweets.full_text":"Three facing felony charges in Glenwood shooting   ",
        "tweets.hashtags":"[]",
        "tweets.user_mentions":"[]",
        "tweets.urls":"['http:\/\/goo.gl\/fb\/lLFSOI']",
        "tweets.user_name":"RadioIowa",
        "tweets.followers_count":7999,
        "topics.title":"Both sides allege publicity playing role in wave of felony marijuana charges"
    }
]