[
    {
        "topic":"4bc04c2f-2d01-42d5-8311-e4005950d20f",
        "tweetID":638603921179586560,
        "relevancy":2,
        "tweets.created_at":"2015-01-09T06:46:54.000Z",
        "tweets.full_text":"Reform Party may need to change their name to Re-Form Party. #sgelections #GE2015   ",
        "tweets.hashtags":"['sgelections', 'GE2015']",
        "tweets.user_mentions":"[]",
        "tweets.urls":"[]",
        "tweets.user_name":"mrbrown",
        "tweets.followers_count":406909,
        "topics.title":"Party MP calls BJP \u2018Baura Jayewala Party\u2019"
    },
    {
        "topic":"4bc04c2f-2d01-42d5-8311-e4005950d20f",
        "tweetID":638696491696156672,
        "relevancy":2,
        "tweets.created_at":"2015-01-09T12:54:44.000Z",
        "tweets.full_text":"Shivambu: Deputy Speaker, please do not allow this racist party (the DA) to refer to us as the nasty party..  ",
        "tweets.hashtags":"[]",
        "tweets.user_mentions":"[]",
        "tweets.urls":"[]",
        "tweets.user_name":"EFFparliament",
        "tweets.followers_count":18078,
        "topics.title":"Party MP calls BJP \u2018Baura Jayewala Party\u2019"
    },
    {
        "topic":"4bc04c2f-2d01-42d5-8311-e4005950d20f",
        "tweetID":638696564022726657,
        "relevancy":2,
        "tweets.created_at":"2015-01-09T12:55:01.000Z",
        "tweets.full_text":"#Parly Tempers flaring; DA refers to #EFF as the nasty party, EFF calls #DA the racist party, motions of condolence fall by wayside GD.  ",
        "tweets.hashtags":"['Parly', 'EFF', 'DA']",
        "tweets.user_mentions":"[]",
        "tweets.urls":"[]",
        "tweets.user_name":"Gaye_Davis",
        "tweets.followers_count":14772,
        "topics.title":"Party MP calls BJP \u2018Baura Jayewala Party\u2019"
    },
    {
        "topic":"4bc04c2f-2d01-42d5-8311-e4005950d20f",
        "tweetID":638697035009511424,
        "relevancy":2,
        "tweets.created_at":"2015-01-09T12:56:54.000Z",
        "tweets.full_text":"With the #DA referring to the #EFF as a nasty party &amp; EFF calling the DA a racist party perhaps the gloves are really off in Opposition..  ",
        "tweets.hashtags":"['DA', 'EFF']",
        "tweets.user_mentions":"[]",
        "tweets.urls":"[]",
        "tweets.user_name":"DanielSilke",
        "tweets.followers_count":7707,
        "topics.title":"Party MP calls BJP \u2018Baura Jayewala Party\u2019"
    },
    {
        "topic":"4bc04c2f-2d01-42d5-8311-e4005950d20f",
        "tweetID":638729346769776644,
        "relevancy":2,
        "tweets.created_at":"2015-01-09T15:05:17.000Z",
        "tweets.full_text":"BJP is the most casteist party in the country. Why did BJP go to Mufti in J&amp;K: KC Tyagi, Rajya Sabha MP, JD(U) #BattlegroundBihar   ",
        "tweets.hashtags":"['BattlegroundBihar']",
        "tweets.user_mentions":"['LRC_NDTV']",
        "tweets.urls":"[]",
        "tweets.user_name":"ndtv",
        "tweets.followers_count":14553126,
        "topics.title":"Party MP calls BJP \u2018Baura Jayewala Party\u2019"
    },
    {
        "topic":"4bc04c2f-2d01-42d5-8311-e4005950d20f",
        "tweetID":639132631213436928,
        "relevancy":2,
        "tweets.created_at":"2015-02-09T17:47:48.000Z",
        "tweets.full_text":"Since 1964, the Republican Party has become, in effect, a white party.    ",
        "tweets.hashtags":"[]",
        "tweets.user_mentions":"[]",
        "tweets.urls":"['http:\/\/nyti.ms\/1NMRBdL']",
        "tweets.user_name":"nytopinion",
        "tweets.followers_count":786900,
        "topics.title":"Party MP calls BJP \u2018Baura Jayewala Party\u2019"
    },
    {
        "topic":"4bc04c2f-2d01-42d5-8311-e4005950d20f",
        "tweetID":639810563741118464,
        "relevancy":1,
        "tweets.created_at":"2015-04-09T14:41:40.000Z",
        "tweets.full_text":"BJP is the same party that objected to Manmohan Singh reporting to Sonia Gandhi:  #TTP.  ",
        "tweets.hashtags":"['TTP']",
        "tweets.user_mentions":"['ashutosh83B']",
        "tweets.urls":"[]",
        "tweets.user_name":"IndiaToday",
        "tweets.followers_count":5479050,
        "topics.title":"Party MP calls BJP \u2018Baura Jayewala Party\u2019"
    },
    {
        "topic":"4bc04c2f-2d01-42d5-8311-e4005950d20f",
        "tweetID":640836666802860033,
        "relevancy":2,
        "tweets.created_at":"2015-07-09T10:39:02.000Z",
        "tweets.full_text":"BJP President Amit Shah holds Janata Darbar at party office in Delhi.   ",
        "tweets.hashtags":"[]",
        "tweets.user_mentions":"[]",
        "tweets.urls":"[]",
        "tweets.user_name":"ANI",
        "tweets.followers_count":5153609,
        "topics.title":"Party MP calls BJP \u2018Baura Jayewala Party\u2019"
    },
    {
        "topic":"4bc04c2f-2d01-42d5-8311-e4005950d20f",
        "tweetID":640846464827035648,
        "relevancy":1,
        "tweets.created_at":"2015-07-09T11:17:58.000Z",
        "tweets.full_text":"BJP President Shri  holds Janata Darbar at BJP HQ in New Delhi.   ",
        "tweets.hashtags":"[]",
        "tweets.user_mentions":"['AmitShahOffice']",
        "tweets.urls":"[]",
        "tweets.user_name":"BJPLive",
        "tweets.followers_count":628136,
        "topics.title":"Party MP calls BJP \u2018Baura Jayewala Party\u2019"
    },
    {
        "topic":"4bc04c2f-2d01-42d5-8311-e4005950d20f",
        "tweetID":641832962997161984,
        "relevancy":2,
        "tweets.created_at":"2015-10-09T04:37:57.000Z",
        "tweets.full_text":"Election after election, the people of MP are reposing faith in the #BJP. I congratulate the party-workers for it: PM #Modi in #Bhopal.  ",
        "tweets.hashtags":"['BJP', 'Modi', 'Bhopal']",
        "tweets.user_mentions":"[]",
        "tweets.urls":"[]",
        "tweets.user_name":"EconomicTimes",
        "tweets.followers_count":3827801,
        "topics.title":"Party MP calls BJP \u2018Baura Jayewala Party\u2019"
    },
    {
        "topic":"4bc04c2f-2d01-42d5-8311-e4005950d20f",
        "tweetID":642698509938913280,
        "relevancy":2,
        "tweets.created_at":"2015-12-09T13:57:20.000Z",
        "tweets.full_text":"Wrong to think, as many do, that the only alternative to Party X is Party Y. The alternative is better Party X (and better Party\u2026.  ",
        "tweets.hashtags":"[]",
        "tweets.user_mentions":"['acorn']",
        "tweets.urls":"[]",
        "tweets.user_name":"SachinKalbag",
        "tweets.followers_count":203981,
        "topics.title":"Party MP calls BJP \u2018Baura Jayewala Party\u2019"
    },
    {
        "topic":"4bc04c2f-2d01-42d5-8311-e4005950d20f",
        "tweetID":643656809291517952,
        "relevancy":2,
        "tweets.created_at":"2015-09-15T05:25:16.000Z",
        "tweets.full_text":"Chirag Paswan: Still in alliance with BJP, HAM, RLSP.  #BattleForBihar.  ",
        "tweets.hashtags":"['BattleForBihar']",
        "tweets.user_mentions":"[]",
        "tweets.urls":"[]",
        "tweets.user_name":"NewsX",
        "tweets.followers_count":577883,
        "topics.title":"Party MP calls BJP \u2018Baura Jayewala Party\u2019"
    },
    {
        "topic":"4bc04c2f-2d01-42d5-8311-e4005950d20f",
        "tweetID":643780872148140032,
        "relevancy":1,
        "tweets.created_at":"2015-09-15T13:38:15.000Z",
        "tweets.full_text":"#NewsAlert: BJP CEC meeting underway at party headquarters in Delhi..  ",
        "tweets.hashtags":"['NewsAlert']",
        "tweets.user_mentions":"[]",
        "tweets.urls":"[]",
        "tweets.user_name":"TheAsianAgeNews",
        "tweets.followers_count":22759,
        "topics.title":"Party MP calls BJP \u2018Baura Jayewala Party\u2019"
    },
    {
        "topic":"4bc04c2f-2d01-42d5-8311-e4005950d20f",
        "tweetID":646641628598398977,
        "relevancy":1,
        "tweets.created_at":"2015-09-23T11:05:52.000Z",
        "tweets.full_text":"Reservation row: Shiv Sena supports Mohan Bhagwat, takes a dig at BJP   ",
        "tweets.hashtags":"[]",
        "tweets.user_mentions":"[]",
        "tweets.urls":"['http:\/\/dnai.in\/cUzQ']",
        "tweets.user_name":"dna",
        "tweets.followers_count":2215980,
        "topics.title":"Party MP calls BJP \u2018Baura Jayewala Party\u2019"
    },
    {
        "topic":"4bc04c2f-2d01-42d5-8311-e4005950d20f",
        "tweetID":647607341421080577,
        "relevancy":1,
        "tweets.created_at":"2015-09-26T03:03:16.000Z",
        "tweets.full_text":" the irony is he came from a minimal government tea party style party called the reform party.  ",
        "tweets.hashtags":"[]",
        "tweets.user_mentions":"['lydiaclare']",
        "tweets.urls":"[]",
        "tweets.user_name":"karengeier",
        "tweets.followers_count":26367,
        "topics.title":"Party MP calls BJP \u2018Baura Jayewala Party\u2019"
    },
    {
        "topic":"4bc04c2f-2d01-42d5-8311-e4005950d20f",
        "tweetID":647664141528772608,
        "relevancy":1,
        "tweets.created_at":"2015-09-26T06:48:59.000Z",
        "tweets.full_text":"BJP denies its party member RK Singhs statement suggesting BJP giving Bihar tickets to criminals #BiharElections2015.  ",
        "tweets.hashtags":"['BiharElections2015']",
        "tweets.user_mentions":"[]",
        "tweets.urls":"[]",
        "tweets.user_name":"ndtv",
        "tweets.followers_count":14553126,
        "topics.title":"Party MP calls BJP \u2018Baura Jayewala Party\u2019"
    },
    {
        "topic":"4bc04c2f-2d01-42d5-8311-e4005950d20f",
        "tweetID":647690710230020096,
        "relevancy":2,
        "tweets.created_at":"2015-09-26T08:34:33.000Z",
        "tweets.full_text":"BJP terms party MP R.K Singhs allegation that money has changed hands for tickets in #BiharPolls as baseless..  ",
        "tweets.hashtags":"['BiharPolls']",
        "tweets.user_mentions":"[]",
        "tweets.urls":"[]",
        "tweets.user_name":"airnewsalerts",
        "tweets.followers_count":2609104,
        "topics.title":"Party MP calls BJP \u2018Baura Jayewala Party\u2019"
    },
    {
        "topic":"4bc04c2f-2d01-42d5-8311-e4005950d20f",
        "tweetID":647703478148702208,
        "relevancy":2,
        "tweets.created_at":"2015-09-26T09:25:17.000Z",
        "tweets.full_text":"( has since apologised for those comments about the only MP in the party hes bankrolling).  ",
        "tweets.hashtags":"[]",
        "tweets.user_mentions":"['Arron_banks']",
        "tweets.urls":"[]",
        "tweets.user_name":"robindbrant",
        "tweets.followers_count":13634,
        "topics.title":"Party MP calls BJP \u2018Baura Jayewala Party\u2019"
    }
]