[
    {
        "topic":"e8097d28-cfda-4850-bbba-2e082da3511e",
        "tweetID":648668855942926337,
        "relevancy":2,
        "tweets.created_at":"2015-09-29T01:21:21.000Z",
        "tweets.full_text":"am loving   ",
        "tweets.hashtags":"[]",
        "tweets.user_mentions":"['BernieSanders']",
        "tweets.urls":"[]",
        "tweets.user_name":"JaneyGodley",
        "tweets.followers_count":215742,
        "topics.title":"Undecided voter with open mind good for country"
    },
    {
        "topic":"e8097d28-cfda-4850-bbba-2e082da3511e",
        "tweetID":638720095641018368,
        "relevancy":1,
        "tweets.created_at":"2015-01-09T14:28:32.000Z",
        "tweets.full_text":"Mixed voter turnout at #assembly #election #AssemblyElectionsGh     ",
        "tweets.hashtags":"['assembly', 'election', 'AssemblyElectionsGh']",
        "tweets.user_mentions":"['ghanaelections', 'Citi973', 'Africanelection']",
        "tweets.urls":"['http:\/\/ow.ly\/RDM9J']",
        "tweets.user_name":"Africanelection",
        "tweets.followers_count":9219,
        "topics.title":"Undecided voter with open mind good for country"
    },
    {
        "topic":"e8097d28-cfda-4850-bbba-2e082da3511e",
        "tweetID":638845783706607617,
        "relevancy":2,
        "tweets.created_at":"2015-01-09T22:47:58.000Z",
        "tweets.full_text":"Met a New Hampshire voter whos undecided between Caaaaaahly and Caaaahson..  ",
        "tweets.hashtags":"[]",
        "tweets.user_mentions":"[]",
        "tweets.urls":"[]",
        "tweets.user_name":"daveweigel",
        "tweets.followers_count":593309,
        "topics.title":"Undecided voter with open mind good for country"
    },
    {
        "topic":"e8097d28-cfda-4850-bbba-2e082da3511e",
        "tweetID":641592760064176128,
        "relevancy":2,
        "tweets.created_at":"2015-09-09T12:43:28.000Z",
        "tweets.full_text":"#Fed voter view on Sep rate hike:  Yellen \u2013 This year  Fischer - Undecided  Brainard \u2013 More time  Powell - Undecided  Tarullo - Unlikely (1\/3).  ",
        "tweets.hashtags":"['Fed']",
        "tweets.user_mentions":"[]",
        "tweets.urls":"[]",
        "tweets.user_name":"Newsquawk",
        "tweets.followers_count":89085,
        "topics.title":"Undecided voter with open mind good for country"
    },
    {
        "topic":"e8097d28-cfda-4850-bbba-2e082da3511e",
        "tweetID":642000879529390080,
        "relevancy":2,
        "tweets.created_at":"2015-10-09T15:45:12.000Z",
        "tweets.full_text":"Voter Education expert  talking on the post election performance evaluation on Voter Educatn &amp; Publicity.   ",
        "tweets.hashtags":"[]",
        "tweets.user_mentions":"['inecnigeria', 'jideojong']",
        "tweets.urls":"[]",
        "tweets.user_name":"SituationRoomNg",
        "tweets.followers_count":74119,
        "topics.title":"Undecided voter with open mind good for country"
    },
    {
        "topic":"e8097d28-cfda-4850-bbba-2e082da3511e",
        "tweetID":642129659505811456,
        "relevancy":1,
        "tweets.created_at":"2015-11-09T00:16:55.000Z",
        "tweets.full_text":"Election voters help a voter cast a paper ballot at Martha OBryan.   ",
        "tweets.hashtags":"[]",
        "tweets.user_mentions":"[]",
        "tweets.urls":"[]",
        "tweets.user_name":"HollyAMeyer",
        "tweets.followers_count":4429,
        "topics.title":"Undecided voter with open mind good for country"
    },
    {
        "topic":"e8097d28-cfda-4850-bbba-2e082da3511e",
        "tweetID":643953155802181632,
        "relevancy":2,
        "tweets.created_at":"2015-09-16T01:02:51.000Z",
        "tweets.full_text":"It is looking like voter turnout will be increased from the 2013 municipal election. #Vote2015 #TurnOUTCLT.  ",
        "tweets.hashtags":"['Vote2015', 'TurnOUTCLT']",
        "tweets.user_mentions":"[]",
        "tweets.urls":"[]",
        "tweets.user_name":"equalitync",
        "tweets.followers_count":21438,
        "topics.title":"Undecided voter with open mind good for country"
    },
    {
        "topic":"e8097d28-cfda-4850-bbba-2e082da3511e",
        "tweetID":644095032824340480,
        "relevancy":2,
        "tweets.created_at":"2015-09-16T10:26:37.000Z",
        "tweets.full_text":"#Fed voter view on Sep rate hike:  Dudley - Unlikely  Evans \u2013 Unlikely  Lacker - Hike  Lockhart - Undecided  Williams - Unlikely (2\/3).  ",
        "tweets.hashtags":"['Fed']",
        "tweets.user_mentions":"[]",
        "tweets.urls":"[]",
        "tweets.user_name":"Newsquawk",
        "tweets.followers_count":89085,
        "topics.title":"Undecided voter with open mind good for country"
    },
    {
        "topic":"e8097d28-cfda-4850-bbba-2e082da3511e",
        "tweetID":644675143210549248,
        "relevancy":2,
        "tweets.created_at":"2015-09-18T00:51:46.000Z",
        "tweets.full_text":"Heartfield: In praise of the undecided voter  #elxn42   ",
        "tweets.hashtags":"['elxn42']",
        "tweets.user_mentions":"[]",
        "tweets.urls":"['http:\/\/ow.ly\/SmsBi']",
        "tweets.user_name":"OttawaCitizen",
        "tweets.followers_count":219942,
        "topics.title":"Undecided voter with open mind good for country"
    },
    {
        "topic":"e8097d28-cfda-4850-bbba-2e082da3511e",
        "tweetID":644894933325733888,
        "relevancy":1,
        "tweets.created_at":"2015-09-18T15:25:08.000Z",
        "tweets.full_text":"In my mind, whats good enough for the rest of the country is good enough for us, says  of regulations on ride-hailing..  ",
        "tweets.hashtags":"[]",
        "tweets.user_mentions":"[]",
        "tweets.urls":"[]",
        "tweets.user_name":"leahthorsen",
        "tweets.followers_count":2184,
        "topics.title":"Undecided voter with open mind good for country"
    },
    {
        "topic":"e8097d28-cfda-4850-bbba-2e082da3511e",
        "tweetID":644898253302038528,
        "relevancy":1,
        "tweets.created_at":"2015-09-18T15:38:19.000Z",
        "tweets.full_text":"In my mind, whats good enough for the rest of the country is good enough for us, says  of regulations on ride\u2026.  ",
        "tweets.hashtags":"[]",
        "tweets.user_mentions":"['leahthorsen']",
        "tweets.urls":"[]",
        "tweets.user_name":"stltoday",
        "tweets.followers_count":261176,
        "topics.title":"Undecided voter with open mind good for country"
    },
    {
        "topic":"e8097d28-cfda-4850-bbba-2e082da3511e",
        "tweetID":645200797517656064,
        "relevancy":1,
        "tweets.created_at":"2015-09-19T11:40:32.000Z",
        "tweets.full_text":"Voter register chaos blights by-election   ",
        "tweets.hashtags":"[]",
        "tweets.user_mentions":"[]",
        "tweets.urls":"['http:\/\/fb.me\/1W5JOoxdd']",
        "tweets.user_name":"DailyNewsZim",
        "tweets.followers_count":365034,
        "topics.title":"Undecided voter with open mind good for country"
    },
    {
        "topic":"e8097d28-cfda-4850-bbba-2e082da3511e",
        "tweetID":645936440778448898,
        "relevancy":1,
        "tweets.created_at":"2015-09-21T12:23:43.000Z",
        "tweets.full_text":"Canadian election: Whats the best way to increase voter turnout   ",
        "tweets.hashtags":"[]",
        "tweets.user_mentions":"[]",
        "tweets.urls":"['http:\/\/www.cbc.ca\/news\/politics\/canada-election-2015-voter-turnout-1.3230342?cmp=rss']",
        "tweets.user_name":"CBCSask",
        "tweets.followers_count":85743,
        "topics.title":"Undecided voter with open mind good for country"
    },
    {
        "topic":"e8097d28-cfda-4850-bbba-2e082da3511e",
        "tweetID":645949137481895936,
        "relevancy":2,
        "tweets.created_at":"2015-09-21T13:14:10.000Z",
        "tweets.full_text":"HUFF POST - Canadian Election: Whats The Best Way To Increase Voter Turnout   ",
        "tweets.hashtags":"[]",
        "tweets.user_mentions":"[]",
        "tweets.urls":"['http:\/\/huff.to\/1Kulf1w']",
        "tweets.user_name":"canpoli",
        "tweets.followers_count":1545,
        "topics.title":"Undecided voter with open mind good for country"
    },
    {
        "topic":"e8097d28-cfda-4850-bbba-2e082da3511e",
        "tweetID":646524164371783680,
        "relevancy":1,
        "tweets.created_at":"2015-09-23T03:19:07.000Z",
        "tweets.full_text":"Celebrating National Voter Registration Day. Providing more accessibility for eligible voters with online voter registration. #NVRD2015.  ",
        "tweets.hashtags":"['NVRD2015']",
        "tweets.user_mentions":"[]",
        "tweets.urls":"[]",
        "tweets.user_name":"NatalieforWV",
        "tweets.followers_count":1933,
        "topics.title":"Undecided voter with open mind good for country"
    }
]