[
    {
        "topic":"be94f275-223c-46bd-8efd-fafa03872368",
        "tweetID":639318935481925632,
        "relevancy":1,
        "tweets.created_at":"2015-03-09T06:08:06.000Z",
        "tweets.full_text":"Israeli #biotechnology firm voted Among \u2018Most Innovative #Startups\u2019 Globally   via    ",
        "tweets.hashtags":"['biotechnology', 'Startups']",
        "tweets.user_mentions":"['NoCamels']",
        "tweets.urls":"['http:\/\/nocamels.com\/2015\/08\/eiminda-among-most-innovative-startups\/']",
        "tweets.user_name":"Israel",
        "tweets.followers_count":665118,
        "topics.title":"EvoNexus Demo Day features San Diego's most innovative startups"
    },
    {
        "topic":"be94f275-223c-46bd-8efd-fafa03872368",
        "tweetID":639448678109868032,
        "relevancy":2,
        "tweets.created_at":"2015-03-09T14:43:39.000Z",
        "tweets.full_text":"Seven New Startups From Silicon Valleys Favorite New Demo Day  by   ",
        "tweets.hashtags":"[]",
        "tweets.user_mentions":"['Cookie']",
        "tweets.urls":"['http:\/\/tcrn.ch\/1EC5eJH']",
        "tweets.user_name":"TechCrunch",
        "tweets.followers_count":10145447,
        "topics.title":"EvoNexus Demo Day features San Diego's most innovative startups"
    },
    {
        "topic":"be94f275-223c-46bd-8efd-fafa03872368",
        "tweetID":639451207677931520,
        "relevancy":2,
        "tweets.created_at":"2015-03-09T14:53:42.000Z",
        "tweets.full_text":"Seven New Startups From Silicon Valley\u2019s Favorite New Demo Day   ",
        "tweets.hashtags":"[]",
        "tweets.user_mentions":"[]",
        "tweets.urls":"['http:\/\/ift.tt\/1hX9iur']",
        "tweets.user_name":"harokas",
        "tweets.followers_count":16072,
        "topics.title":"EvoNexus Demo Day features San Diego's most innovative startups"
    },
    {
        "topic":"be94f275-223c-46bd-8efd-fafa03872368",
        "tweetID":641082679056842752,
        "relevancy":1,
        "tweets.created_at":"2015-08-09T02:56:36.000Z",
        "tweets.full_text":"San Diego tonight   ",
        "tweets.hashtags":"[]",
        "tweets.user_mentions":"[]",
        "tweets.urls":"['https:\/\/instagram.com\/p\/7Wog3MzYS8\/']",
        "tweets.user_name":"2chainz",
        "tweets.followers_count":4501011,
        "topics.title":"EvoNexus Demo Day features San Diego's most innovative startups"
    },
    {
        "topic":"be94f275-223c-46bd-8efd-fafa03872368",
        "tweetID":641601828715671552,
        "relevancy":2,
        "tweets.created_at":"2015-09-09T13:19:31.000Z",
        "tweets.full_text":"Entrepreneur First Demo Day: Meet The Nine Startups That Presented (And Read Our Take)   ",
        "tweets.hashtags":"[]",
        "tweets.user_mentions":"[]",
        "tweets.urls":"['http:\/\/ift.tt\/1XKV0x7']",
        "tweets.user_name":"harokas",
        "tweets.followers_count":16072,
        "topics.title":"EvoNexus Demo Day features San Diego's most innovative startups"
    },
    {
        "topic":"be94f275-223c-46bd-8efd-fafa03872368",
        "tweetID":643379440953769984,
        "relevancy":1,
        "tweets.created_at":"2015-09-14T11:03:06.000Z",
        "tweets.full_text":"10 truly innovative auto startups   ",
        "tweets.hashtags":"[]",
        "tweets.user_mentions":"[]",
        "tweets.urls":"['http:\/\/for.tn\/1QcncDw']",
        "tweets.user_name":"FortuneMagazine",
        "tweets.followers_count":2282491,
        "topics.title":"EvoNexus Demo Day features San Diego's most innovative startups"
    },
    {
        "topic":"be94f275-223c-46bd-8efd-fafa03872368",
        "tweetID":644168882945699841,
        "relevancy":2,
        "tweets.created_at":"2015-09-16T15:20:04.000Z",
        "tweets.full_text":"50 of the world\u2019s best startups will demo &amp; you\u2019ll get an exclusive chance to see the diversity in our tech startups!   ",
        "tweets.hashtags":"[]",
        "tweets.user_mentions":"[]",
        "tweets.urls":"['http:\/\/buff.ly\/1Lx4Olb']",
        "tweets.user_name":"TechCoHQ",
        "tweets.followers_count":54444,
        "topics.title":"EvoNexus Demo Day features San Diego's most innovative startups"
    },
    {
        "topic":"be94f275-223c-46bd-8efd-fafa03872368",
        "tweetID":645781361907863553,
        "relevancy":1,
        "tweets.created_at":"2015-09-21T02:07:29.000Z",
        "tweets.full_text":"10 truly innovative auto startups   ",
        "tweets.hashtags":"[]",
        "tweets.user_mentions":"[]",
        "tweets.urls":"['http:\/\/for.tn\/1KluhQE']",
        "tweets.user_name":"FortuneMagazine",
        "tweets.followers_count":2282491,
        "topics.title":"EvoNexus Demo Day features San Diego's most innovative startups"
    }
]