{
    "topic":"6c3814a9-8e3b-4826-8472-13d6ec197c91",
    "topics.content":"Source: Wochit Entertainment - 1 week ago   Everest Review\u00a0 00:56 Rob Hall is a renowned mountain climber and entrepreneur \u2013 founding Adventure Consultants to lead outdoor sport enthusiasts through the world\u2019s most dangerous terrains. Even though Hall and his team lead expeditions around the globe, Adventure Consultants is best known for success in guiding....  ",
    "topics.title":"One-fingered climber nears Everest top",
    "topics.media-type":"News",
    "topics.source":"NewsR.in",
    "topics.published":"2015-09-27T00:27:05.000Z",
    "topic_tweets":4,
    "tweets.created_at_initial":"2015-09-15 07:44:49",
    "tweets.created_at_final":"2015-10-09 02:21:24",
    "tweets.time_interval":23.0
}