{
    "topic":"23432c8f-b9a6-42ac-8d41-9375967c8c4c",
    "topics.content":"Shawn Branch \u00a091-year-old woman may face charges on #Auschwitz actions. Former death camp worker accused of complicity in the... \u00a0 3 hours ago   \u300aK\u00ebll\u00fd\u300b \u00a0RT @Y7News : A 91-year-old woman who worked at Auschwitz has been accused of complicity in the murders of at least 260,000 Jews. \u00a0 3 hours ago   RedClover \u00a0RT @Y7News : A 91-year-old woman who worked at Auschwitz has been accused of complicity in the murders of at least 260,000 Jews. \u00a0 3 hours ago   Nick Hansen \u00a0RT @Y7News : A 91-year-old woman who worked at Auschwitz has been accused of complicity in the murders of at least 260,000 Jews. \u00a0 4 hours ago   7News Yahoo7 \u00a0A 91-year-old woman who worked at Auschwitz has been accused of complicity in the murders of at least 260,000 Jews. \u00a0 4 hours ago.  ",
    "topics.title":"91-year-old ex-Auschwitz worker accused of complicity in 260,000 WWII murders - @AFP, @dpa",
    "topics.media-type":"News",
    "topics.source":"NewsR.in",
    "topics.published":"2015-09-22T10:26:56.000Z",
    "topic_tweets":18,
    "tweets.created_at_initial":"2015-09-21 16:12:22",
    "tweets.created_at_final":"2015-09-24 00:03:06",
    "tweets.time_interval":2.0
}