[
    {
        "topic":"23432c8f-b9a6-42ac-8d41-9375967c8c4c",
        "tweetID":645993984842670080,
        "relevancy":2,
        "tweets.created_at":"2015-09-21T16:12:22.000Z",
        "tweets.full_text":"A 91-year-old German woman has been charged with 260,000 counts of accessory to murder for her role in Auschwitz   ",
        "tweets.hashtags":"[]",
        "tweets.user_mentions":"['swin24']",
        "tweets.urls":"[]",
        "tweets.user_name":"thedailybeast",
        "tweets.followers_count":1320897,
        "topics.title":"91-year-old ex-Auschwitz worker accused of complicity in 260,000 WWII murders - @AFP, @dpa"
    },
    {
        "topic":"23432c8f-b9a6-42ac-8d41-9375967c8c4c",
        "tweetID":646046384039198720,
        "relevancy":2,
        "tweets.created_at":"2015-09-21T19:40:35.000Z",
        "tweets.full_text":"Germany charges 91-year-old woman over role at Auschwitz    ",
        "tweets.hashtags":"[]",
        "tweets.user_mentions":"[]",
        "tweets.urls":"['http:\/\/dlvr.it\/CDDjDh']",
        "tweets.user_name":"haaretzcom",
        "tweets.followers_count":390826,
        "topics.title":"91-year-old ex-Auschwitz worker accused of complicity in 260,000 WWII murders - @AFP, @dpa"
    },
    {
        "topic":"23432c8f-b9a6-42ac-8d41-9375967c8c4c",
        "tweetID":646088602682826752,
        "relevancy":2,
        "tweets.created_at":"2015-09-21T22:28:21.000Z",
        "tweets.full_text":"Auschwitz allegations: 91-year-old charged with 260,000 counts of being an accessory to murder    ",
        "tweets.hashtags":"[]",
        "tweets.user_mentions":"[]",
        "tweets.urls":"['http:\/\/trib.al\/iD6gTJL']",
        "tweets.user_name":"SkyNews",
        "tweets.followers_count":6913463,
        "topics.title":"91-year-old ex-Auschwitz worker accused of complicity in 260,000 WWII murders - @AFP, @dpa"
    },
    {
        "topic":"23432c8f-b9a6-42ac-8d41-9375967c8c4c",
        "tweetID":646139221040738304,
        "relevancy":2,
        "tweets.created_at":"2015-09-22T01:49:29.000Z",
        "tweets.full_text":"A 91-year-old German woman has been charged with 260,000 counts of accessory to murder for her role in Auschwitz   ",
        "tweets.hashtags":"[]",
        "tweets.user_mentions":"['thedailybeast']",
        "tweets.urls":"[]",
        "tweets.user_name":"douglaswburns",
        "tweets.followers_count":5127,
        "topics.title":"91-year-old ex-Auschwitz worker accused of complicity in 260,000 WWII murders - @AFP, @dpa"
    },
    {
        "topic":"23432c8f-b9a6-42ac-8d41-9375967c8c4c",
        "tweetID":646194806272602112,
        "relevancy":2,
        "tweets.created_at":"2015-09-22T05:30:22.000Z",
        "tweets.full_text":"Auschwitz: Woman, 91, accused of complicity in murder of 260,000 Jews   ",
        "tweets.hashtags":"[]",
        "tweets.user_mentions":"[]",
        "tweets.urls":"['http:\/\/thai.vi\/1j4MqZZ']",
        "tweets.user_name":"NewsThaivisa",
        "tweets.followers_count":35338,
        "topics.title":"91-year-old ex-Auschwitz worker accused of complicity in 260,000 WWII murders - @AFP, @dpa"
    },
    {
        "topic":"23432c8f-b9a6-42ac-8d41-9375967c8c4c",
        "tweetID":646213345847062528,
        "relevancy":2,
        "tweets.created_at":"2015-09-22T06:44:02.000Z",
        "tweets.full_text":"Woman, 91, charged over 260,000 Auschwitz deaths    ",
        "tweets.hashtags":"[]",
        "tweets.user_mentions":"[]",
        "tweets.urls":"['http:\/\/www.telegraph.co.uk\/news\/worldnews\/europe\/germany\/11880691\/91-year-old-woman-charged-over-260000-Auschwitz-deaths.html']",
        "tweets.user_name":"Telegraph",
        "tweets.followers_count":3004954,
        "topics.title":"91-year-old ex-Auschwitz worker accused of complicity in 260,000 WWII murders - @AFP, @dpa"
    },
    {
        "topic":"23432c8f-b9a6-42ac-8d41-9375967c8c4c",
        "tweetID":646214870652686336,
        "relevancy":2,
        "tweets.created_at":"2015-09-22T06:50:05.000Z",
        "tweets.full_text":"A 91-year-old woman who worked at Auschwitz has been accused of complicity in the murders of at least 260,000 Jews.   ",
        "tweets.hashtags":"[]",
        "tweets.user_mentions":"[]",
        "tweets.urls":"['http:\/\/yhoo.it\/1MnDuJ0']",
        "tweets.user_name":"7NewsAustralia",
        "tweets.followers_count":185961,
        "topics.title":"91-year-old ex-Auschwitz worker accused of complicity in 260,000 WWII murders - @AFP, @dpa"
    },
    {
        "topic":"23432c8f-b9a6-42ac-8d41-9375967c8c4c",
        "tweetID":646234670896549889,
        "relevancy":2,
        "tweets.created_at":"2015-09-22T08:08:46.000Z",
        "tweets.full_text":"A 91-year-old woman is facing charges of 260,000 counts of Nazi crimes    ",
        "tweets.hashtags":"[]",
        "tweets.user_mentions":"[]",
        "tweets.urls":"['http:\/\/ind.pn\/1gHcB7n']",
        "tweets.user_name":"Independent",
        "tweets.followers_count":3500565,
        "topics.title":"91-year-old ex-Auschwitz worker accused of complicity in 260,000 WWII murders - @AFP, @dpa"
    },
    {
        "topic":"23432c8f-b9a6-42ac-8d41-9375967c8c4c",
        "tweetID":646251830717095936,
        "relevancy":2,
        "tweets.created_at":"2015-09-22T09:16:57.000Z",
        "tweets.full_text":"91yo woman who worked at Auschwitz has been accused of complicity in the murders of at least 260,000 Jews:   ",
        "tweets.hashtags":"[]",
        "tweets.user_mentions":"[]",
        "tweets.urls":"['http:\/\/trib.al\/sH2BGjC']",
        "tweets.user_name":"couriermail",
        "tweets.followers_count":149970,
        "topics.title":"91-year-old ex-Auschwitz worker accused of complicity in 260,000 WWII murders - @AFP, @dpa"
    },
    {
        "topic":"23432c8f-b9a6-42ac-8d41-9375967c8c4c",
        "tweetID":646258638147878912,
        "relevancy":2,
        "tweets.created_at":"2015-09-22T09:44:00.000Z",
        "tweets.full_text":"German woman charged with aiding in Nazi death camp murders: A 91-year-old German woman has been charged with ...   ",
        "tweets.hashtags":"[]",
        "tweets.user_mentions":"[]",
        "tweets.urls":"['http:\/\/bit.ly\/1QW2AAq']",
        "tweets.user_name":"SABreakingNews",
        "tweets.followers_count":793991,
        "topics.title":"91-year-old ex-Auschwitz worker accused of complicity in 260,000 WWII murders - @AFP, @dpa"
    },
    {
        "topic":"23432c8f-b9a6-42ac-8d41-9375967c8c4c",
        "tweetID":646280321361674240,
        "relevancy":2,
        "tweets.created_at":"2015-09-22T11:10:10.000Z",
        "tweets.full_text":"91-Year old woman charged with aiding in Nazi death camp murders   ",
        "tweets.hashtags":"[]",
        "tweets.user_mentions":"[]",
        "tweets.urls":"['http:\/\/ow.ly\/SvO6v']",
        "tweets.user_name":"SABreakingNews",
        "tweets.followers_count":793991,
        "topics.title":"91-year-old ex-Auschwitz worker accused of complicity in 260,000 WWII murders - @AFP, @dpa"
    },
    {
        "topic":"23432c8f-b9a6-42ac-8d41-9375967c8c4c",
        "tweetID":646354290802622464,
        "relevancy":2,
        "tweets.created_at":"2015-09-22T16:04:06.000Z",
        "tweets.full_text":"A 91-year-old woman has been charged with 60,000 counts of accessory to murder at Auschwitz:    ",
        "tweets.hashtags":"[]",
        "tweets.user_mentions":"[]",
        "tweets.urls":"['http:\/\/bit.ly\/1YzEsZs']",
        "tweets.user_name":"ABC7News",
        "tweets.followers_count":170882,
        "topics.title":"91-year-old ex-Auschwitz worker accused of complicity in 260,000 WWII murders - @AFP, @dpa"
    },
    {
        "topic":"23432c8f-b9a6-42ac-8d41-9375967c8c4c",
        "tweetID":646354291033292800,
        "relevancy":2,
        "tweets.created_at":"2015-09-22T16:04:06.000Z",
        "tweets.full_text":"A 91-year-old woman has been charged with 60,000 counts of accessory to murder at Auschwitz:    ",
        "tweets.hashtags":"[]",
        "tweets.user_mentions":"[]",
        "tweets.urls":"['http:\/\/bit.ly\/1YzEsZs']",
        "tweets.user_name":"NewsChannel8",
        "tweets.followers_count":16618,
        "topics.title":"91-year-old ex-Auschwitz worker accused of complicity in 260,000 WWII murders - @AFP, @dpa"
    },
    {
        "topic":"23432c8f-b9a6-42ac-8d41-9375967c8c4c",
        "tweetID":646395792069165056,
        "relevancy":2,
        "tweets.created_at":"2015-09-22T18:49:00.000Z",
        "tweets.full_text":"91-year-old German woman charged with 260,000 counts of accessory to murder at Auschwitz    ",
        "tweets.hashtags":"[]",
        "tweets.user_mentions":"['CBSNews']",
        "tweets.urls":"['http:\/\/cbsn.ws\/1j7epZf']",
        "tweets.user_name":"TheZinnMaster",
        "tweets.followers_count":2886,
        "topics.title":"91-year-old ex-Auschwitz worker accused of complicity in 260,000 WWII murders - @AFP, @dpa"
    },
    {
        "topic":"23432c8f-b9a6-42ac-8d41-9375967c8c4c",
        "tweetID":646456958732529664,
        "relevancy":2,
        "tweets.created_at":"2015-09-22T22:52:04.000Z",
        "tweets.full_text":"Woman, 91, charged in 260,000 Auschwitz deaths.    ",
        "tweets.hashtags":"[]",
        "tweets.user_mentions":"[]",
        "tweets.urls":"['http:\/\/sfg.ly\/1NRxaNd']",
        "tweets.user_name":"SFGate",
        "tweets.followers_count":488538,
        "topics.title":"91-year-old ex-Auschwitz worker accused of complicity in 260,000 WWII murders - @AFP, @dpa"
    },
    {
        "topic":"23432c8f-b9a6-42ac-8d41-9375967c8c4c",
        "tweetID":646600441095057408,
        "relevancy":2,
        "tweets.created_at":"2015-09-23T08:22:13.000Z",
        "tweets.full_text":"Woman, 91, accused of 200k Auschwitz deaths   ",
        "tweets.hashtags":"[]",
        "tweets.user_mentions":"[]",
        "tweets.urls":"['http:\/\/bit.ly\/1YBH74S']",
        "tweets.user_name":"TheLocalGermany",
        "tweets.followers_count":36275,
        "topics.title":"91-year-old ex-Auschwitz worker accused of complicity in 260,000 WWII murders - @AFP, @dpa"
    },
    {
        "topic":"23432c8f-b9a6-42ac-8d41-9375967c8c4c",
        "tweetID":646807477405794304,
        "relevancy":2,
        "tweets.created_at":"2015-09-23T22:04:54.000Z",
        "tweets.full_text":"A 91-year-old woman has been charged with 260,000 counts of accessory to murder at Auschwitz   ",
        "tweets.hashtags":"[]",
        "tweets.user_mentions":"['qz']",
        "tweets.urls":"['http:\/\/qz.com\/507811']",
        "tweets.user_name":"aliama",
        "tweets.followers_count":1501,
        "topics.title":"91-year-old ex-Auschwitz worker accused of complicity in 260,000 WWII murders - @AFP, @dpa"
    },
    {
        "topic":"23432c8f-b9a6-42ac-8d41-9375967c8c4c",
        "tweetID":646837222814040064,
        "relevancy":2,
        "tweets.created_at":"2015-09-24T00:03:06.000Z",
        "tweets.full_text":"  ",
        "tweets.hashtags":"[]",
        "tweets.user_mentions":"['GPLLP']",
        "tweets.urls":"[]",
        "tweets.user_name":"FarrahFazal",
        "tweets.followers_count":9077,
        "topics.title":"91-year-old ex-Auschwitz worker accused of complicity in 260,000 WWII murders - @AFP, @dpa"
    }
]