{
    "topic":"2c64c5a7-09af-442f-a55c-000093ffbc26",
    "topics.content":"Betty Brown, 84, went missing Saturday afternoon, Sept. 26, 2015,  according to Tempe police. (Photo: Tempe Police Department)   Tempe police are\u00a0seeking the publics assistance in locating an\u00a084-year-old \u00a0woman who went missing Saturday afternoon.   Betty Brown was\u00a0on her way to her daughters residence  near Interstate 10 and Ray Road in Ahwatukee Foothills at about 11:15 a.m., police said. Brown was driving\u00a0her maroon 2009 Chevrolet\u00a0Aveo, with Arizona license plate number BJG3980.   Brown is described as an 84-year-old White woman, 5-feet-4-inches tall, with gray hair and\u00a0weighing 175 pounds. She was last seen\u00a0wearing khaki shorts, a dark long-sleeved shirt, black shoes and prescription glasses.   Brown was showing signs of dementia recently and is also diabetic, according to a police statement.   Foul play is not suspected, and police are urging\u00a0anyone with information\u00a0to contact the department\u00a0at\u00a0480-350-8311.   Read or Share this story:   ",
    "topics.title":"Tempe police seek missing 84-year-old woman",
    "topics.media-type":"News",
    "topics.source":"AZCentral.com",
    "topics.published":"2015-09-26T23:56:09.000Z",
    "topic_tweets":28,
    "tweets.created_at_initial":"2015-01-09 01:34:56",
    "tweets.created_at_final":"2015-10-09 06:54:36",
    "tweets.time_interval":273.0
}