[
    {
        "topic":"2c64c5a7-09af-442f-a55c-000093ffbc26",
        "tweetID":638525412809789440,
        "relevancy":1,
        "tweets.created_at":"2015-01-09T01:34:56.000Z",
        "tweets.full_text":"Searcy police seek missing 19-year-old  #KATV7   ",
        "tweets.hashtags":"['KATV7']",
        "tweets.user_mentions":"[]",
        "tweets.urls":"['http:\/\/www.katv.com\/story\/29927644\/searcy-police-seek-missing-19-year-old']",
        "tweets.user_name":"KATVNews",
        "tweets.followers_count":162199,
        "topics.title":"Tempe police seek missing 84-year-old woman"
    },
    {
        "topic":"2c64c5a7-09af-442f-a55c-000093ffbc26",
        "tweetID":638950802099335168,
        "relevancy":1,
        "tweets.created_at":"2015-02-09T05:45:17.000Z",
        "tweets.full_text":"Tempe PD was looking for a suspect near Mill\/University earlier tonight. Search has stopped. No students in danger..  ",
        "tweets.hashtags":"[]",
        "tweets.user_mentions":"[]",
        "tweets.urls":"[]",
        "tweets.user_name":"TempePolice",
        "tweets.followers_count":38039,
        "topics.title":"Tempe police seek missing 84-year-old woman"
    },
    {
        "topic":"2c64c5a7-09af-442f-a55c-000093ffbc26",
        "tweetID":638953148103684096,
        "relevancy":1,
        "tweets.created_at":"2015-02-09T05:54:36.000Z",
        "tweets.full_text":"Tempe PD was looking for a suspect near Mill\/University earlier tonight. Search has stopped. No students in danger..  ",
        "tweets.hashtags":"[]",
        "tweets.user_mentions":"['TempePolice']",
        "tweets.urls":"[]",
        "tweets.user_name":"ERIC_WATSON",
        "tweets.followers_count":7550,
        "topics.title":"Tempe police seek missing 84-year-old woman"
    },
    {
        "topic":"2c64c5a7-09af-442f-a55c-000093ffbc26",
        "tweetID":639128497101799424,
        "relevancy":1,
        "tweets.created_at":"2015-02-09T17:31:22.000Z",
        "tweets.full_text":"Police seek missing 14-year-old girl who  may be in St. Louis:   ",
        "tweets.hashtags":"[]",
        "tweets.user_mentions":"[]",
        "tweets.urls":"['http:\/\/bit.ly\/1hUqO2b']",
        "tweets.user_name":"Jonssonville",
        "tweets.followers_count":4578,
        "topics.title":"Tempe police seek missing 84-year-old woman"
    },
    {
        "topic":"2c64c5a7-09af-442f-a55c-000093ffbc26",
        "tweetID":639776880317603840,
        "relevancy":1,
        "tweets.created_at":"2015-04-09T12:27:49.000Z",
        "tweets.full_text":"Police say a 27 yr old shot a 52 yr old before opening fire on police. An officer shot the suspect in the leg.   ",
        "tweets.hashtags":"[]",
        "tweets.user_mentions":"[]",
        "tweets.urls":"[]",
        "tweets.user_name":"ErinGClarke",
        "tweets.followers_count":2504,
        "topics.title":"Tempe police seek missing 84-year-old woman"
    },
    {
        "topic":"2c64c5a7-09af-442f-a55c-000093ffbc26",
        "tweetID":640219441700147202,
        "relevancy":1,
        "tweets.created_at":"2015-05-09T17:46:24.000Z",
        "tweets.full_text":"#BREAKING: Police say missing 11-year-old has been found.  ",
        "tweets.hashtags":"['BREAKING']",
        "tweets.user_mentions":"[]",
        "tweets.urls":"[]",
        "tweets.user_name":"NEWSTALK1010",
        "tweets.followers_count":57871,
        "topics.title":"Tempe police seek missing 84-year-old woman"
    },
    {
        "topic":"2c64c5a7-09af-442f-a55c-000093ffbc26",
        "tweetID":641033942246625280,
        "relevancy":1,
        "tweets.created_at":"2015-07-09T23:42:56.000Z",
        "tweets.full_text":"Omaha police seek 13-year-old girl missing since Saturday   ",
        "tweets.hashtags":"[]",
        "tweets.user_mentions":"[]",
        "tweets.urls":"['http:\/\/bit.ly\/1O9dL9k']",
        "tweets.user_name":"OWHnews",
        "tweets.followers_count":150716,
        "topics.title":"Tempe police seek missing 84-year-old woman"
    },
    {
        "topic":"2c64c5a7-09af-442f-a55c-000093ffbc26",
        "tweetID":641727167890591744,
        "relevancy":1,
        "tweets.created_at":"2015-09-09T21:37:34.000Z",
        "tweets.full_text":"Police seek publics help finding missing 37-year-old Portland woman #LiveOnk2    ",
        "tweets.hashtags":"['LiveOnk2']",
        "tweets.user_mentions":"[]",
        "tweets.urls":"['http:\/\/k2ne.ws\/1UCgdKG']",
        "tweets.user_name":"KATUNews",
        "tweets.followers_count":217731,
        "topics.title":"Tempe police seek missing 84-year-old woman"
    },
    {
        "topic":"2c64c5a7-09af-442f-a55c-000093ffbc26",
        "tweetID":641867351520968704,
        "relevancy":1,
        "tweets.created_at":"2015-10-09T06:54:36.000Z",
        "tweets.full_text":"5-year old missing in Harare: Police are looking for a 5-year old boy who went missing on Saturday at around 8...   ",
        "tweets.hashtags":"[]",
        "tweets.user_mentions":"[]",
        "tweets.urls":"['http:\/\/bit.ly\/1OBxpsG']",
        "tweets.user_name":"SABreakingNews",
        "tweets.followers_count":793991,
        "topics.title":"Tempe police seek missing 84-year-old woman"
    },
    {
        "topic":"2c64c5a7-09af-442f-a55c-000093ffbc26",
        "tweetID":643908052660305920,
        "relevancy":2,
        "tweets.created_at":"2015-09-15T22:03:37.000Z",
        "tweets.full_text":"Headlines | Police Seek Publics Assistance in Finding Missing Woman   ",
        "tweets.hashtags":"[]",
        "tweets.user_mentions":"[]",
        "tweets.urls":"['http:\/\/nsne.ws\/2iq']",
        "tweets.user_name":"haligonia",
        "tweets.followers_count":141721,
        "topics.title":"Tempe police seek missing 84-year-old woman"
    },
    {
        "topic":"2c64c5a7-09af-442f-a55c-000093ffbc26",
        "tweetID":644881238919114753,
        "relevancy":1,
        "tweets.created_at":"2015-09-18T14:30:43.000Z",
        "tweets.full_text":"The father of the missing 11-year-old Cocoa Beach boy is a police officer with the Cocoa Police Department.   ",
        "tweets.hashtags":"[]",
        "tweets.user_mentions":"['MyNews13']",
        "tweets.urls":"[]",
        "tweets.user_name":"Jon_Shaban",
        "tweets.followers_count":1088,
        "topics.title":"Tempe police seek missing 84-year-old woman"
    },
    {
        "topic":"2c64c5a7-09af-442f-a55c-000093ffbc26",
        "tweetID":645545861250879488,
        "relevancy":1,
        "tweets.created_at":"2015-09-20T10:31:41.000Z",
        "tweets.full_text":"Police searching for missing 89-year-old: Police in New Plymouth are searching for an 89-year-old man who was ...   ",
        "tweets.hashtags":"[]",
        "tweets.user_mentions":"[]",
        "tweets.urls":"['http:\/\/bit.ly\/1PfEPlw']",
        "tweets.user_name":"nzheraldnznews",
        "tweets.followers_count":9043,
        "topics.title":"Tempe police seek missing 84-year-old woman"
    },
    {
        "topic":"2c64c5a7-09af-442f-a55c-000093ffbc26",
        "tweetID":645594135639007232,
        "relevancy":1,
        "tweets.created_at":"2015-09-20T13:43:31.000Z",
        "tweets.full_text":"Police are seeking public assistance to help locate missing 34 y\/o Sean Brown who was last seen in the Marino. #9News   ",
        "tweets.hashtags":"['9News']",
        "tweets.user_mentions":"[]",
        "tweets.urls":"[]",
        "tweets.user_name":"9NewsAdel",
        "tweets.followers_count":83251,
        "topics.title":"Tempe police seek missing 84-year-old woman"
    },
    {
        "topic":"2c64c5a7-09af-442f-a55c-000093ffbc26",
        "tweetID":645609234659430400,
        "relevancy":1,
        "tweets.created_at":"2015-09-20T14:43:31.000Z",
        "tweets.full_text":"Police are seeking public assistance to help locate missing 34 y\/o Sean Brown who was last seen in the Marino. #9News   ",
        "tweets.hashtags":"['9News']",
        "tweets.user_mentions":"['9NewsAdel']",
        "tweets.urls":"[]",
        "tweets.user_name":"9NewsAUS",
        "tweets.followers_count":616114,
        "topics.title":"Tempe police seek missing 84-year-old woman"
    },
    {
        "topic":"2c64c5a7-09af-442f-a55c-000093ffbc26",
        "tweetID":645880796075524096,
        "relevancy":1,
        "tweets.created_at":"2015-09-21T08:42:36.000Z",
        "tweets.full_text":"Local News:  Whitehall police seek publics help in locating missing woman   ",
        "tweets.hashtags":"[]",
        "tweets.user_mentions":"[]",
        "tweets.urls":"['http:\/\/dlvr.it\/CCxfkx']",
        "tweets.user_name":"610wtvnnews",
        "tweets.followers_count":11093,
        "topics.title":"Tempe police seek missing 84-year-old woman"
    },
    {
        "topic":"2c64c5a7-09af-442f-a55c-000093ffbc26",
        "tweetID":646066633451040769,
        "relevancy":1,
        "tweets.created_at":"2015-09-21T21:01:03.000Z",
        "tweets.full_text":"Longueuil police seek missing woman   ",
        "tweets.hashtags":"[]",
        "tweets.user_mentions":"[]",
        "tweets.urls":"['http:\/\/dlvr.it\/CDFvK7']",
        "tweets.user_name":"CTVMontreal",
        "tweets.followers_count":176041,
        "topics.title":"Tempe police seek missing 84-year-old woman"
    },
    {
        "topic":"2c64c5a7-09af-442f-a55c-000093ffbc26",
        "tweetID":646085648697331712,
        "relevancy":1,
        "tweets.created_at":"2015-09-21T22:16:36.000Z",
        "tweets.full_text":"Longueuil police seek missing 51-year-old woman    ",
        "tweets.hashtags":"[]",
        "tweets.user_mentions":"[]",
        "tweets.urls":"['http:\/\/montreal.ctvnews.ca\/longueuil-police-seek-missing-woman-1.2574132']",
        "tweets.user_name":"CTVMontreal",
        "tweets.followers_count":176041,
        "topics.title":"Tempe police seek missing 84-year-old woman"
    },
    {
        "topic":"2c64c5a7-09af-442f-a55c-000093ffbc26",
        "tweetID":646127882826330112,
        "relevancy":1,
        "tweets.created_at":"2015-09-22T01:04:26.000Z",
        "tweets.full_text":"Riviera Beach police seek help finding missing 39-year-old woman    ",
        "tweets.hashtags":"[]",
        "tweets.user_mentions":"[]",
        "tweets.urls":"['http:\/\/pbpo.st\/1iK715W']",
        "tweets.user_name":"pbpost",
        "tweets.followers_count":175719,
        "topics.title":"Tempe police seek missing 84-year-old woman"
    },
    {
        "topic":"2c64c5a7-09af-442f-a55c-000093ffbc26",
        "tweetID":647902570732650496,
        "relevancy":2,
        "tweets.created_at":"2015-09-26T22:36:24.000Z",
        "tweets.full_text":"Please help find missing 84 year old Betty Brown. Driving 09Chevy Aveo AZ plt BJG3980. Lst seen in Tempe at 11:15 am.   ",
        "tweets.hashtags":"[]",
        "tweets.user_mentions":"[]",
        "tweets.urls":"[]",
        "tweets.user_name":"TempePolice",
        "tweets.followers_count":38039,
        "topics.title":"Tempe police seek missing 84-year-old woman"
    },
    {
        "topic":"2c64c5a7-09af-442f-a55c-000093ffbc26",
        "tweetID":647903286578806784,
        "relevancy":2,
        "tweets.created_at":"2015-09-26T22:39:15.000Z",
        "tweets.full_text":"Please help find missing 84 year old Betty Brown. Driving 09Chevy Aveo AZ plt BJG3980. Lst seen in Tempe at 11:15 am.   ",
        "tweets.hashtags":"[]",
        "tweets.user_mentions":"['TempePolice']",
        "tweets.urls":"[]",
        "tweets.user_name":"12News",
        "tweets.followers_count":218630,
        "topics.title":"Tempe police seek missing 84-year-old woman"
    },
    {
        "topic":"2c64c5a7-09af-442f-a55c-000093ffbc26",
        "tweetID":647933145023672321,
        "relevancy":2,
        "tweets.created_at":"2015-09-27T00:37:54.000Z",
        "tweets.full_text":"The missing elderly female, Betty Brown, has been located in good health and reunited with her family. Thank you!.  ",
        "tweets.hashtags":"[]",
        "tweets.user_mentions":"['TempePolice']",
        "tweets.urls":"[]",
        "tweets.user_name":"abc15",
        "tweets.followers_count":437031,
        "topics.title":"Tempe police seek missing 84-year-old woman"
    },
    {
        "topic":"2c64c5a7-09af-442f-a55c-000093ffbc26",
        "tweetID":647943735452528640,
        "relevancy":1,
        "tweets.created_at":"2015-09-27T01:19:59.000Z",
        "tweets.full_text":"#Halifax District #RCMP seek publics assistance locating missing #LowerSackville woman   ",
        "tweets.hashtags":"['Halifax', 'RCMP', 'LowerSackville']",
        "tweets.user_mentions":"[]",
        "tweets.urls":"['https:\/\/www.facebook.com\/rcmpns\/photos\/a.10150310339344779.340151.206153899778\/10153219981144779\/?type=3&theater']",
        "tweets.user_name":"RCMPNS",
        "tweets.followers_count":120337,
        "topics.title":"Tempe police seek missing 84-year-old woman"
    },
    {
        "topic":"2c64c5a7-09af-442f-a55c-000093ffbc26",
        "tweetID":648004123925721088,
        "relevancy":1,
        "tweets.created_at":"2015-09-27T05:19:57.000Z",
        "tweets.full_text":"Police are asking for the communitys help locating a missing #Gilroy man:   ",
        "tweets.hashtags":"['Gilroy']",
        "tweets.user_mentions":"[]",
        "tweets.urls":"['http:\/\/abc7ne.ws\/1iCvj1k']",
        "tweets.user_name":"abc7newsbayarea",
        "tweets.followers_count":559257,
        "topics.title":"Tempe police seek missing 84-year-old woman"
    },
    {
        "topic":"2c64c5a7-09af-442f-a55c-000093ffbc26",
        "tweetID":648134470915129344,
        "relevancy":1,
        "tweets.created_at":"2015-09-27T13:57:54.000Z",
        "tweets.full_text":"Police searching for boy, 11, missing in south Kansas City: An 11-year-old boy is missing in south Kansas City...   ",
        "tweets.hashtags":"[]",
        "tweets.user_mentions":"[]",
        "tweets.urls":"['http:\/\/bit.ly\/1jnlLI1']",
        "tweets.user_name":"KCTV5",
        "tweets.followers_count":173569,
        "topics.title":"Tempe police seek missing 84-year-old woman"
    },
    {
        "topic":"2c64c5a7-09af-442f-a55c-000093ffbc26",
        "tweetID":648148094542942208,
        "relevancy":1,
        "tweets.created_at":"2015-09-27T14:52:02.000Z",
        "tweets.full_text":"Galax Police Department searching for missing teenager   ",
        "tweets.hashtags":"[]",
        "tweets.user_mentions":"[]",
        "tweets.urls":"['http:\/\/bit.ly\/1MRSW32']",
        "tweets.user_name":"VirginiaNewser",
        "tweets.followers_count":617,
        "topics.title":"Tempe police seek missing 84-year-old woman"
    },
    {
        "topic":"2c64c5a7-09af-442f-a55c-000093ffbc26",
        "tweetID":648958990957678592,
        "relevancy":1,
        "tweets.created_at":"2015-09-29T20:34:15.000Z",
        "tweets.full_text":"Vero Beach police seeking publics help in locating missing woman   ",
        "tweets.hashtags":"[]",
        "tweets.user_mentions":"[]",
        "tweets.urls":"['http:\/\/on.wpbf.com\/1O0isSq']",
        "tweets.user_name":"WPBF25News",
        "tweets.followers_count":122539,
        "topics.title":"Tempe police seek missing 84-year-old woman"
    },
    {
        "topic":"2c64c5a7-09af-442f-a55c-000093ffbc26",
        "tweetID":649032305852309506,
        "relevancy":1,
        "tweets.created_at":"2015-09-30T01:25:34.000Z",
        "tweets.full_text":"84-year-old Frederick County man missing   ",
        "tweets.hashtags":"[]",
        "tweets.user_mentions":"[]",
        "tweets.urls":"['http:\/\/on.wbaltv.com\/1h8TgMw']",
        "tweets.user_name":"wbaltv11",
        "tweets.followers_count":273353,
        "topics.title":"Tempe police seek missing 84-year-old woman"
    },
    {
        "topic":"2c64c5a7-09af-442f-a55c-000093ffbc26",
        "tweetID":649060982627663873,
        "relevancy":1,
        "tweets.created_at":"2015-09-30T03:19:31.000Z",
        "tweets.full_text":"Police seek help finding missing, endangered 9-year-old boy    ",
        "tweets.hashtags":"[]",
        "tweets.user_mentions":"[]",
        "tweets.urls":"['http:\/\/go.fox13now.com\/1MZAO7y']",
        "tweets.user_name":"fox13",
        "tweets.followers_count":154592,
        "topics.title":"Tempe police seek missing 84-year-old woman"
    }
]