{
    "topic":"bb487a6c-0c13-4a30-a22b-bd865fef9f01",
    "topics.content":"The Obama administration is planning direct talks between Russian and American military officials soon over Russias military buildup in Syria, a development that has flummoxed the US.        Secretary of State John Kerry told reporters in London that President Barack Obama believes military-to-military discussions with Russia are an important next step as the US and its allies seek to resolve a worsening Syria crisis while also trying to understand Russias burgeoning role. Russian Foreign Minister Sergey Lavrov first broached the idea earlier this week in a phone call with Kerry..  ",
    "topics.title":"Kerry: US plans military talks with Russia over Syria",
    "topics.media-type":"News",
    "topics.source":"Ynet News",
    "topics.published":"2015-09-18T14:47:29.000Z",
    "topic_tweets":38,
    "tweets.created_at_initial":"2015-05-09 17:33:54",
    "tweets.created_at_final":"2015-11-09 23:30:15",
    "tweets.time_interval":184.0
}