[
    {
        "topic":"bb487a6c-0c13-4a30-a22b-bd865fef9f01",
        "tweetID":640216299008839680,
        "relevancy":2,
        "tweets.created_at":"2015-05-09T17:33:54.000Z",
        "tweets.full_text":". raises concern with #Russia FM Lavrov about reports of an imminent enhanced Russian military buildup in #Syria.  ",
        "tweets.hashtags":"['Russia', 'Syria']",
        "tweets.user_mentions":"['JohnKerry']",
        "tweets.urls":"[]",
        "tweets.user_name":"bbclysedoucet",
        "tweets.followers_count":171459,
        "topics.title":"Kerry: US plans military talks with Russia over Syria"
    },
    {
        "topic":"bb487a6c-0c13-4a30-a22b-bd865fef9f01",
        "tweetID":640227838537388032,
        "relevancy":1,
        "tweets.created_at":"2015-05-09T18:19:46.000Z",
        "tweets.full_text":"Kerry warns Lavrov that Russian military buildup in Syria could further escalate the conflict.  ",
        "tweets.hashtags":"[]",
        "tweets.user_mentions":"[]",
        "tweets.urls":"[]",
        "tweets.user_name":"ChemiShalev",
        "tweets.followers_count":31915,
        "topics.title":"Kerry: US plans military talks with Russia over Syria"
    },
    {
        "topic":"bb487a6c-0c13-4a30-a22b-bd865fef9f01",
        "tweetID":641514568376692736,
        "relevancy":1,
        "tweets.created_at":"2015-09-09T07:32:46.000Z",
        "tweets.full_text":"Russian For Min says Russian military experts in #Syria assist with arms delivered by #Russia.  ",
        "tweets.hashtags":"['Syria', 'Russia']",
        "tweets.user_mentions":"[]",
        "tweets.urls":"[]",
        "tweets.user_name":"LBCI_News_EN",
        "tweets.followers_count":116880,
        "topics.title":"Kerry: US plans military talks with Russia over Syria"
    },
    {
        "topic":"bb487a6c-0c13-4a30-a22b-bd865fef9f01",
        "tweetID":641843306100486144,
        "relevancy":1,
        "tweets.created_at":"2015-10-09T05:19:03.000Z",
        "tweets.full_text":"Kerry warns Lavrov over \u2018Russian military buildup\u2019 in Syria  #Russia #SyriaCrisis #JohnKerry   ",
        "tweets.hashtags":"['Russia', 'SyriaCrisis', 'JohnKerry']",
        "tweets.user_mentions":"['PressTV']",
        "tweets.urls":"['http:\/\/ptv.io\/1x22']",
        "tweets.user_name":"CameliaFard",
        "tweets.followers_count":23176,
        "topics.title":"Kerry: US plans military talks with Russia over Syria"
    },
    {
        "topic":"bb487a6c-0c13-4a30-a22b-bd865fef9f01",
        "tweetID":641924210030329857,
        "relevancy":1,
        "tweets.created_at":"2015-10-09T10:40:32.000Z",
        "tweets.full_text":"Russian Foreign Minister #Lavrov says #Russia sends military equipment and humanitarian aid on flights to #Syria.  ",
        "tweets.hashtags":"['Lavrov', 'Russia', 'Syria']",
        "tweets.user_mentions":"[]",
        "tweets.urls":"[]",
        "tweets.user_name":"LBCI_News_EN",
        "tweets.followers_count":116880,
        "topics.title":"Kerry: US plans military talks with Russia over Syria"
    },
    {
        "topic":"bb487a6c-0c13-4a30-a22b-bd865fef9f01",
        "tweetID":641962594509701121,
        "relevancy":1,
        "tweets.created_at":"2015-10-09T13:13:04.000Z",
        "tweets.full_text":"#Russian Foreign Minister Lavrov Admits #Russia Flying Military Aid to   Syria  #news.  ",
        "tweets.hashtags":"['Russian', 'Russia', 'news']",
        "tweets.user_mentions":"[]",
        "tweets.urls":"['http:\/\/tmt-go.ru\/529888']",
        "tweets.user_name":"MoscowTimes",
        "tweets.followers_count":140456,
        "topics.title":"Kerry: US plans military talks with Russia over Syria"
    },
    {
        "topic":"bb487a6c-0c13-4a30-a22b-bd865fef9f01",
        "tweetID":642274061561688064,
        "relevancy":2,
        "tweets.created_at":"2015-11-09T09:50:43.000Z",
        "tweets.full_text":"Lavrov says #Russia ready to re-open coordination between Russian and #US military to avoid unintended incidents over #Syria.  ",
        "tweets.hashtags":"['Russia', 'US', 'Syria']",
        "tweets.user_mentions":"[]",
        "tweets.urls":"[]",
        "tweets.user_name":"LBCI_News_EN",
        "tweets.followers_count":116880,
        "topics.title":"Kerry: US plans military talks with Russia over Syria"
    },
    {
        "topic":"bb487a6c-0c13-4a30-a22b-bd865fef9f01",
        "tweetID":642480303760498688,
        "relevancy":1,
        "tweets.created_at":"2015-11-09T23:30:15.000Z",
        "tweets.full_text":"Barack Obama says Russias involvement in Syria indicates Bashar al-Assad is worried    ",
        "tweets.hashtags":"[]",
        "tweets.user_mentions":"[]",
        "tweets.urls":"['http:\/\/www.ndtv.com\/world-news\/barack-obama-says-russias-involvement-in-syria-indicates-bashar-al-assad-is-worried-1216766']",
        "tweets.user_name":"ndtv",
        "tweets.followers_count":14553127,
        "topics.title":"Kerry: US plans military talks with Russia over Syria"
    },
    {
        "topic":"bb487a6c-0c13-4a30-a22b-bd865fef9f01",
        "tweetID":643013434787807233,
        "relevancy":1,
        "tweets.created_at":"2015-09-13T10:48:44.000Z",
        "tweets.full_text":"#Lavrov says #Russia to continue military supplies to #Syria - Interfax.  ",
        "tweets.hashtags":"['Lavrov', 'Russia', 'Syria']",
        "tweets.user_mentions":"[]",
        "tweets.urls":"[]",
        "tweets.user_name":"LBCI_News_EN",
        "tweets.followers_count":116880,
        "topics.title":"Kerry: US plans military talks with Russia over Syria"
    },
    {
        "topic":"bb487a6c-0c13-4a30-a22b-bd865fef9f01",
        "tweetID":644188902807371776,
        "relevancy":2,
        "tweets.created_at":"2015-09-16T16:39:37.000Z",
        "tweets.full_text":"US Secretary of State John Kerry says Russia has proposed military-to-military talks with US on Syria | via   ",
        "tweets.hashtags":"[]",
        "tweets.user_mentions":"['AP']",
        "tweets.urls":"[]",
        "tweets.user_name":"gmanews",
        "tweets.followers_count":5849733,
        "topics.title":"Kerry: US plans military talks with Russia over Syria"
    },
    {
        "topic":"bb487a6c-0c13-4a30-a22b-bd865fef9f01",
        "tweetID":644189422171353088,
        "relevancy":2,
        "tweets.created_at":"2015-09-16T16:41:41.000Z",
        "tweets.full_text":"Secretary of State Kerry says Russia has proposed military-to-military talks with US on Syria.  ",
        "tweets.hashtags":"[]",
        "tweets.user_mentions":"['AP']",
        "tweets.urls":"[]",
        "tweets.user_name":"SiobhanDowling",
        "tweets.followers_count":7153,
        "topics.title":"Kerry: US plans military talks with Russia over Syria"
    },
    {
        "topic":"bb487a6c-0c13-4a30-a22b-bd865fef9f01",
        "tweetID":644189801273499648,
        "relevancy":2,
        "tweets.created_at":"2015-09-16T16:43:11.000Z",
        "tweets.full_text":"(AP) - Secretary of State Kerry says Russia has proposed military-to-military talks with US on Syria.  ",
        "tweets.hashtags":"[]",
        "tweets.user_mentions":"[]",
        "tweets.urls":"[]",
        "tweets.user_name":"wbaltv11",
        "tweets.followers_count":273353,
        "topics.title":"Kerry: US plans military talks with Russia over Syria"
    },
    {
        "topic":"bb487a6c-0c13-4a30-a22b-bd865fef9f01",
        "tweetID":644189946698465280,
        "relevancy":2,
        "tweets.created_at":"2015-09-16T16:43:46.000Z",
        "tweets.full_text":"WASHINGTON (AP) - Secretary of State Kerry says Russia has proposed military-to-military talks with US on Syria ..  ",
        "tweets.hashtags":"[]",
        "tweets.user_mentions":"[]",
        "tweets.urls":"[]",
        "tweets.user_name":"ZekeJMiller",
        "tweets.followers_count":255408,
        "topics.title":"Kerry: US plans military talks with Russia over Syria"
    },
    {
        "topic":"bb487a6c-0c13-4a30-a22b-bd865fef9f01",
        "tweetID":644190323669864448,
        "relevancy":2,
        "tweets.created_at":"2015-09-16T16:45:16.000Z",
        "tweets.full_text":"Russia has proposed military-to-military talks with US on Syria #Cavuto   ",
        "tweets.hashtags":"['Cavuto']",
        "tweets.user_mentions":"['TeamCavuto', 'FoxBusiness']",
        "tweets.urls":"[]",
        "tweets.user_name":"edhenry",
        "tweets.followers_count":323878,
        "topics.title":"Kerry: US plans military talks with Russia over Syria"
    },
    {
        "topic":"bb487a6c-0c13-4a30-a22b-bd865fef9f01",
        "tweetID":644191233783504896,
        "relevancy":2,
        "tweets.created_at":"2015-09-16T16:48:53.000Z",
        "tweets.full_text":"WASHINGTON (AP) - Secretary of State Kerry says Russia has proposed military-to-military talks with US on Syria ..  ",
        "tweets.hashtags":"[]",
        "tweets.user_mentions":"['ZekeJMiller']",
        "tweets.urls":"[]",
        "tweets.user_name":"iduncan",
        "tweets.followers_count":9852,
        "topics.title":"Kerry: US plans military talks with Russia over Syria"
    },
    {
        "topic":"bb487a6c-0c13-4a30-a22b-bd865fef9f01",
        "tweetID":644191385676066816,
        "relevancy":2,
        "tweets.created_at":"2015-09-16T16:49:29.000Z",
        "tweets.full_text":"WASHINGTON -- Secretary of State Kerry says Russia has proposed military-to-military talks with US on Syria ..  ",
        "tweets.hashtags":"[]",
        "tweets.user_mentions":"[]",
        "tweets.urls":"[]",
        "tweets.user_name":"FOX5Atlanta",
        "tweets.followers_count":630370,
        "topics.title":"Kerry: US plans military talks with Russia over Syria"
    },
    {
        "topic":"bb487a6c-0c13-4a30-a22b-bd865fef9f01",
        "tweetID":644197900310958080,
        "relevancy":2,
        "tweets.created_at":"2015-09-16T17:15:22.000Z",
        "tweets.full_text":"Kerry says Russia proposed U.S.-Russia military talks on Syria   ",
        "tweets.hashtags":"[]",
        "tweets.user_mentions":"[]",
        "tweets.urls":"['http:\/\/reut.rs\/1NxtsXe']",
        "tweets.user_name":"ReutersWorld",
        "tweets.followers_count":324382,
        "topics.title":"Kerry: US plans military talks with Russia over Syria"
    },
    {
        "topic":"bb487a6c-0c13-4a30-a22b-bd865fef9f01",
        "tweetID":644199454422122496,
        "relevancy":2,
        "tweets.created_at":"2015-09-16T17:21:33.000Z",
        "tweets.full_text":"Kerry says Russia proposed U.S.-Russia military talks on Syria   ",
        "tweets.hashtags":"[]",
        "tweets.user_mentions":"[]",
        "tweets.urls":"['http:\/\/www.reuters.com\/article\/idUSKCN0RG2CJ20150916']",
        "tweets.user_name":"DanWilliams",
        "tweets.followers_count":15307,
        "topics.title":"Kerry: US plans military talks with Russia over Syria"
    },
    {
        "topic":"bb487a6c-0c13-4a30-a22b-bd865fef9f01",
        "tweetID":644207241952907264,
        "relevancy":2,
        "tweets.created_at":"2015-09-16T17:52:29.000Z",
        "tweets.full_text":"Kerry Says #Russia Proposed U.S.-#Russia Military Talks on Syria  #news.  ",
        "tweets.hashtags":"['Russia', 'Russia', 'news']",
        "tweets.user_mentions":"[]",
        "tweets.urls":"['http:\/\/tmt-go.ru\/531238']",
        "tweets.user_name":"MoscowTimes",
        "tweets.followers_count":140456,
        "topics.title":"Kerry: US plans military talks with Russia over Syria"
    },
    {
        "topic":"bb487a6c-0c13-4a30-a22b-bd865fef9f01",
        "tweetID":644225082374651904,
        "relevancy":2,
        "tweets.created_at":"2015-09-16T19:03:23.000Z",
        "tweets.full_text":"Kerry says Russia proposed U.S.-Russia military talks on Syria | Reuters   ",
        "tweets.hashtags":"[]",
        "tweets.user_mentions":"[]",
        "tweets.urls":"['http:\/\/mobile.reuters.com\/article\/newsOne\/idUSKCN0RG2CJ20150916']",
        "tweets.user_name":"Hugodixon",
        "tweets.followers_count":40323,
        "topics.title":"Kerry: US plans military talks with Russia over Syria"
    },
    {
        "topic":"bb487a6c-0c13-4a30-a22b-bd865fef9f01",
        "tweetID":644869202277478401,
        "relevancy":2,
        "tweets.created_at":"2015-09-18T13:42:53.000Z",
        "tweets.full_text":"U.S. sees military talks with Russia on Syria as important next step: Kerry   ",
        "tweets.hashtags":"[]",
        "tweets.user_mentions":"[]",
        "tweets.urls":"['http:\/\/reut.rs\/1KVw6Y4']",
        "tweets.user_name":"Reuters",
        "tweets.followers_count":23027537,
        "topics.title":"Kerry: US plans military talks with Russia over Syria"
    },
    {
        "topic":"bb487a6c-0c13-4a30-a22b-bd865fef9f01",
        "tweetID":644869757183860736,
        "relevancy":2,
        "tweets.created_at":"2015-09-18T13:45:05.000Z",
        "tweets.full_text":"Kerry   ",
        "tweets.hashtags":"[]",
        "tweets.user_mentions":"['Reuters']",
        "tweets.urls":"['http:\/\/reut.rs\/1KVw6Y4']",
        "tweets.user_name":"ukrpravda_news",
        "tweets.followers_count":875317,
        "topics.title":"Kerry: US plans military talks with Russia over Syria"
    },
    {
        "topic":"bb487a6c-0c13-4a30-a22b-bd865fef9f01",
        "tweetID":644870237557555200,
        "relevancy":2,
        "tweets.created_at":"2015-09-18T13:47:00.000Z",
        "tweets.full_text":"US-Russian military talks on Syria could take place very shortly, Secretary of State John Kerry says   ",
        "tweets.hashtags":"[]",
        "tweets.user_mentions":"[]",
        "tweets.urls":"['http:\/\/bbc.in\/1UZPSRA']",
        "tweets.user_name":"BBCBreaking",
        "tweets.followers_count":47325688,
        "topics.title":"Kerry: US plans military talks with Russia over Syria"
    },
    {
        "topic":"bb487a6c-0c13-4a30-a22b-bd865fef9f01",
        "tweetID":644870916955086848,
        "relevancy":2,
        "tweets.created_at":"2015-09-18T13:49:42.000Z",
        "tweets.full_text":"U.S. Sees Military Talks With #Russia on Syria as Important Next Step -   Kerry  #news.  ",
        "tweets.hashtags":"['Russia', 'news']",
        "tweets.user_mentions":"[]",
        "tweets.urls":"['http:\/\/tmt-go.ru\/531680']",
        "tweets.user_name":"MoscowTimes",
        "tweets.followers_count":140456,
        "topics.title":"Kerry: US plans military talks with Russia over Syria"
    },
    {
        "topic":"bb487a6c-0c13-4a30-a22b-bd865fef9f01",
        "tweetID":644873021912653824,
        "relevancy":2,
        "tweets.created_at":"2015-09-18T13:58:04.000Z",
        "tweets.full_text":"U.S. sees military talks with Russia on Syria as important next step: Kerry  via   ",
        "tweets.hashtags":"[]",
        "tweets.user_mentions":"['Reuters']",
        "tweets.urls":"['http:\/\/reut.rs\/1MgIoY2']",
        "tweets.user_name":"divini_bg",
        "tweets.followers_count":4267,
        "topics.title":"Kerry: US plans military talks with Russia over Syria"
    },
    {
        "topic":"bb487a6c-0c13-4a30-a22b-bd865fef9f01",
        "tweetID":644874410382487552,
        "relevancy":2,
        "tweets.created_at":"2015-09-18T14:03:35.000Z",
        "tweets.full_text":"US-Russian military talks on Syria could take place very shortly, Secretary of State John Kerry says.  ",
        "tweets.hashtags":"[]",
        "tweets.user_mentions":"['yeh1a']",
        "tweets.urls":"[]",
        "tweets.user_name":"arash_tehran",
        "tweets.followers_count":25245,
        "topics.title":"Kerry: US plans military talks with Russia over Syria"
    },
    {
        "topic":"bb487a6c-0c13-4a30-a22b-bd865fef9f01",
        "tweetID":644875926854103040,
        "relevancy":2,
        "tweets.created_at":"2015-09-18T14:09:36.000Z",
        "tweets.full_text":"Kerry: US plans military talks with Russia over Syria   ",
        "tweets.hashtags":"[]",
        "tweets.user_mentions":"[]",
        "tweets.urls":"['http:\/\/bit.ly\/1gxsUnf']",
        "tweets.user_name":"newsobserver",
        "tweets.followers_count":221983,
        "topics.title":"Kerry: US plans military talks with Russia over Syria"
    },
    {
        "topic":"bb487a6c-0c13-4a30-a22b-bd865fef9f01",
        "tweetID":644882954083143681,
        "relevancy":2,
        "tweets.created_at":"2015-09-18T14:37:32.000Z",
        "tweets.full_text":"U.S. sees military talks with Russia on Syria as important next step: Kerry   ",
        "tweets.hashtags":"[]",
        "tweets.user_mentions":"[]",
        "tweets.urls":"['http:\/\/www.reuters.com\/article\/idUSKCN0RI1HN20150918']",
        "tweets.user_name":"DanWilliams",
        "tweets.followers_count":15307,
        "topics.title":"Kerry: US plans military talks with Russia over Syria"
    },
    {
        "topic":"bb487a6c-0c13-4a30-a22b-bd865fef9f01",
        "tweetID":644889511466520577,
        "relevancy":2,
        "tweets.created_at":"2015-09-18T15:03:35.000Z",
        "tweets.full_text":"#US sees military talks with #Russia on #Syria as important next step -Kerry |  ",
        "tweets.hashtags":"['US', 'Russia', 'Syria']",
        "tweets.user_mentions":"[]",
        "tweets.urls":"['http:\/\/w.lbci.com\/1YkckJD']",
        "tweets.user_name":"LBCI_News_EN",
        "tweets.followers_count":116880,
        "topics.title":"Kerry: US plans military talks with Russia over Syria"
    },
    {
        "topic":"bb487a6c-0c13-4a30-a22b-bd865fef9f01",
        "tweetID":644895241569464320,
        "relevancy":2,
        "tweets.created_at":"2015-09-18T15:26:21.000Z",
        "tweets.full_text":"US-Russia military talks to begin soon amid Russian military buildup in Syria   ",
        "tweets.hashtags":"[]",
        "tweets.user_mentions":"[]",
        "tweets.urls":"['http:\/\/trib.al\/RS2sou7']",
        "tweets.user_name":"GuardianUS",
        "tweets.followers_count":205732,
        "topics.title":"Kerry: US plans military talks with Russia over Syria"
    },
    {
        "topic":"bb487a6c-0c13-4a30-a22b-bd865fef9f01",
        "tweetID":644899967941767168,
        "relevancy":2,
        "tweets.created_at":"2015-09-18T15:45:08.000Z",
        "tweets.full_text":"#Kerry: #Obama believes military talks on #Syria with #Russia is important     ",
        "tweets.hashtags":"['Kerry', 'Obama', 'Syria', 'Russia']",
        "tweets.user_mentions":"[]",
        "tweets.urls":"['http:\/\/ara.tv\/87eyq']",
        "tweets.user_name":"AlArabiya_Eng",
        "tweets.followers_count":877783,
        "topics.title":"Kerry: US plans military talks with Russia over Syria"
    },
    {
        "topic":"bb487a6c-0c13-4a30-a22b-bd865fef9f01",
        "tweetID":644900874708516865,
        "relevancy":2,
        "tweets.created_at":"2015-09-18T15:48:44.000Z",
        "tweets.full_text":"Kerry: U.S. plans to engage in military talks with Russia over Syria:    ",
        "tweets.hashtags":"[]",
        "tweets.user_mentions":"[]",
        "tweets.urls":"['http:\/\/on.nbc6.com\/Wp2auQJ']",
        "tweets.user_name":"nbc6",
        "tweets.followers_count":307157,
        "topics.title":"Kerry: US plans military talks with Russia over Syria"
    },
    {
        "topic":"bb487a6c-0c13-4a30-a22b-bd865fef9f01",
        "tweetID":645595862526132224,
        "relevancy":1,
        "tweets.created_at":"2015-09-20T13:50:22.000Z",
        "tweets.full_text":"Concern, bargaining, anger depression then acceptance.   Barack Obamas 5 stages of dealing with Russia..  ",
        "tweets.hashtags":"[]",
        "tweets.user_mentions":"['DarthPutinKGB']",
        "tweets.urls":"[]",
        "tweets.user_name":"RyskeldiSatke",
        "tweets.followers_count":4180,
        "topics.title":"Kerry: US plans military talks with Russia over Syria"
    },
    {
        "topic":"bb487a6c-0c13-4a30-a22b-bd865fef9f01",
        "tweetID":645649892510203904,
        "relevancy":1,
        "tweets.created_at":"2015-09-20T17:25:04.000Z",
        "tweets.full_text":"Russia military backing for Syria counterproductive: Kerry   ",
        "tweets.hashtags":"[]",
        "tweets.user_mentions":"[]",
        "tweets.urls":"['http:\/\/bit.ly\/1FVw1vM']",
        "tweets.user_name":"DailyStarLeb",
        "tweets.followers_count":71198,
        "topics.title":"Kerry: US plans military talks with Russia over Syria"
    },
    {
        "topic":"bb487a6c-0c13-4a30-a22b-bd865fef9f01",
        "tweetID":648535799462432768,
        "relevancy":2,
        "tweets.created_at":"2015-09-28T16:32:38.000Z",
        "tweets.full_text":"US President Barack Obama Says: \u2018The Worlds 2 Largest Democracies Have Common Principles\u2019 #InsideAmerica.  ",
        "tweets.hashtags":"['InsideAmerica']",
        "tweets.user_mentions":"[]",
        "tweets.urls":"[]",
        "tweets.user_name":"CNBCTV18Live",
        "tweets.followers_count":958525,
        "topics.title":"Kerry: US plans military talks with Russia over Syria"
    },
    {
        "topic":"bb487a6c-0c13-4a30-a22b-bd865fef9f01",
        "tweetID":648654006839984129,
        "relevancy":1,
        "tweets.created_at":"2015-09-29T00:22:21.000Z",
        "tweets.full_text":"World \u203a Obama, Putin clash over differences on Syria: U.S. President Barack Obama and Russian President Vladim...   ",
        "tweets.hashtags":"[]",
        "tweets.user_mentions":"[]",
        "tweets.urls":"['http:\/\/bit.ly\/1jrWIn6']",
        "tweets.user_name":"JapanToday",
        "tweets.followers_count":120723,
        "topics.title":"Kerry: US plans military talks with Russia over Syria"
    },
    {
        "topic":"bb487a6c-0c13-4a30-a22b-bd865fef9f01",
        "tweetID":648870650526826496,
        "relevancy":1,
        "tweets.created_at":"2015-09-29T14:43:13.000Z",
        "tweets.full_text":"Obama and Putin: Awkward moments, few breakthroughs: U.S. President Barack Obama and Russian President Vladimi...   ",
        "tweets.hashtags":"[]",
        "tweets.user_mentions":"[]",
        "tweets.urls":"['http:\/\/bit.ly\/1LMtGtG']",
        "tweets.user_name":"BN9",
        "tweets.followers_count":370641,
        "topics.title":"Kerry: US plans military talks with Russia over Syria"
    },
    {
        "topic":"bb487a6c-0c13-4a30-a22b-bd865fef9f01",
        "tweetID":649345748107046912,
        "relevancy":2,
        "tweets.created_at":"2015-09-30T22:11:05.000Z",
        "tweets.full_text":"John Kerry: We will hold an urgent military meeting with #Russia about #Syria..  ",
        "tweets.hashtags":"['Russia', 'Syria']",
        "tweets.user_mentions":"[]",
        "tweets.urls":"[]",
        "tweets.user_name":"BarzanSadiq",
        "tweets.followers_count":22093,
        "topics.title":"Kerry: US plans military talks with Russia over Syria"
    }
]