[
    {
        "topic":"b28a79e8-1cd5-459e-875e-1a8ac11319d3",
        "tweetID":646016279409762304,
        "relevancy":1,
        "tweets.created_at":"2015-09-21T17:40:58.000Z",
        "tweets.full_text":"Review: Apple Watch improves with new software   ",
        "tweets.hashtags":"[]",
        "tweets.user_mentions":"[]",
        "tweets.urls":"['http:\/\/kiro.tv\/1Kv5Jm3']",
        "tweets.user_name":"KIRO7Seattle",
        "tweets.followers_count":442141,
        "topics.title":"New CSI Software Apple Watch App Offers Breakthrough Digital Experience for Health and Fitness Clubs"
    },
    {
        "topic":"b28a79e8-1cd5-459e-875e-1a8ac11319d3",
        "tweetID":640526819754700800,
        "relevancy":1,
        "tweets.created_at":"2015-06-09T14:07:48.000Z",
        "tweets.full_text":"Is there maybe a  Apple Watch app on the horizon Would be great to have critical CTL, TSB and PMC data available as a Glance..  ",
        "tweets.hashtags":"[]",
        "tweets.user_mentions":"['TrainingPeaks']",
        "tweets.urls":"[]",
        "tweets.user_name":"gregcress",
        "tweets.followers_count":381,
        "topics.title":"New CSI Software Apple Watch App Offers Breakthrough Digital Experience for Health and Fitness Clubs"
    },
    {
        "topic":"b28a79e8-1cd5-459e-875e-1a8ac11319d3",
        "tweetID":641659494351695872,
        "relevancy":1,
        "tweets.created_at":"2015-09-09T17:08:39.000Z",
        "tweets.full_text":"Apple already has 10,000 apps for Apple Watch on the App Store.  ",
        "tweets.hashtags":"[]",
        "tweets.user_mentions":"[]",
        "tweets.urls":"[]",
        "tweets.user_name":"xpangler",
        "tweets.followers_count":14288,
        "topics.title":"New CSI Software Apple Watch App Offers Breakthrough Digital Experience for Health and Fitness Clubs"
    },
    {
        "topic":"b28a79e8-1cd5-459e-875e-1a8ac11319d3",
        "tweetID":641659913165344768,
        "relevancy":1,
        "tweets.created_at":"2015-09-09T17:10:19.000Z",
        "tweets.full_text":"Facebook Messenger, GoPro, iTranslate, and the medtech app AirStrip are all new for the Apple Watch. #DTApple   ",
        "tweets.hashtags":"['DTApple']",
        "tweets.user_mentions":"['AndyBoxall']",
        "tweets.urls":"[]",
        "tweets.user_name":"DigitalTrends",
        "tweets.followers_count":2094358,
        "topics.title":"New CSI Software Apple Watch App Offers Breakthrough Digital Experience for Health and Fitness Clubs"
    },
    {
        "topic":"b28a79e8-1cd5-459e-875e-1a8ac11319d3",
        "tweetID":641661733845770240,
        "relevancy":1,
        "tweets.created_at":"2015-09-09T17:17:33.000Z",
        "tweets.full_text":"Apple announces major update to the Apple Watch for September 16th    ",
        "tweets.hashtags":"[]",
        "tweets.user_mentions":"[]",
        "tweets.urls":"['http:\/\/www.theverge.com\/2015\/9\/9\/9295821\/apple-watch-watchos-2-release-date-download?utm_campaign=theverge&utm_content=chorus&utm_medium=social&utm_source=twitter']",
        "tweets.user_name":"verge",
        "tweets.followers_count":2766513,
        "topics.title":"New CSI Software Apple Watch App Offers Breakthrough Digital Experience for Health and Fitness Clubs"
    },
    {
        "topic":"b28a79e8-1cd5-459e-875e-1a8ac11319d3",
        "tweetID":643797352646639616,
        "relevancy":1,
        "tweets.created_at":"2015-09-15T14:43:44.000Z",
        "tweets.full_text":"Bank of America adds Touch ID and Apple Watch support to mobile banking app    ",
        "tweets.hashtags":"[]",
        "tweets.user_mentions":"[]",
        "tweets.urls":"['http:\/\/9to5mac.com\/2015\/09\/15\/bank-of-america-touch-id-apple-watch\/']",
        "tweets.user_name":"9to5mac",
        "tweets.followers_count":632418,
        "topics.title":"New CSI Software Apple Watch App Offers Breakthrough Digital Experience for Health and Fitness Clubs"
    },
    {
        "topic":"b28a79e8-1cd5-459e-875e-1a8ac11319d3",
        "tweetID":644665495694741504,
        "relevancy":1,
        "tweets.created_at":"2015-09-18T00:13:26.000Z",
        "tweets.full_text":"Make FiOS TV your fitness buddy. On Demand offers a full range of health and fitness videos #FiOSPhilly.  ",
        "tweets.hashtags":"['FiOSPhilly']",
        "tweets.user_mentions":"['5cupcakes']",
        "tweets.urls":"[]",
        "tweets.user_name":"SeeMomClick",
        "tweets.followers_count":86368,
        "topics.title":"New CSI Software Apple Watch App Offers Breakthrough Digital Experience for Health and Fitness Clubs"
    },
    {
        "topic":"b28a79e8-1cd5-459e-875e-1a8ac11319d3",
        "tweetID":646098977155325952,
        "relevancy":1,
        "tweets.created_at":"2015-09-21T23:09:34.000Z",
        "tweets.full_text":"Review: Apple Watch improves with new software   ",
        "tweets.hashtags":"[]",
        "tweets.user_mentions":"[]",
        "tweets.urls":"['http:\/\/pbpo.st\/1iJW7gx']",
        "tweets.user_name":"pbpost",
        "tweets.followers_count":175719,
        "topics.title":"New CSI Software Apple Watch App Offers Breakthrough Digital Experience for Health and Fitness Clubs"
    },
    {
        "topic":"b28a79e8-1cd5-459e-875e-1a8ac11319d3",
        "tweetID":646130867052613632,
        "relevancy":1,
        "tweets.created_at":"2015-09-22T01:16:17.000Z",
        "tweets.full_text":"best frickin app.  ",
        "tweets.hashtags":"[]",
        "tweets.user_mentions":"[]",
        "tweets.urls":"[]",
        "tweets.user_name":"karengeier",
        "tweets.followers_count":26367,
        "topics.title":"New CSI Software Apple Watch App Offers Breakthrough Digital Experience for Health and Fitness Clubs"
    },
    {
        "topic":"b28a79e8-1cd5-459e-875e-1a8ac11319d3",
        "tweetID":646457573802029056,
        "relevancy":1,
        "tweets.created_at":"2015-09-22T22:54:30.000Z",
        "tweets.full_text":" Hey Scott, we do not currently anticipate updating our app for the new Apple Watch features. (1\/2).  ",
        "tweets.hashtags":"[]",
        "tweets.user_mentions":"['scottcase']",
        "tweets.urls":"[]",
        "tweets.user_name":"SouthwestAir",
        "tweets.followers_count":2130476,
        "topics.title":"New CSI Software Apple Watch App Offers Breakthrough Digital Experience for Health and Fitness Clubs"
    }
]