{
    "topic":"5d4e4fbf-b220-4f42-aed5-153725b27070",
    "topics.content":"Delta State Governor Ifeanyi Okowa has called on oil companies operating in the state to create employment for the people in their host communities to foster sustainable cooperation and conducive environment. Speaking on Monday in Asaba when\u00a0 the management of AGIP Oil Company Limited, led by its General Manager, Palio Carnivale, paid him a visit, Okowa said that oil companies ....  ",
    "topics.title":"Okowa Urges Oil Companies To Create Jobs In Host Communities",
    "topics.media-type":"News",
    "topics.source":"LatestNigerian.com",
    "topics.published":"2015-07-09T21:13:35.000Z",
    "topic_tweets":11,
    "tweets.created_at_initial":"2015-02-09 04:46:33",
    "tweets.created_at_final":"2015-09-28 07:14:53",
    "tweets.time_interval":231.0
}