[
    {
        "topic":"5d4e4fbf-b220-4f42-aed5-153725b27070",
        "tweetID":638936021799841792,
        "relevancy":1,
        "tweets.created_at":"2015-02-09T04:46:33.000Z",
        "tweets.full_text":"Sector Update: Oil marketing companies will be positively impacted by drop in crude oil prices.  ",
        "tweets.hashtags":"[]",
        "tweets.user_mentions":"[]",
        "tweets.urls":"[]",
        "tweets.user_name":"MotilalOswalLtd",
        "tweets.followers_count":91159,
        "topics.title":"Okowa Urges Oil Companies To Create Jobs In Host Communities"
    },
    {
        "topic":"5d4e4fbf-b220-4f42-aed5-153725b27070",
        "tweetID":640793658309087233,
        "relevancy":2,
        "tweets.created_at":"2015-07-09T07:48:08.000Z",
        "tweets.full_text":"UPDATED: MNR Authorizes Payments to the Exporting International Oil Companies    ",
        "tweets.hashtags":"[]",
        "tweets.user_mentions":"['MNRKurdistan']",
        "tweets.urls":"['http:\/\/mnr.krg.org\/index.php\/en\/press-releases\/480-mnr-authorizes-payments-to-the-exporting-international-oil-companies']",
        "tweets.user_name":"MNRKurdistan",
        "tweets.followers_count":18040,
        "topics.title":"Okowa Urges Oil Companies To Create Jobs In Host Communities"
    },
    {
        "topic":"5d4e4fbf-b220-4f42-aed5-153725b27070",
        "tweetID":640835182547849216,
        "relevancy":1,
        "tweets.created_at":"2015-07-09T10:33:08.000Z",
        "tweets.full_text":"Have oil companies learnt from Niger Delta crisis  speaks to  #resourcepol    ",
        "tweets.hashtags":"['resourcepol']",
        "tweets.user_mentions":"['IDS_UK', 'JeremyLind2', 'ChadCeleste', 'ConversationEDU']",
        "tweets.urls":"[]",
        "tweets.user_name":"ChadCeleste",
        "tweets.followers_count":8350,
        "topics.title":"Okowa Urges Oil Companies To Create Jobs In Host Communities"
    },
    {
        "topic":"5d4e4fbf-b220-4f42-aed5-153725b27070",
        "tweetID":640903040476704768,
        "relevancy":1,
        "tweets.created_at":"2015-07-09T15:02:46.000Z",
        "tweets.full_text":"Efforts to indigenize oil and gas sector in turmoil: Efforts by government to ensure that the oil and gas sect...   ",
        "tweets.hashtags":"[]",
        "tweets.user_mentions":"[]",
        "tweets.urls":"['http:\/\/bit.ly\/1OrBAqV']",
        "tweets.user_name":"modernghanaweb",
        "tweets.followers_count":35052,
        "topics.title":"Okowa Urges Oil Companies To Create Jobs In Host Communities"
    },
    {
        "topic":"5d4e4fbf-b220-4f42-aed5-153725b27070",
        "tweetID":644992066150363137,
        "relevancy":1,
        "tweets.created_at":"2015-09-18T21:51:06.000Z",
        "tweets.full_text":"Its unfortunate that host communities of oil companies that are making profits live in this kind of situation.   ",
        "tweets.hashtags":"[]",
        "tweets.user_mentions":"['MKabrik']",
        "tweets.urls":"[]",
        "tweets.user_name":"AishaYesufu",
        "tweets.followers_count":763328,
        "topics.title":"Okowa Urges Oil Companies To Create Jobs In Host Communities"
    },
    {
        "topic":"5d4e4fbf-b220-4f42-aed5-153725b27070",
        "tweetID":645467832646529024,
        "relevancy":2,
        "tweets.created_at":"2015-09-20T05:21:38.000Z",
        "tweets.full_text":"Every society needs viable opposition - Governor Okowa -   ",
        "tweets.hashtags":"[]",
        "tweets.user_mentions":"[]",
        "tweets.urls":"['http:\/\/dailypost.ng?p=299895&wt=4']",
        "tweets.user_name":"DailyPostNGR",
        "tweets.followers_count":1350330,
        "topics.title":"Okowa Urges Oil Companies To Create Jobs In Host Communities"
    },
    {
        "topic":"5d4e4fbf-b220-4f42-aed5-153725b27070",
        "tweetID":646021579609124864,
        "relevancy":2,
        "tweets.created_at":"2015-09-21T18:02:01.000Z",
        "tweets.full_text":"Okowa tasks oil firms on employment -     ",
        "tweets.hashtags":"[]",
        "tweets.user_mentions":"[]",
        "tweets.urls":"['http:\/\/www.ngrguardiannews.com\/2015\/09\/okowa-tasks-oil-firms-on-employment\/']",
        "tweets.user_name":"GuardianNigeria",
        "tweets.followers_count":2051959,
        "topics.title":"Okowa Urges Oil Companies To Create Jobs In Host Communities"
    },
    {
        "topic":"5d4e4fbf-b220-4f42-aed5-153725b27070",
        "tweetID":646100156698509312,
        "relevancy":2,
        "tweets.created_at":"2015-09-21T23:14:15.000Z",
        "tweets.full_text":"Okowa tasks oil firms on employment -     ",
        "tweets.hashtags":"[]",
        "tweets.user_mentions":"[]",
        "tweets.urls":"['http:\/\/www.ngrguardiannews.com\/2015\/09\/okowa-tasks-oil-firms-on-employment-2\/']",
        "tweets.user_name":"GuardianNigeria",
        "tweets.followers_count":2051959,
        "topics.title":"Okowa Urges Oil Companies To Create Jobs In Host Communities"
    },
    {
        "topic":"5d4e4fbf-b220-4f42-aed5-153725b27070",
        "tweetID":646100167888908288,
        "relevancy":2,
        "tweets.created_at":"2015-09-21T23:14:18.000Z",
        "tweets.full_text":"Okowa tasks oil firms on employment -     ",
        "tweets.hashtags":"[]",
        "tweets.user_mentions":"[]",
        "tweets.urls":"['http:\/\/www.ngrguardiannews.com\/2015\/09\/okowa-tasks-oil-firms-on-employment-2\/']",
        "tweets.user_name":"GuardianNigeria",
        "tweets.followers_count":2051959,
        "topics.title":"Okowa Urges Oil Companies To Create Jobs In Host Communities"
    },
    {
        "topic":"5d4e4fbf-b220-4f42-aed5-153725b27070",
        "tweetID":648335025029693441,
        "relevancy":1,
        "tweets.created_at":"2015-09-28T03:14:50.000Z",
        "tweets.full_text":"Im not a go-slow Governor - Okowa -   ",
        "tweets.hashtags":"[]",
        "tweets.user_mentions":"[]",
        "tweets.urls":"['http:\/\/dailypost.ng?p=302808&wt=3']",
        "tweets.user_name":"DailyPostNGR",
        "tweets.followers_count":1350330,
        "topics.title":"Okowa Urges Oil Companies To Create Jobs In Host Communities"
    },
    {
        "topic":"5d4e4fbf-b220-4f42-aed5-153725b27070",
        "tweetID":648395438974889984,
        "relevancy":2,
        "tweets.created_at":"2015-09-28T07:14:53.000Z",
        "tweets.full_text":"Im not a go-slow Governor - Okowa -   ",
        "tweets.hashtags":"[]",
        "tweets.user_mentions":"[]",
        "tweets.urls":"['http:\/\/dailypost.ng?p=302808&wt=4']",
        "tweets.user_name":"DailyPostNGR",
        "tweets.followers_count":1350330,
        "topics.title":"Okowa Urges Oil Companies To Create Jobs In Host Communities"
    }
]