[
    {
        "topic":"1e8e36b3-ffbc-4618-b9f8-687ac4ec9883",
        "tweetID":648669410907963392,
        "relevancy":2,
        "tweets.created_at":"2015-09-29T01:23:33.000Z",
        "tweets.full_text":"Ex-Princeton student sentenced to 5 years for mailroom drug bust   ",
        "tweets.hashtags":"[]",
        "tweets.user_mentions":"[]",
        "tweets.urls":"['http:\/\/dlvr.it\/CHslP0']",
        "tweets.user_name":"TimesofTrenton",
        "tweets.followers_count":12400,
        "topics.title":"Asking the Most Difficult Question: Are You an Addict?"
    },
    {
        "topic":"1e8e36b3-ffbc-4618-b9f8-687ac4ec9883",
        "tweetID":639055087294398464,
        "relevancy":2,
        "tweets.created_at":"2015-02-09T12:39:40.000Z",
        "tweets.full_text":"Glad to see  is discussing an issue that affects all communities: the epidemic of drug addiction   ",
        "tweets.hashtags":"[]",
        "tweets.user_mentions":"['HillaryClinton']",
        "tweets.urls":"['https:\/\/twitter.com\/HillaryClinton\/status\/639045828745670660']",
        "tweets.user_name":"markpoloncarz",
        "tweets.followers_count":41994,
        "topics.title":"Asking the Most Difficult Question: Are You an Addict?"
    },
    {
        "topic":"1e8e36b3-ffbc-4618-b9f8-687ac4ec9883",
        "tweetID":639094021483200512,
        "relevancy":2,
        "tweets.created_at":"2015-02-09T15:14:23.000Z",
        "tweets.full_text":"LDS addiction recovery video: Preston\u2019s story about drug addiction recovery | Deseret News   ",
        "tweets.hashtags":"[]",
        "tweets.user_mentions":"[]",
        "tweets.urls":"['http:\/\/desne.ws\/PRjpYm']",
        "tweets.user_name":"DeseretNews",
        "tweets.followers_count":106970,
        "topics.title":"Asking the Most Difficult Question: Are You an Addict?"
    },
    {
        "topic":"1e8e36b3-ffbc-4618-b9f8-687ac4ec9883",
        "tweetID":639111491292123136,
        "relevancy":1,
        "tweets.created_at":"2015-02-09T16:23:48.000Z",
        "tweets.full_text":"  exactly! Creates a new addiction and then feeds it. Like heroin dealers.  ",
        "tweets.hashtags":"[]",
        "tweets.user_mentions":"['MelanieHannah']",
        "tweets.urls":"[]",
        "tweets.user_name":"Aerocles",
        "tweets.followers_count":12018,
        "topics.title":"Asking the Most Difficult Question: Are You an Addict?"
    },
    {
        "topic":"1e8e36b3-ffbc-4618-b9f8-687ac4ec9883",
        "tweetID":639128428868988928,
        "relevancy":2,
        "tweets.created_at":"2015-02-09T17:31:06.000Z",
        "tweets.full_text":"Are you a  addict Are you a runway addict If you said yes to both, follow  before #NYFW:   ",
        "tweets.hashtags":"['NYFW']",
        "tweets.user_mentions":"['Pinterest', 'voguemagazine']",
        "tweets.urls":"['http:\/\/vogue.cm\/1JNBVzQ']",
        "tweets.user_name":"VogueRunway",
        "tweets.followers_count":2095471,
        "topics.title":"Asking the Most Difficult Question: Are You an Addict?"
    },
    {
        "topic":"1e8e36b3-ffbc-4618-b9f8-687ac4ec9883",
        "tweetID":639242288040771584,
        "relevancy":1,
        "tweets.created_at":"2015-03-09T01:03:32.000Z",
        "tweets.full_text":"Illinois House Leaders Override Governors Veto On Heroin Addiction Bill   ",
        "tweets.hashtags":"[]",
        "tweets.user_mentions":"[]",
        "tweets.urls":"['http:\/\/n.pr\/1hVkFCS']",
        "tweets.user_name":"NPRHealth",
        "tweets.followers_count":1046632,
        "topics.title":"Asking the Most Difficult Question: Are You an Addict?"
    },
    {
        "topic":"1e8e36b3-ffbc-4618-b9f8-687ac4ec9883",
        "tweetID":639948834886561792,
        "relevancy":2,
        "tweets.created_at":"2015-04-09T23:51:06.000Z",
        "tweets.full_text":"addiction is addiction  RT   That doesnt count. Lol.  ",
        "tweets.hashtags":"[]",
        "tweets.user_mentions":"['IamTriple', 'angiemartinez']",
        "tweets.urls":"[]",
        "tweets.user_name":"angiemartinez",
        "tweets.followers_count":1034479,
        "topics.title":"Asking the Most Difficult Question: Are You an Addict?"
    },
    {
        "topic":"1e8e36b3-ffbc-4618-b9f8-687ac4ec9883",
        "tweetID":640246300873613312,
        "relevancy":2,
        "tweets.created_at":"2015-05-09T19:33:07.000Z",
        "tweets.full_text":"LDS addiction recovery video: Jessica\u2019s story about food addiction    ",
        "tweets.hashtags":"[]",
        "tweets.user_mentions":"[]",
        "tweets.urls":"['http:\/\/www.deseretnews.com\/article\/865636076\/LDS-addiction-recovery-video-Jessica7s-story-about-food-addiction.html']",
        "tweets.user_name":"DeseretNews",
        "tweets.followers_count":106970,
        "topics.title":"Asking the Most Difficult Question: Are You an Addict?"
    },
    {
        "topic":"1e8e36b3-ffbc-4618-b9f8-687ac4ec9883",
        "tweetID":640538854617927681,
        "relevancy":2,
        "tweets.created_at":"2015-06-09T14:55:38.000Z",
        "tweets.full_text":"Is internet addiction a disease My eye-opening interview w\/ the director of  -    ",
        "tweets.hashtags":"[]",
        "tweets.user_mentions":"['WebJunkieMovie']",
        "tweets.urls":"['http:\/\/ow.ly\/RB8J7']",
        "tweets.user_name":"drsanjaygupta",
        "tweets.followers_count":2567714,
        "topics.title":"Asking the Most Difficult Question: Are You an Addict?"
    },
    {
        "topic":"1e8e36b3-ffbc-4618-b9f8-687ac4ec9883",
        "tweetID":640590296359669760,
        "relevancy":2,
        "tweets.created_at":"2015-06-09T18:20:02.000Z",
        "tweets.full_text":"LDS addiction recovery video: Arams story about drug addiction     ",
        "tweets.hashtags":"[]",
        "tweets.user_mentions":"[]",
        "tweets.urls":"['http:\/\/www.deseretnews.com\/article\/865636079\/LDS-addiction-recovery-video-Arams-story-about-drug-addiction.html']",
        "tweets.user_name":"DeseretNews",
        "tweets.followers_count":106970,
        "topics.title":"Asking the Most Difficult Question: Are You an Addict?"
    },
    {
        "topic":"1e8e36b3-ffbc-4618-b9f8-687ac4ec9883",
        "tweetID":640818892785496064,
        "relevancy":2,
        "tweets.created_at":"2015-07-09T09:28:24.000Z",
        "tweets.full_text":"Professional Video Gaming May Have an Underage Gambling Problem  #games #videogames #mondayblogs #addiction.  ",
        "tweets.hashtags":"['games', 'videogames', 'mondayblogs', 'addiction']",
        "tweets.user_mentions":"[]",
        "tweets.urls":"['http:\/\/tinyurl.com\/otgs6uc']",
        "tweets.user_name":"TURTLEGIRL73",
        "tweets.followers_count":11460,
        "topics.title":"Asking the Most Difficult Question: Are You an Addict?"
    },
    {
        "topic":"1e8e36b3-ffbc-4618-b9f8-687ac4ec9883",
        "tweetID":640818916877582340,
        "relevancy":2,
        "tweets.created_at":"2015-07-09T09:28:30.000Z",
        "tweets.full_text":"Professional Video Gaming May Have an Underage Gambling Problem  #games #videogames #mondayblogs #addiction.  ",
        "tweets.hashtags":"['games', 'videogames', 'mondayblogs', 'addiction']",
        "tweets.user_mentions":"[]",
        "tweets.urls":"['http:\/\/tinyurl.com\/otgs6uc']",
        "tweets.user_name":"GirlGamersUK",
        "tweets.followers_count":2401,
        "topics.title":"Asking the Most Difficult Question: Are You an Addict?"
    },
    {
        "topic":"1e8e36b3-ffbc-4618-b9f8-687ac4ec9883",
        "tweetID":641283899939782657,
        "relevancy":2,
        "tweets.created_at":"2015-08-09T16:16:10.000Z",
        "tweets.full_text":"LDS addiction recovery video: Hollys story about drug addiction    ",
        "tweets.hashtags":"[]",
        "tweets.user_mentions":"[]",
        "tweets.urls":"['http:\/\/desne.ws\/1LQUf8']",
        "tweets.user_name":"DeseretNews",
        "tweets.followers_count":106970,
        "topics.title":"Asking the Most Difficult Question: Are You an Addict?"
    },
    {
        "topic":"1e8e36b3-ffbc-4618-b9f8-687ac4ec9883",
        "tweetID":641336473816424450,
        "relevancy":2,
        "tweets.created_at":"2015-08-09T19:45:05.000Z",
        "tweets.full_text":"LDS addiction recovery video: Larrys story about drug addiction     ",
        "tweets.hashtags":"[]",
        "tweets.user_mentions":"[]",
        "tweets.urls":"['http:\/\/www.deseretnews.com\/article\/865636295\/LDS-addiction-recovery-video-Larrys-story-about-drug-addiction.html']",
        "tweets.user_name":"DeseretNews",
        "tweets.followers_count":106970,
        "topics.title":"Asking the Most Difficult Question: Are You an Addict?"
    },
    {
        "topic":"1e8e36b3-ffbc-4618-b9f8-687ac4ec9883",
        "tweetID":641683762422525952,
        "relevancy":2,
        "tweets.created_at":"2015-09-09T18:45:05.000Z",
        "tweets.full_text":"Treating heroin addiction as a chronic condition:    ",
        "tweets.hashtags":"[]",
        "tweets.user_mentions":"[]",
        "tweets.urls":"['http:\/\/wbur.fm\/1EO4Isy']",
        "tweets.user_name":"WBUR",
        "tweets.followers_count":89204,
        "topics.title":"Asking the Most Difficult Question: Are You an Addict?"
    },
    {
        "topic":"1e8e36b3-ffbc-4618-b9f8-687ac4ec9883",
        "tweetID":641859979704696832,
        "relevancy":1,
        "tweets.created_at":"2015-10-09T06:25:19.000Z",
        "tweets.full_text":"  Hi Ronald. Are you going to Switzerland because of your running addiction #Jungfraumarathon ^RSO.  ",
        "tweets.hashtags":"['Jungfraumarathon']",
        "tweets.user_mentions":"['RonaldVelten']",
        "tweets.urls":"[]",
        "tweets.user_name":"Schiphol",
        "tweets.followers_count":97015,
        "topics.title":"Asking the Most Difficult Question: Are You an Addict?"
    },
    {
        "topic":"1e8e36b3-ffbc-4618-b9f8-687ac4ec9883",
        "tweetID":642061266672979970,
        "relevancy":2,
        "tweets.created_at":"2015-10-09T19:45:09.000Z",
        "tweets.full_text":"#LDS addiction recovery video: Adrienne\u2019s story about cocaine addiction    ",
        "tweets.hashtags":"['LDS']",
        "tweets.user_mentions":"[]",
        "tweets.urls":"['http:\/\/www.deseretnews.com\/article\/865636466\/LDS-addiction-recovery-video-Adrienne7s-story-about-cocaine-addiction.html']",
        "tweets.user_name":"DeseretNews",
        "tweets.followers_count":106970,
        "topics.title":"Asking the Most Difficult Question: Are You an Addict?"
    },
    {
        "topic":"1e8e36b3-ffbc-4618-b9f8-687ac4ec9883",
        "tweetID":642866192831614976,
        "relevancy":2,
        "tweets.created_at":"2015-09-13T01:03:38.000Z",
        "tweets.full_text":"Everything you thought you knew about addiction is wrong \u2013 and your government is lying to you.   ",
        "tweets.hashtags":"[]",
        "tweets.user_mentions":"[]",
        "tweets.urls":"['http:\/\/www.watoday.com.au\/national\/chasing-the-scream-author-johann-hari-explains-why-we-cant-win-the-war-on-ice-20150911-gjkqjt.html']",
        "tweets.user_name":"WAtoday",
        "tweets.followers_count":111377,
        "topics.title":"Asking the Most Difficult Question: Are You an Addict?"
    },
    {
        "topic":"1e8e36b3-ffbc-4618-b9f8-687ac4ec9883",
        "tweetID":642899149910843392,
        "relevancy":2,
        "tweets.created_at":"2015-09-13T03:14:36.000Z",
        "tweets.full_text":"Missin Matt walk in Milford brings awareness to heroin addiction   ",
        "tweets.hashtags":"[]",
        "tweets.user_mentions":"[]",
        "tweets.urls":"['http:\/\/ift.tt\/1K4v9qD']",
        "tweets.user_name":"metrowestdaily",
        "tweets.followers_count":20436,
        "topics.title":"Asking the Most Difficult Question: Are You an Addict?"
    },
    {
        "topic":"1e8e36b3-ffbc-4618-b9f8-687ac4ec9883",
        "tweetID":643051614694154241,
        "relevancy":2,
        "tweets.created_at":"2015-09-13T13:20:26.000Z",
        "tweets.full_text":"And yes, I know I have a faux fur addiction....  ",
        "tweets.hashtags":"[]",
        "tweets.user_mentions":"[]",
        "tweets.urls":"[]",
        "tweets.user_name":"amylawrenson",
        "tweets.followers_count":14098,
        "topics.title":"Asking the Most Difficult Question: Are You an Addict?"
    },
    {
        "topic":"1e8e36b3-ffbc-4618-b9f8-687ac4ec9883",
        "tweetID":643230044538699776,
        "relevancy":2,
        "tweets.created_at":"2015-09-14T01:09:27.000Z",
        "tweets.full_text":"Drug and alcohol addiction is a disease, not a moral failing\u2014and we must treat it as such..  ",
        "tweets.hashtags":"[]",
        "tweets.user_mentions":"[]",
        "tweets.urls":"[]",
        "tweets.user_name":"HillaryClinton",
        "tweets.followers_count":30668923,
        "topics.title":"Asking the Most Difficult Question: Are You an Addict?"
    },
    {
        "topic":"1e8e36b3-ffbc-4618-b9f8-687ac4ec9883",
        "tweetID":643237836901056512,
        "relevancy":2,
        "tweets.created_at":"2015-09-14T01:40:25.000Z",
        "tweets.full_text":"Drug and alcohol addiction is a disease, not a moral failing\u2014and we must treat it as such..  ",
        "tweets.hashtags":"[]",
        "tweets.user_mentions":"['HillaryClinton']",
        "tweets.urls":"[]",
        "tweets.user_name":"caterinatweets",
        "tweets.followers_count":279581,
        "topics.title":"Asking the Most Difficult Question: Are You an Addict?"
    },
    {
        "topic":"1e8e36b3-ffbc-4618-b9f8-687ac4ec9883",
        "tweetID":643461975498981376,
        "relevancy":2,
        "tweets.created_at":"2015-09-14T16:31:04.000Z",
        "tweets.full_text":"Bambi Kohler: Ex-coach tackles heroin #addiction head on   ",
        "tweets.hashtags":"['addiction']",
        "tweets.user_mentions":"[]",
        "tweets.urls":"['http:\/\/ow.ly\/SaNOL']",
        "tweets.user_name":"TimesHeraldPA",
        "tweets.followers_count":12789,
        "topics.title":"Asking the Most Difficult Question: Are You an Addict?"
    },
    {
        "topic":"1e8e36b3-ffbc-4618-b9f8-687ac4ec9883",
        "tweetID":643854585426247680,
        "relevancy":2,
        "tweets.created_at":"2015-09-15T18:31:10.000Z",
        "tweets.full_text":"Bambi Kohler: Ex-coach tackles heroin #addiction head on   ",
        "tweets.hashtags":"['addiction']",
        "tweets.user_mentions":"[]",
        "tweets.urls":"['http:\/\/ow.ly\/SaNQJ']",
        "tweets.user_name":"TimesHeraldPA",
        "tweets.followers_count":12789,
        "topics.title":"Asking the Most Difficult Question: Are You an Addict?"
    },
    {
        "topic":"1e8e36b3-ffbc-4618-b9f8-687ac4ec9883",
        "tweetID":644895388365926400,
        "relevancy":2,
        "tweets.created_at":"2015-09-18T15:26:56.000Z",
        "tweets.full_text":"Clinton says addiction is an issue I have elevated to the top tier of my campaign..  ",
        "tweets.hashtags":"[]",
        "tweets.user_mentions":"[]",
        "tweets.urls":"[]",
        "tweets.user_name":"anniekarni",
        "tweets.followers_count":142486,
        "topics.title":"Asking the Most Difficult Question: Are You an Addict?"
    },
    {
        "topic":"1e8e36b3-ffbc-4618-b9f8-687ac4ec9883",
        "tweetID":645500698013138944,
        "relevancy":2,
        "tweets.created_at":"2015-09-20T07:32:13.000Z",
        "tweets.full_text":"QUESTION OF THE DAY.  WHAT IS THAT ADDICTION THAT YOU TRYING TO BREAK FROM  #BROKENADDICTION.  ",
        "tweets.hashtags":"['BROKENADDICTION']",
        "tweets.user_mentions":"['ntvcrossover101']",
        "tweets.urls":"[]",
        "tweets.user_name":"ntvkenya",
        "tweets.followers_count":2789729,
        "topics.title":"Asking the Most Difficult Question: Are You an Addict?"
    },
    {
        "topic":"1e8e36b3-ffbc-4618-b9f8-687ac4ec9883",
        "tweetID":645506137924747264,
        "relevancy":2,
        "tweets.created_at":"2015-09-20T07:53:50.000Z",
        "tweets.full_text":"QUESTION OF THE DAY.  WHAT IS THIS ADDICTION THAT YOU TRYING TO BREAK IN  #BROKENADDICTION.  ",
        "tweets.hashtags":"['BROKENADDICTION']",
        "tweets.user_mentions":"['ntvcrossover101']",
        "tweets.urls":"[]",
        "tweets.user_name":"ntvkenya",
        "tweets.followers_count":2789729,
        "topics.title":"Asking the Most Difficult Question: Are You an Addict?"
    },
    {
        "topic":"1e8e36b3-ffbc-4618-b9f8-687ac4ec9883",
        "tweetID":645506518532628480,
        "relevancy":2,
        "tweets.created_at":"2015-09-20T07:55:21.000Z",
        "tweets.full_text":"What is that addiction that you are trying to break from #BrokenAddiction   #CrossOver101.  ",
        "tweets.hashtags":"['BrokenAddiction', 'CrossOver101']",
        "tweets.user_mentions":"['faithmuturi', 'DJMOKENYA']",
        "tweets.urls":"[]",
        "tweets.user_name":"ntvkenya",
        "tweets.followers_count":2789729,
        "topics.title":"Asking the Most Difficult Question: Are You an Addict?"
    },
    {
        "topic":"1e8e36b3-ffbc-4618-b9f8-687ac4ec9883",
        "tweetID":645552231844986880,
        "relevancy":2,
        "tweets.created_at":"2015-09-20T10:57:00.000Z",
        "tweets.full_text":"Heroin addiction ended in a lonely death   ",
        "tweets.hashtags":"[]",
        "tweets.user_mentions":"[]",
        "tweets.urls":"['http:\/\/bit.ly\/1OI9da9']",
        "tweets.user_name":"DispatchAlerts",
        "tweets.followers_count":194194,
        "topics.title":"Asking the Most Difficult Question: Are You an Addict?"
    },
    {
        "topic":"1e8e36b3-ffbc-4618-b9f8-687ac4ec9883",
        "tweetID":645599262135484416,
        "relevancy":2,
        "tweets.created_at":"2015-09-20T14:03:53.000Z",
        "tweets.full_text":"Yes. STEM addiction.   ",
        "tweets.hashtags":"[]",
        "tweets.user_mentions":"['bumpyjonasdc']",
        "tweets.urls":"[]",
        "tweets.user_name":"jelani9",
        "tweets.followers_count":368903,
        "topics.title":"Asking the Most Difficult Question: Are You an Addict?"
    },
    {
        "topic":"1e8e36b3-ffbc-4618-b9f8-687ac4ec9883",
        "tweetID":646202296163004416,
        "relevancy":2,
        "tweets.created_at":"2015-09-22T06:00:07.000Z",
        "tweets.full_text":"Are you an addict     ",
        "tweets.hashtags":"[]",
        "tweets.user_mentions":"[]",
        "tweets.urls":"['http:\/\/bit.ly\/1gILclo']",
        "tweets.user_name":"goop",
        "tweets.followers_count":103431,
        "topics.title":"Asking the Most Difficult Question: Are You an Addict?"
    },
    {
        "topic":"1e8e36b3-ffbc-4618-b9f8-687ac4ec9883",
        "tweetID":646679645035864064,
        "relevancy":1,
        "tweets.created_at":"2015-09-23T13:36:56.000Z",
        "tweets.full_text":" We support this addiction..  ",
        "tweets.hashtags":"[]",
        "tweets.user_mentions":"['KarieWrites']",
        "tweets.urls":"[]",
        "tweets.user_name":"NakedAndAfraid",
        "tweets.followers_count":75834,
        "topics.title":"Asking the Most Difficult Question: Are You an Addict?"
    },
    {
        "topic":"1e8e36b3-ffbc-4618-b9f8-687ac4ec9883",
        "tweetID":648691549686005761,
        "relevancy":2,
        "tweets.created_at":"2015-09-29T02:51:32.000Z",
        "tweets.full_text":"This week  brings awareness to addiction with the best of the best,  and    ",
        "tweets.hashtags":"[]",
        "tweets.user_mentions":"['DrDrewPodcast', 'taraconner']",
        "tweets.urls":"[]",
        "tweets.user_name":"drdrew",
        "tweets.followers_count":2709416,
        "topics.title":"Asking the Most Difficult Question: Are You an Addict?"
    },
    {
        "topic":"1e8e36b3-ffbc-4618-b9f8-687ac4ec9883",
        "tweetID":648867943162466304,
        "relevancy":2,
        "tweets.created_at":"2015-09-29T14:32:27.000Z",
        "tweets.full_text":"I added a video to a  playlist  Gambling Addiction by Thuto-Lesedi Secondary.  ",
        "tweets.hashtags":"[]",
        "tweets.user_mentions":"['YouTube']",
        "tweets.urls":"['http:\/\/youtu.be\/fRZdqsVFNRc?a']",
        "tweets.user_name":"iSchoolAfrica",
        "tweets.followers_count":4323,
        "topics.title":"Asking the Most Difficult Question: Are You an Addict?"
    },
    {
        "topic":"1e8e36b3-ffbc-4618-b9f8-687ac4ec9883",
        "tweetID":648867943191838720,
        "relevancy":2,
        "tweets.created_at":"2015-09-29T14:32:27.000Z",
        "tweets.full_text":"I added a video to a  playlist  Addiction to social media by Sijabulile Secondary.  ",
        "tweets.hashtags":"[]",
        "tweets.user_mentions":"['YouTube']",
        "tweets.urls":"['http:\/\/youtu.be\/pLHaam9bL0A?a']",
        "tweets.user_name":"iSchoolAfrica",
        "tweets.followers_count":4323,
        "topics.title":"Asking the Most Difficult Question: Are You an Addict?"
    },
    {
        "topic":"1e8e36b3-ffbc-4618-b9f8-687ac4ec9883",
        "tweetID":648911737979314176,
        "relevancy":1,
        "tweets.created_at":"2015-09-29T17:26:29.000Z",
        "tweets.full_text":"Burger is a beast for Namibia! #TONvNAM.  ",
        "tweets.hashtags":"['TONvNAM']",
        "tweets.user_mentions":"[]",
        "tweets.urls":"[]",
        "tweets.user_name":"vanpalmero",
        "tweets.followers_count":395,
        "topics.title":"Asking the Most Difficult Question: Are You an Addict?"
    },
    {
        "topic":"1e8e36b3-ffbc-4618-b9f8-687ac4ec9883",
        "tweetID":648988474201149440,
        "relevancy":1,
        "tweets.created_at":"2015-09-29T22:31:24.000Z",
        "tweets.full_text":"Attorneys General Urge Passage of the Comprehensive Addiction and Recovery Act of 2015 to Address Natio...  #rigov.  ",
        "tweets.hashtags":"['rigov']",
        "tweets.user_mentions":"[]",
        "tweets.urls":"['http:\/\/1.usa.gov\/1KPZzw0']",
        "tweets.user_name":"rigov",
        "tweets.followers_count":34136,
        "topics.title":"Asking the Most Difficult Question: Are You an Addict?"
    },
    {
        "topic":"1e8e36b3-ffbc-4618-b9f8-687ac4ec9883",
        "tweetID":648989267075600385,
        "relevancy":2,
        "tweets.created_at":"2015-09-29T22:34:33.000Z",
        "tweets.full_text":"Mental health and addiction in Oklahoma: Numbers to know    ",
        "tweets.hashtags":"[]",
        "tweets.user_mentions":"[]",
        "tweets.urls":"['http:\/\/newsok.com\/article\/5450243?utm_source=NewsOK.com&utm_medium=Social&utm_campaign=ShareBar-Twitter']",
        "tweets.user_name":"jaclyncosgrove",
        "tweets.followers_count":6333,
        "topics.title":"Asking the Most Difficult Question: Are You an Addict?"
    },
    {
        "topic":"1e8e36b3-ffbc-4618-b9f8-687ac4ec9883",
        "tweetID":649194628382617600,
        "relevancy":2,
        "tweets.created_at":"2015-09-30T12:10:35.000Z",
        "tweets.full_text":"Harvard experts explain the rise of heroin addiction in the United States   ",
        "tweets.hashtags":"[]",
        "tweets.user_mentions":"[]",
        "tweets.urls":"['http:\/\/hvrd.me\/SOAqD']",
        "tweets.user_name":"Harvard",
        "tweets.followers_count":1198145,
        "topics.title":"Asking the Most Difficult Question: Are You an Addict?"
    }
]