[
    {
        "topic":"07db84bd-ac51-4821-a47a-c656dd1a2f96",
        "tweetID":638850200988061696,
        "relevancy":1,
        "tweets.created_at":"2015-01-09T23:05:31.000Z",
        "tweets.full_text":"Warri Refinery stockpiles\u00a0crude    ",
        "tweets.hashtags":"[]",
        "tweets.user_mentions":"[]",
        "tweets.urls":"['http:\/\/thenewsnigeria.com.ng\/2015\/09\/warri-refinery-stockpiles-crude\/']",
        "tweets.user_name":"thenewsnigeria",
        "tweets.followers_count":62269,
        "topics.title":"Research and Markets: Spain Crude Oil Refinery Outlook to 2020"
    },
    {
        "topic":"07db84bd-ac51-4821-a47a-c656dd1a2f96",
        "tweetID":638902057580138496,
        "relevancy":1,
        "tweets.created_at":"2015-02-09T02:31:35.000Z",
        "tweets.full_text":"Market Cues: Crude Tanks On US Oil Inventory &amp; Manufacturing Data: BRENT CRUDE 48.69 -1.76% #CNBCTV18Market.  ",
        "tweets.hashtags":"['CNBCTV18Market']",
        "tweets.user_mentions":"[]",
        "tweets.urls":"[]",
        "tweets.user_name":"CNBCTV18Live",
        "tweets.followers_count":958525,
        "topics.title":"Research and Markets: Spain Crude Oil Refinery Outlook to 2020"
    },
    {
        "topic":"07db84bd-ac51-4821-a47a-c656dd1a2f96",
        "tweetID":638905765630115840,
        "relevancy":1,
        "tweets.created_at":"2015-02-09T02:46:19.000Z",
        "tweets.full_text":"Market Cues: Crude Tanks On US Oil Inventory &amp; Manufacturing Data: BRENT CRUDE 48.71 -1.72% #CNBCTV18Market.  ",
        "tweets.hashtags":"['CNBCTV18Market']",
        "tweets.user_mentions":"[]",
        "tweets.urls":"[]",
        "tweets.user_name":"CNBCTV18Live",
        "tweets.followers_count":958525,
        "topics.title":"Research and Markets: Spain Crude Oil Refinery Outlook to 2020"
    },
    {
        "topic":"07db84bd-ac51-4821-a47a-c656dd1a2f96",
        "tweetID":638924433009192961,
        "relevancy":1,
        "tweets.created_at":"2015-02-09T04:00:30.000Z",
        "tweets.full_text":"Oil market outlook : Japex president optimistic on crude prices   ",
        "tweets.hashtags":"[]",
        "tweets.user_mentions":"[]",
        "tweets.urls":"['http:\/\/s.nikkei.com\/1Jx83IT']",
        "tweets.user_name":"NikkeiAsia",
        "tweets.followers_count":231640,
        "topics.title":"Research and Markets: Spain Crude Oil Refinery Outlook to 2020"
    },
    {
        "topic":"07db84bd-ac51-4821-a47a-c656dd1a2f96",
        "tweetID":638962806042267648,
        "relevancy":1,
        "tweets.created_at":"2015-02-09T06:32:58.000Z",
        "tweets.full_text":"JUST IN: Cabinet okays auction of 69 small and marginal oil fields of ONGC, OIL; 116 discovered oil fields remained unutilized: Oil Minister.  ",
        "tweets.hashtags":"[]",
        "tweets.user_mentions":"[]",
        "tweets.urls":"[]",
        "tweets.user_name":"EconomicTimes",
        "tweets.followers_count":3827801,
        "topics.title":"Research and Markets: Spain Crude Oil Refinery Outlook to 2020"
    },
    {
        "topic":"07db84bd-ac51-4821-a47a-c656dd1a2f96",
        "tweetID":638963411372503040,
        "relevancy":1,
        "tweets.created_at":"2015-02-09T06:35:23.000Z",
        "tweets.full_text":"Oil Minister  116 discovered oil fields remain unutilized..  ",
        "tweets.hashtags":"[]",
        "tweets.user_mentions":"['dpradhanbjp']",
        "tweets.urls":"[]",
        "tweets.user_name":"BTVI",
        "tweets.followers_count":385820,
        "topics.title":"Research and Markets: Spain Crude Oil Refinery Outlook to 2020"
    },
    {
        "topic":"07db84bd-ac51-4821-a47a-c656dd1a2f96",
        "tweetID":638967515331170304,
        "relevancy":1,
        "tweets.created_at":"2015-02-09T06:51:41.000Z",
        "tweets.full_text":"Oil Minister Says: Cabinet Decision On Revenue Sharing Of Oil Fields Is A Paradigm Shift: Oil India 452.95 +0.12%   ",
        "tweets.hashtags":"[]",
        "tweets.user_mentions":"['CNBCTV18Live']",
        "tweets.urls":"[]",
        "tweets.user_name":"CNBCTV18Live",
        "tweets.followers_count":958525,
        "topics.title":"Research and Markets: Spain Crude Oil Refinery Outlook to 2020"
    },
    {
        "topic":"07db84bd-ac51-4821-a47a-c656dd1a2f96",
        "tweetID":638967852603674624,
        "relevancy":1,
        "tweets.created_at":"2015-02-09T06:53:02.000Z",
        "tweets.full_text":"Oil Minister Says: Auction Process Of 69 Oil Fields Will Start Within 3 Months: Oil India 453.00 +0.13%   ",
        "tweets.hashtags":"[]",
        "tweets.user_mentions":"['CNBCTV18Live']",
        "tweets.urls":"[]",
        "tweets.user_name":"CNBCTV18Live",
        "tweets.followers_count":958525,
        "topics.title":"Research and Markets: Spain Crude Oil Refinery Outlook to 2020"
    },
    {
        "topic":"07db84bd-ac51-4821-a47a-c656dd1a2f96",
        "tweetID":638968529056718848,
        "relevancy":1,
        "tweets.created_at":"2015-02-09T06:55:43.000Z",
        "tweets.full_text":"Oil Minister Says: 69 Oil &amp; Gas Fields Discovered Have Been Lying Idle: Oil India 458.40 +1.33%   ",
        "tweets.hashtags":"[]",
        "tweets.user_mentions":"['CNBCTV18Live']",
        "tweets.urls":"[]",
        "tweets.user_name":"CNBCTV18Live",
        "tweets.followers_count":958525,
        "topics.title":"Research and Markets: Spain Crude Oil Refinery Outlook to 2020"
    },
    {
        "topic":"07db84bd-ac51-4821-a47a-c656dd1a2f96",
        "tweetID":638970629178437632,
        "relevancy":1,
        "tweets.created_at":"2015-02-09T07:04:04.000Z",
        "tweets.full_text":"Oil Minister Says: 69 Oil &amp; Gas Fields Discovered Have Been Lying Idle: Oil India 458.00 +1.24%   ",
        "tweets.hashtags":"[]",
        "tweets.user_mentions":"['CNBCTV18Live']",
        "tweets.urls":"[]",
        "tweets.user_name":"CNBCTV18Live",
        "tweets.followers_count":958525,
        "topics.title":"Research and Markets: Spain Crude Oil Refinery Outlook to 2020"
    },
    {
        "topic":"07db84bd-ac51-4821-a47a-c656dd1a2f96",
        "tweetID":638971011468161024,
        "relevancy":1,
        "tweets.created_at":"2015-02-09T07:05:35.000Z",
        "tweets.full_text":"Oil Minister Says: 69 Oil &amp; Gas Fields Discovered Have Been Lying Idle: Oil India 459.65 +1.60%   ",
        "tweets.hashtags":"[]",
        "tweets.user_mentions":"['CNBCTV18Live']",
        "tweets.urls":"[]",
        "tweets.user_name":"CNBCTV18Live",
        "tweets.followers_count":958525,
        "topics.title":"Research and Markets: Spain Crude Oil Refinery Outlook to 2020"
    },
    {
        "topic":"07db84bd-ac51-4821-a47a-c656dd1a2f96",
        "tweetID":639075847194963968,
        "relevancy":1,
        "tweets.created_at":"2015-02-09T14:02:10.000Z",
        "tweets.full_text":"Would exporting more crude oil affect prices   ",
        "tweets.hashtags":"[]",
        "tweets.user_mentions":"[]",
        "tweets.urls":"['http:\/\/ow.ly\/RFk9Q']",
        "tweets.user_name":"theadvertiser",
        "tweets.followers_count":39122,
        "topics.title":"Research and Markets: Spain Crude Oil Refinery Outlook to 2020"
    },
    {
        "topic":"07db84bd-ac51-4821-a47a-c656dd1a2f96",
        "tweetID":639128419557638146,
        "relevancy":1,
        "tweets.created_at":"2015-02-09T17:31:04.000Z",
        "tweets.full_text":"HFTs adding crude oil liquidity.  ",
        "tweets.hashtags":"[]",
        "tweets.user_mentions":"[]",
        "tweets.urls":"[]",
        "tweets.user_name":"zerohedge",
        "tweets.followers_count":876786,
        "topics.title":"Research and Markets: Spain Crude Oil Refinery Outlook to 2020"
    },
    {
        "topic":"07db84bd-ac51-4821-a47a-c656dd1a2f96",
        "tweetID":639873223266451456,
        "relevancy":1,
        "tweets.created_at":"2015-04-09T18:50:39.000Z",
        "tweets.full_text":"Research and Markets: Global and Chinese Palm Oil Industry Report 2015: Market Research Report on Global and C...   ",
        "tweets.hashtags":"[]",
        "tweets.user_mentions":"[]",
        "tweets.urls":"['http:\/\/bit.ly\/1JHGX47']",
        "tweets.user_name":"copyfxtrader",
        "tweets.followers_count":12048,
        "topics.title":"Research and Markets: Spain Crude Oil Refinery Outlook to 2020"
    },
    {
        "topic":"07db84bd-ac51-4821-a47a-c656dd1a2f96",
        "tweetID":640820132705619968,
        "relevancy":1,
        "tweets.created_at":"2015-07-09T09:33:20.000Z",
        "tweets.full_text":"OGA: Irrespective of the oil price, the UK offshore oil and gas industry needs to change.....  ",
        "tweets.hashtags":"[]",
        "tweets.user_mentions":"[]",
        "tweets.urls":"[]",
        "tweets.user_name":"Elaine_Maslin",
        "tweets.followers_count":4930,
        "topics.title":"Research and Markets: Spain Crude Oil Refinery Outlook to 2020"
    },
    {
        "topic":"07db84bd-ac51-4821-a47a-c656dd1a2f96",
        "tweetID":640851613331030016,
        "relevancy":1,
        "tweets.created_at":"2015-07-09T11:38:25.000Z",
        "tweets.full_text":"Global crude #oil prices fall..  ",
        "tweets.hashtags":"['oil']",
        "tweets.user_mentions":"['airnewsalerts']",
        "tweets.urls":"[]",
        "tweets.user_name":"autumnshade",
        "tweets.followers_count":15466,
        "topics.title":"Research and Markets: Spain Crude Oil Refinery Outlook to 2020"
    },
    {
        "topic":"07db84bd-ac51-4821-a47a-c656dd1a2f96",
        "tweetID":641564877925023744,
        "relevancy":1,
        "tweets.created_at":"2015-09-09T10:52:41.000Z",
        "tweets.full_text":"Mangalore Refinery to get Colombian oil by November, plans refinery upgrade   ",
        "tweets.hashtags":"[]",
        "tweets.user_mentions":"[]",
        "tweets.urls":"['http:\/\/mintne.ws\/1O0DcL4']",
        "tweets.user_name":"livemint",
        "tweets.followers_count":1941466,
        "topics.title":"Research and Markets: Spain Crude Oil Refinery Outlook to 2020"
    },
    {
        "topic":"07db84bd-ac51-4821-a47a-c656dd1a2f96",
        "tweetID":641926582249066496,
        "relevancy":2,
        "tweets.created_at":"2015-10-09T10:49:58.000Z",
        "tweets.full_text":"Hansen  #crude $OIL.  ",
        "tweets.hashtags":"['crude']",
        "tweets.user_mentions":"['TradingFloorcom']",
        "tweets.urls":"['http:\/\/ift.tt\/1OC8vsN']",
        "tweets.user_name":"anguswalkertalk",
        "tweets.followers_count":9835,
        "topics.title":"Research and Markets: Spain Crude Oil Refinery Outlook to 2020"
    },
    {
        "topic":"07db84bd-ac51-4821-a47a-c656dd1a2f96",
        "tweetID":641989748953849856,
        "relevancy":1,
        "tweets.created_at":"2015-10-09T15:00:58.000Z",
        "tweets.full_text":"DOE crude oil build: +2.57MM, Exp. +0.9MM.  ",
        "tweets.hashtags":"[]",
        "tweets.user_mentions":"[]",
        "tweets.urls":"[]",
        "tweets.user_name":"zerohedge",
        "tweets.followers_count":876786,
        "topics.title":"Research and Markets: Spain Crude Oil Refinery Outlook to 2020"
    },
    {
        "topic":"07db84bd-ac51-4821-a47a-c656dd1a2f96",
        "tweetID":643684355882242048,
        "relevancy":1,
        "tweets.created_at":"2015-09-15T07:14:44.000Z",
        "tweets.full_text":"Limp oil drifts despite Opec crowing  #crude $OIL.  ",
        "tweets.hashtags":"['crude']",
        "tweets.user_mentions":"['TradingFloorcom']",
        "tweets.urls":"['http:\/\/ift.tt\/1M8iPbP']",
        "tweets.user_name":"anguswalkertalk",
        "tweets.followers_count":9835,
        "topics.title":"Research and Markets: Spain Crude Oil Refinery Outlook to 2020"
    },
    {
        "topic":"07db84bd-ac51-4821-a47a-c656dd1a2f96",
        "tweetID":643796712306294784,
        "relevancy":2,
        "tweets.created_at":"2015-09-15T14:41:12.000Z",
        "tweets.full_text":"Research and Markets: Myanmar Oil and Gas Market Insight and Outlook - H2 2015 ... - Yahoo7 News  #Myanmar.  ",
        "tweets.hashtags":"['Myanmar']",
        "tweets.user_mentions":"[]",
        "tweets.urls":"['http:\/\/dlvr.it\/C92gT6']",
        "tweets.user_name":"AsiaPacNews",
        "tweets.followers_count":7866,
        "topics.title":"Research and Markets: Spain Crude Oil Refinery Outlook to 2020"
    },
    {
        "topic":"07db84bd-ac51-4821-a47a-c656dd1a2f96",
        "tweetID":644044548390449153,
        "relevancy":1,
        "tweets.created_at":"2015-09-16T07:06:00.000Z",
        "tweets.full_text":"1-International Space Station Research | 2-Crude Oil Exports | 3-FBI and Cybersecurity   ",
        "tweets.hashtags":"[]",
        "tweets.user_mentions":"[]",
        "tweets.urls":"['http:\/\/www.c-span.org\/schedule\/?utime=1442387160']",
        "tweets.user_name":"CSPANnow",
        "tweets.followers_count":5113,
        "topics.title":"Research and Markets: Spain Crude Oil Refinery Outlook to 2020"
    },
    {
        "topic":"07db84bd-ac51-4821-a47a-c656dd1a2f96",
        "tweetID":644434873080528896,
        "relevancy":1,
        "tweets.created_at":"2015-09-17T08:57:01.000Z",
        "tweets.full_text":"One part of #oil industry doing well in slump is refining and plants are running flat out |    ",
        "tweets.hashtags":"['oil']",
        "tweets.user_mentions":"['wenkennedy']",
        "tweets.urls":"['http:\/\/bloom.bg\/1F3gdwb']",
        "tweets.user_name":"markets",
        "tweets.followers_count":807940,
        "topics.title":"Research and Markets: Spain Crude Oil Refinery Outlook to 2020"
    },
    {
        "topic":"07db84bd-ac51-4821-a47a-c656dd1a2f96",
        "tweetID":644853683767914496,
        "relevancy":1,
        "tweets.created_at":"2015-09-18T12:41:13.000Z",
        "tweets.full_text":"Russia still sees no sense in cutting oil production jointly with #OPEC  #oil.  ",
        "tweets.hashtags":"['OPEC', 'oil']",
        "tweets.user_mentions":"[]",
        "tweets.urls":"['http:\/\/tass.ru\/en\/economy\/822151']",
        "tweets.user_name":"tassagency_en",
        "tweets.followers_count":60458,
        "topics.title":"Research and Markets: Spain Crude Oil Refinery Outlook to 2020"
    },
    {
        "topic":"07db84bd-ac51-4821-a47a-c656dd1a2f96",
        "tweetID":645201176179310593,
        "relevancy":1,
        "tweets.created_at":"2015-09-19T11:42:02.000Z",
        "tweets.full_text":"Groundnut oil strengthens on rising demand: Groundnut oil strengthens on rising demand ... Crude Palm Oil (Ex-...   ",
        "tweets.hashtags":"[]",
        "tweets.user_mentions":"[]",
        "tweets.urls":"['http:\/\/bit.ly\/1iXpxHS']",
        "tweets.user_name":"copyfxtrader",
        "tweets.followers_count":12048,
        "topics.title":"Research and Markets: Spain Crude Oil Refinery Outlook to 2020"
    },
    {
        "topic":"07db84bd-ac51-4821-a47a-c656dd1a2f96",
        "tweetID":645859593541824512,
        "relevancy":1,
        "tweets.created_at":"2015-09-21T07:18:21.000Z",
        "tweets.full_text":". filming at Petroineos Grangemouth refinery for BSLBTs \u2018The Secret Lab\u2019 crude oil and fossil fuels   ",
        "tweets.hashtags":"[]",
        "tweets.user_mentions":"['FLM_UK']",
        "tweets.urls":"[]",
        "tweets.user_name":"INEOS_GM",
        "tweets.followers_count":3964,
        "topics.title":"Research and Markets: Spain Crude Oil Refinery Outlook to 2020"
    },
    {
        "topic":"07db84bd-ac51-4821-a47a-c656dd1a2f96",
        "tweetID":645991010766618624,
        "relevancy":1,
        "tweets.created_at":"2015-09-21T16:00:33.000Z",
        "tweets.full_text":"  ",
        "tweets.hashtags":"['oil', 'EY']",
        "tweets.user_mentions":"['EY_OilGas']",
        "tweets.urls":"['http:\/\/spr.ly\/6019BJIjt']",
        "tweets.user_name":"EY_EmergingMkts",
        "tweets.followers_count":10474,
        "topics.title":"Research and Markets: Spain Crude Oil Refinery Outlook to 2020"
    },
    {
        "topic":"07db84bd-ac51-4821-a47a-c656dd1a2f96",
        "tweetID":646693128871747584,
        "relevancy":1,
        "tweets.created_at":"2015-09-23T14:30:31.000Z",
        "tweets.full_text":"DOE crude oil draw -1.925MM, Exp. -1.25MM, Last -2.1MM.  ",
        "tweets.hashtags":"[]",
        "tweets.user_mentions":"[]",
        "tweets.urls":"[]",
        "tweets.user_name":"zerohedge",
        "tweets.followers_count":876786,
        "topics.title":"Research and Markets: Spain Crude Oil Refinery Outlook to 2020"
    },
    {
        "topic":"07db84bd-ac51-4821-a47a-c656dd1a2f96",
        "tweetID":646888808378568704,
        "relevancy":2,
        "tweets.created_at":"2015-09-24T03:28:05.000Z",
        "tweets.full_text":"Report:  Asia-Pacific Hip Reconstruction Market Outlook to 2020: Research Report by ... -\u2026  #AsiaPacific.  ",
        "tweets.hashtags":"['AsiaPacific']",
        "tweets.user_mentions":"[]",
        "tweets.urls":"['http:\/\/dlvr.it\/CFS6Bg']",
        "tweets.user_name":"AsiaPacNews",
        "tweets.followers_count":7866,
        "topics.title":"Research and Markets: Spain Crude Oil Refinery Outlook to 2020"
    },
    {
        "topic":"07db84bd-ac51-4821-a47a-c656dd1a2f96",
        "tweetID":646968560892411904,
        "relevancy":1,
        "tweets.created_at":"2015-09-24T08:44:59.000Z",
        "tweets.full_text":"Refinery slowdown weighing on crude  #crude $OIL.  ",
        "tweets.hashtags":"['crude']",
        "tweets.user_mentions":"['TradingFloorcom']",
        "tweets.urls":"['http:\/\/ift.tt\/1FvJVtR']",
        "tweets.user_name":"anguswalkertalk",
        "tweets.followers_count":9835,
        "topics.title":"Research and Markets: Spain Crude Oil Refinery Outlook to 2020"
    },
    {
        "topic":"07db84bd-ac51-4821-a47a-c656dd1a2f96",
        "tweetID":647010755133468672,
        "relevancy":1,
        "tweets.created_at":"2015-09-24T11:32:39.000Z",
        "tweets.full_text":"Shanghai passes milestone in crude launch:  #crude #oil.  ",
        "tweets.hashtags":"['crude', 'oil']",
        "tweets.user_mentions":"[]",
        "tweets.urls":"['http:\/\/bit.ly\/1R2hUvh']",
        "tweets.user_name":"FOWgroup",
        "tweets.followers_count":3963,
        "topics.title":"Research and Markets: Spain Crude Oil Refinery Outlook to 2020"
    },
    {
        "topic":"07db84bd-ac51-4821-a47a-c656dd1a2f96",
        "tweetID":647064222623498240,
        "relevancy":1,
        "tweets.created_at":"2015-09-24T15:05:07.000Z",
        "tweets.full_text":"Grangemouth represents INEOS\u2019 largest manufacturing site by volume of products and is home to Petroineos, Scotland\u2019s only crude oil refinery.  ",
        "tweets.hashtags":"[]",
        "tweets.user_mentions":"[]",
        "tweets.urls":"[]",
        "tweets.user_name":"INEOS_GM",
        "tweets.followers_count":3964,
        "topics.title":"Research and Markets: Spain Crude Oil Refinery Outlook to 2020"
    },
    {
        "topic":"07db84bd-ac51-4821-a47a-c656dd1a2f96",
        "tweetID":647338246675017728,
        "relevancy":1,
        "tweets.created_at":"2015-09-25T09:13:59.000Z",
        "tweets.full_text":"Why crude oil prices are set for further collapse \u2013 DMO | Post-Nigeria   ",
        "tweets.hashtags":"[]",
        "tweets.user_mentions":"[]",
        "tweets.urls":"['http:\/\/ish.re\/RWYZ']",
        "tweets.user_name":"page36news",
        "tweets.followers_count":20526,
        "topics.title":"Research and Markets: Spain Crude Oil Refinery Outlook to 2020"
    },
    {
        "topic":"07db84bd-ac51-4821-a47a-c656dd1a2f96",
        "tweetID":647411654905479168,
        "relevancy":1,
        "tweets.created_at":"2015-09-25T14:05:41.000Z",
        "tweets.full_text":"Loonie and oil taking a timeout  #crude $OIL.  ",
        "tweets.hashtags":"['crude']",
        "tweets.user_mentions":"['TradingFloorcom']",
        "tweets.urls":"['http:\/\/ift.tt\/1YFk353']",
        "tweets.user_name":"anguswalkertalk",
        "tweets.followers_count":9835,
        "topics.title":"Research and Markets: Spain Crude Oil Refinery Outlook to 2020"
    },
    {
        "topic":"07db84bd-ac51-4821-a47a-c656dd1a2f96",
        "tweetID":647524204485611520,
        "relevancy":1,
        "tweets.created_at":"2015-09-25T21:32:55.000Z",
        "tweets.full_text":"CSIRO marine research ship hired to oil and gas companies BP and Chevron   ",
        "tweets.hashtags":"[]",
        "tweets.user_mentions":"[]",
        "tweets.urls":"['http:\/\/www.smh.com.au\/environment\/-gjuuiy.html']",
        "tweets.user_name":"LindaMottram",
        "tweets.followers_count":14577,
        "topics.title":"Research and Markets: Spain Crude Oil Refinery Outlook to 2020"
    },
    {
        "topic":"07db84bd-ac51-4821-a47a-c656dd1a2f96",
        "tweetID":647549788427161600,
        "relevancy":1,
        "tweets.created_at":"2015-09-25T23:14:35.000Z",
        "tweets.full_text":"Hibernia pleads not guilty to 2013 crude oil spill on Grand Banks   ",
        "tweets.hashtags":"[]",
        "tweets.user_mentions":"[]",
        "tweets.urls":"['http:\/\/www.cbc.ca\/news\/canada\/newfoundland-labrador\/hibernia-pleads-not-guilty-to-2013-crude-oil-spill-on-grand-banks-1.3244072?cmp=rss']",
        "tweets.user_name":"CBCNL",
        "tweets.followers_count":123181,
        "topics.title":"Research and Markets: Spain Crude Oil Refinery Outlook to 2020"
    },
    {
        "topic":"07db84bd-ac51-4821-a47a-c656dd1a2f96",
        "tweetID":648628319727026176,
        "relevancy":1,
        "tweets.created_at":"2015-09-28T22:40:17.000Z",
        "tweets.full_text":". explains why Spain pays so much to borrow    ",
        "tweets.hashtags":"[]",
        "tweets.user_mentions":"['TheStalwart']",
        "tweets.urls":"['http:\/\/bloom.bg\/1QJ6GLx']",
        "tweets.user_name":"business",
        "tweets.followers_count":6961691,
        "topics.title":"Research and Markets: Spain Crude Oil Refinery Outlook to 2020"
    },
    {
        "topic":"07db84bd-ac51-4821-a47a-c656dd1a2f96",
        "tweetID":649000743282851840,
        "relevancy":1,
        "tweets.created_at":"2015-09-29T23:20:09.000Z",
        "tweets.full_text":"Oil industry economists skeptical of link between oil exports and domestic gas prices in Bush\u2019s energy plan.     ",
        "tweets.hashtags":"[]",
        "tweets.user_mentions":"[]",
        "tweets.urls":"['http:\/\/apne.ws\/1OF0Dd4']",
        "tweets.user_name":"AP_Politics",
        "tweets.followers_count":568728,
        "topics.title":"Research and Markets: Spain Crude Oil Refinery Outlook to 2020"
    },
    {
        "topic":"07db84bd-ac51-4821-a47a-c656dd1a2f96",
        "tweetID":649330232139223044,
        "relevancy":1,
        "tweets.created_at":"2015-09-30T21:09:25.000Z",
        "tweets.full_text":"Kuwait to store crude oil in Egypt     ",
        "tweets.hashtags":"[]",
        "tweets.user_mentions":"[]",
        "tweets.urls":"['http:\/\/www.kuna.net.kw\/ArticleDetails.aspx?id=2463054&language=en']",
        "tweets.user_name":"kuna_en",
        "tweets.followers_count":73383,
        "topics.title":"Research and Markets: Spain Crude Oil Refinery Outlook to 2020"
    }
]