[
    {
        "topic":"5abbdaa4-a6dd-4403-a1e4-e021c1f33d96",
        "tweetID":638711079602810880,
        "relevancy":1,
        "tweets.created_at":"2015-01-09T13:52:42.000Z",
        "tweets.full_text":"THE Centre for Sexual Health and HIV AIDS Research on Monday revealed that least 20% of sex\u2026   ",
        "tweets.hashtags":"[]",
        "tweets.user_mentions":"[]",
        "tweets.urls":"['http:\/\/goo.gl\/fb\/2kAkPR']",
        "tweets.user_name":"Bulawayo24News",
        "tweets.followers_count":102826,
        "topics.title":"Genvoya, a Gentler Anti-HIV Cocktail, Okayed by EU Regulators"
    },
    {
        "topic":"5abbdaa4-a6dd-4403-a1e4-e021c1f33d96",
        "tweetID":639333666020167680,
        "relevancy":1,
        "tweets.created_at":"2015-03-09T07:06:38.000Z",
        "tweets.full_text":"PIA-13: The Food &amp; Drug Administration (FDA) in its Advisory No. 2015-062 warned the public against unregistered...   ",
        "tweets.hashtags":"[]",
        "tweets.user_mentions":"[]",
        "tweets.urls":"['http:\/\/fb.me\/1qRU5Hojb']",
        "tweets.user_name":"DisasterInfoPH",
        "tweets.followers_count":27889,
        "topics.title":"Genvoya, a Gentler Anti-HIV Cocktail, Okayed by EU Regulators"
    },
    {
        "topic":"5abbdaa4-a6dd-4403-a1e4-e021c1f33d96",
        "tweetID":643366095093501952,
        "relevancy":1,
        "tweets.created_at":"2015-09-14T10:10:04.000Z",
        "tweets.full_text":"Special Report: Best Face Forward: A new drug approved by the Food and Drug Administration (FDA) hopes to help\u2026   ",
        "tweets.hashtags":"[]",
        "tweets.user_mentions":"[]",
        "tweets.urls":"['http:\/\/boston.cityandpress.com\/node\/10168271']",
        "tweets.user_name":"Boston_CP",
        "tweets.followers_count":2897,
        "topics.title":"Genvoya, a Gentler Anti-HIV Cocktail, Okayed by EU Regulators"
    },
    {
        "topic":"5abbdaa4-a6dd-4403-a1e4-e021c1f33d96",
        "tweetID":644801139477577728,
        "relevancy":2,
        "tweets.created_at":"2015-09-18T09:12:26.000Z",
        "tweets.full_text":" For starters, HIV is different from AIDS. HIV is the virus. AIDS is a condition brought by HIV. #StayNegatHIVe.  ",
        "tweets.hashtags":"['StayNegatHIVe']",
        "tweets.user_mentions":"['LoveYourselfPh', 'MovePH']",
        "tweets.urls":"[]",
        "tweets.user_name":"rapplerdotcom",
        "tweets.followers_count":3423856,
        "topics.title":"Genvoya, a Gentler Anti-HIV Cocktail, Okayed by EU Regulators"
    },
    {
        "topic":"5abbdaa4-a6dd-4403-a1e4-e021c1f33d96",
        "tweetID":646757649833398273,
        "relevancy":1,
        "tweets.created_at":"2015-09-23T18:46:54.000Z",
        "tweets.full_text":"Monica Prasads book (Land of Too Much) makes a similar point in the intro, comparing the FDAs far stricter standards to EU drug regulators.  ",
        "tweets.hashtags":"[]",
        "tweets.user_mentions":"[]",
        "tweets.urls":"[]",
        "tweets.user_name":"umairjav",
        "tweets.followers_count":48509,
        "topics.title":"Genvoya, a Gentler Anti-HIV Cocktail, Okayed by EU Regulators"
    },
    {
        "topic":"5abbdaa4-a6dd-4403-a1e4-e021c1f33d96",
        "tweetID":647245151530827776,
        "relevancy":1,
        "tweets.created_at":"2015-09-25T03:04:04.000Z",
        "tweets.full_text":"  ",
        "tweets.hashtags":"[]",
        "tweets.user_mentions":"['Noahpinion']",
        "tweets.urls":"['http:\/\/marginalrevolution.com\/marginalrevolution\/2015\/09\/generic-drug-regulation.html']",
        "tweets.user_name":"greg_ip",
        "tweets.followers_count":65099,
        "topics.title":"Genvoya, a Gentler Anti-HIV Cocktail, Okayed by EU Regulators"
    },
    {
        "topic":"5abbdaa4-a6dd-4403-a1e4-e021c1f33d96",
        "tweetID":647290196388515840,
        "relevancy":1,
        "tweets.created_at":"2015-09-25T06:03:03.000Z",
        "tweets.full_text":"The banal evil of drug pricing  a new  column by NATHAN GEFFEN   ",
        "tweets.hashtags":"[]",
        "tweets.user_mentions":"[]",
        "tweets.urls":"['http:\/\/www.dailymaverick.co.za\/opinionista\/2015-09-24-the-banal-evil-of-drug-pricing\/#.VgSGFZ2eDGc']",
        "tweets.user_name":"dailymaverick",
        "tweets.followers_count":462961,
        "topics.title":"Genvoya, a Gentler Anti-HIV Cocktail, Okayed by EU Regulators"
    },
    {
        "topic":"5abbdaa4-a6dd-4403-a1e4-e021c1f33d96",
        "tweetID":647335490123730945,
        "relevancy":1,
        "tweets.created_at":"2015-09-25T09:03:02.000Z",
        "tweets.full_text":"The banal evil of drug pricing  a new column by  NATHAN GEFFEN   ",
        "tweets.hashtags":"[]",
        "tweets.user_mentions":"[]",
        "tweets.urls":"['http:\/\/www.dailymaverick.co.za\/opinionista\/2015-09-24-the-banal-evil-of-drug-pricing\/#.VgSGFZ2eDGc']",
        "tweets.user_name":"dailymaverick",
        "tweets.followers_count":462961,
        "topics.title":"Genvoya, a Gentler Anti-HIV Cocktail, Okayed by EU Regulators"
    },
    {
        "topic":"5abbdaa4-a6dd-4403-a1e4-e021c1f33d96",
        "tweetID":647496063738359808,
        "relevancy":1,
        "tweets.created_at":"2015-09-25T19:41:06.000Z",
        "tweets.full_text":"That pharmaceutical CEO from earlier this week who got heat for raising the cost of a drug Hes not an anomaly.   ",
        "tweets.hashtags":"[]",
        "tweets.user_mentions":"['Its_GabbyF']",
        "tweets.urls":"[]",
        "tweets.user_name":"starwatchtim",
        "tweets.followers_count":6642,
        "topics.title":"Genvoya, a Gentler Anti-HIV Cocktail, Okayed by EU Regulators"
    },
    {
        "topic":"5abbdaa4-a6dd-4403-a1e4-e021c1f33d96",
        "tweetID":649151713375600640,
        "relevancy":2,
        "tweets.created_at":"2015-09-30T09:20:03.000Z",
        "tweets.full_text":"Anti-retroviral drugs a must in HIV cases, says WHO   ",
        "tweets.hashtags":"[]",
        "tweets.user_mentions":"[]",
        "tweets.urls":"['http:\/\/mintne.ws\/1GgprjH']",
        "tweets.user_name":"livemint",
        "tweets.followers_count":1941466,
        "topics.title":"Genvoya, a Gentler Anti-HIV Cocktail, Okayed by EU Regulators"
    },
    {
        "topic":"5abbdaa4-a6dd-4403-a1e4-e021c1f33d96",
        "tweetID":649166002140381184,
        "relevancy":2,
        "tweets.created_at":"2015-09-30T10:16:50.000Z",
        "tweets.full_text":"All people with #HIV should get anti-retroviral drugs:  by   via  #AIDS #TasP.  ",
        "tweets.hashtags":"['HIV', 'AIDS', 'TasP']",
        "tweets.user_mentions":"['WHO', 'kkelland', 'Reuters_Health']",
        "tweets.urls":"['http:\/\/reut.rs\/1MFoIxa']",
        "tweets.user_name":"picardonhealth",
        "tweets.followers_count":119095,
        "topics.title":"Genvoya, a Gentler Anti-HIV Cocktail, Okayed by EU Regulators"
    }
]