{
    "topic":"c1c5dee9-77a1-494b-820d-88bbe24fb733",
    "topics.content":"This past year animated features were the main focus from the festival.      The big event runs from October 22 through October 31.      A trio of recent Japanese films may also be joined within the competition section, the festival\u2019s primary attraction, and will also be tested together with 13 other films from around the globe \u2014 selected from some 1,400 records.      Of 10 films to become featured within the Asia Future section, half were directed by women, coordinators stated.      Other programmes range from the work of youthful company directors from Asia and also the Middle East.           Tokyo, japan (AFP) \u2013 Homegrown movies come in focus in the Tokyo, japan Worldwide Film Festival the following month because the event remembers its 28th anniversary, coordinators stated Tuesday.      The festival will showcase popular Japanese horror movies directed by Hideo Nakata, most widely known abroad for that 1998 cult horror film Ring\u201d.      Some classic Japanese films for example Went\u201d directed by legendary filmmaker Akira Kurosawa is going to be tested inside a high-definition 4K format. Films featuring actor Ken Takakura, who performed a difficult detective in Ridley Scott\u2019s Black Rain\u201d, may also be among individuals tested.     Consumer Discretionary  Arts &amplifier Entertainment  horror movies  Hideo Nakata  Japanese films        The post appeared first on News List Online ..  ",
    "topics.title":"Tokyo, japan film festival to pay attention to homegrown movies \u2013 Yahoo News",
    "topics.media-type":"News",
    "topics.source":"NewsListOnline",
    "topics.published":"2015-09-29T19:57:46.000Z",
    "topic_tweets":25,
    "tweets.created_at_initial":"2015-02-09 08:47:04",
    "tweets.created_at_final":"2015-11-09 02:30:18",
    "tweets.time_interval":272.0
}