[
    {
        "topic":"c1c5dee9-77a1-494b-820d-88bbe24fb733",
        "tweetID":638996553366044672,
        "relevancy":1,
        "tweets.created_at":"2015-02-09T08:47:04.000Z",
        "tweets.full_text":"Zurich Film Festival: Christoph Waltz to Head Filmmaker Award Jury   ",
        "tweets.hashtags":"[]",
        "tweets.user_mentions":"[]",
        "tweets.urls":"['http:\/\/thr.cm\/lyX8GS']",
        "tweets.user_name":"THRAwards",
        "tweets.followers_count":9690,
        "topics.title":"Tokyo, japan film festival to pay attention to homegrown movies \u2013 Yahoo News"
    },
    {
        "topic":"c1c5dee9-77a1-494b-820d-88bbe24fb733",
        "tweetID":638997283585966080,
        "relevancy":1,
        "tweets.created_at":"2015-02-09T08:49:59.000Z",
        "tweets.full_text":"The Complete Guide to Wuzhen Theatre Festival: - The 3rd Wuzhen Theatre Festival will be held from October 15t...   ",
        "tweets.hashtags":"[]",
        "tweets.user_mentions":"[]",
        "tweets.urls":"['http:\/\/bit.ly\/1XeRtXs']",
        "tweets.user_name":"antara_en",
        "tweets.followers_count":7719,
        "topics.title":"Tokyo, japan film festival to pay attention to homegrown movies \u2013 Yahoo News"
    },
    {
        "topic":"c1c5dee9-77a1-494b-820d-88bbe24fb733",
        "tweetID":640957346173227008,
        "relevancy":1,
        "tweets.created_at":"2015-07-09T18:38:34.000Z",
        "tweets.full_text":"Rabin film wont end conspiracies theories but it does highlight hate campaign, filmmaker\u2026    ",
        "tweets.hashtags":"[]",
        "tweets.user_mentions":"[]",
        "tweets.urls":"['http:\/\/dlvr.it\/C50xBj']",
        "tweets.user_name":"haaretzcom",
        "tweets.followers_count":390826,
        "topics.title":"Tokyo, japan film festival to pay attention to homegrown movies \u2013 Yahoo News"
    },
    {
        "topic":"c1c5dee9-77a1-494b-820d-88bbe24fb733",
        "tweetID":641511021799063552,
        "relevancy":1,
        "tweets.created_at":"2015-09-09T07:18:40.000Z",
        "tweets.full_text":"Filmmaker #ManiRatnams next film to be shot in sync sound     ",
        "tweets.hashtags":"['ManiRatnam']",
        "tweets.user_mentions":"[]",
        "tweets.urls":"['http:\/\/www.abplive.in\/movies\/2015\/09\/09\/article709259.ece\/Mani-Ratnams-next-film-to-be-shot-in-sync-sound']",
        "tweets.user_name":"ABPNews",
        "tweets.followers_count":10816679,
        "topics.title":"Tokyo, japan film festival to pay attention to homegrown movies \u2013 Yahoo News"
    },
    {
        "topic":"c1c5dee9-77a1-494b-820d-88bbe24fb733",
        "tweetID":641920398788030464,
        "relevancy":1,
        "tweets.created_at":"2015-10-09T10:25:24.000Z",
        "tweets.full_text":"Syrian Film Cherry Messages wins award of the best film in #Alexandria Film Festival   ",
        "tweets.hashtags":"['Alexandria']",
        "tweets.user_mentions":"[]",
        "tweets.urls":"[]",
        "tweets.user_name":"SANA_English",
        "tweets.followers_count":20804,
        "topics.title":"Tokyo, japan film festival to pay attention to homegrown movies \u2013 Yahoo News"
    },
    {
        "topic":"c1c5dee9-77a1-494b-820d-88bbe24fb733",
        "tweetID":642106810669772800,
        "relevancy":1,
        "tweets.created_at":"2015-10-09T22:46:08.000Z",
        "tweets.full_text":"Algonquin filmmaker to premier short film at TIFF opening night - APTN National News   ",
        "tweets.hashtags":"[]",
        "tweets.user_mentions":"[]",
        "tweets.urls":"['http:\/\/fb.me\/6HZ8DCFml']",
        "tweets.user_name":"APTNNews",
        "tweets.followers_count":85107,
        "topics.title":"Tokyo, japan film festival to pay attention to homegrown movies \u2013 Yahoo News"
    },
    {
        "topic":"c1c5dee9-77a1-494b-820d-88bbe24fb733",
        "tweetID":642112585421168641,
        "relevancy":1,
        "tweets.created_at":"2015-10-09T23:09:04.000Z",
        "tweets.full_text":"Toronto International Film Festival showing film shot in #NewLondon by #Wallingford filmmaker    ",
        "tweets.hashtags":"['NewLondon', 'Wallingford']",
        "tweets.user_mentions":"[]",
        "tweets.urls":"['http:\/\/cour.at\/1XQV12r']",
        "tweets.user_name":"hartfordcourant",
        "tweets.followers_count":165213,
        "topics.title":"Tokyo, japan film festival to pay attention to homegrown movies \u2013 Yahoo News"
    },
    {
        "topic":"c1c5dee9-77a1-494b-820d-88bbe24fb733",
        "tweetID":642163225325400065,
        "relevancy":1,
        "tweets.created_at":"2015-11-09T02:30:18.000Z",
        "tweets.full_text":". talking with filmmaker Joe Swanberg about Chicago and his latest film, Digging for Fire.    ",
        "tweets.hashtags":"[]",
        "tweets.user_mentions":"['PeterZimm', 'JustinKaufmann']",
        "tweets.urls":"[]",
        "tweets.user_name":"WGNRadio",
        "tweets.followers_count":52556,
        "topics.title":"Tokyo, japan film festival to pay attention to homegrown movies \u2013 Yahoo News"
    },
    {
        "topic":"c1c5dee9-77a1-494b-820d-88bbe24fb733",
        "tweetID":642909188566335488,
        "relevancy":1,
        "tweets.created_at":"2015-09-13T03:54:29.000Z",
        "tweets.full_text":"Pay Attention to the Emergency Kanji - Savvy Tokyo   ",
        "tweets.hashtags":"[]",
        "tweets.user_mentions":"[]",
        "tweets.urls":"['http:\/\/fb.me\/7oWIlzGze']",
        "tweets.user_name":"JapanToday",
        "tweets.followers_count":120723,
        "topics.title":"Tokyo, japan film festival to pay attention to homegrown movies \u2013 Yahoo News"
    },
    {
        "topic":"c1c5dee9-77a1-494b-820d-88bbe24fb733",
        "tweetID":644216254715297793,
        "relevancy":1,
        "tweets.created_at":"2015-09-16T18:28:18.000Z",
        "tweets.full_text":"The 5 Most-Anticipated Films Premiering at the Toronto Film Festival!   ",
        "tweets.hashtags":"[]",
        "tweets.user_mentions":"[]",
        "tweets.urls":"['http:\/\/goo.gl\/fb\/y3aipp']",
        "tweets.user_name":"younghollywood",
        "tweets.followers_count":2396200,
        "topics.title":"Tokyo, japan film festival to pay attention to homegrown movies \u2013 Yahoo News"
    },
    {
        "topic":"c1c5dee9-77a1-494b-820d-88bbe24fb733",
        "tweetID":644247674330320896,
        "relevancy":1,
        "tweets.created_at":"2015-09-16T20:33:09.000Z",
        "tweets.full_text":"105 movies from 29 countries to enliven Balinale Film Festival   ",
        "tweets.hashtags":"[]",
        "tweets.user_mentions":"[]",
        "tweets.urls":"['http:\/\/rol.co.id\/r\/nus27e317']",
        "tweets.user_name":"republikaonline",
        "tweets.followers_count":1493148,
        "topics.title":"Tokyo, japan film festival to pay attention to homegrown movies \u2013 Yahoo News"
    },
    {
        "topic":"c1c5dee9-77a1-494b-820d-88bbe24fb733",
        "tweetID":644562159888785408,
        "relevancy":1,
        "tweets.created_at":"2015-09-17T17:22:48.000Z",
        "tweets.full_text":"Check Out These New, Standout Gay Films from the Toronto International Film Festival  #TIFF    ",
        "tweets.hashtags":"['TIFF']",
        "tweets.user_mentions":"[]",
        "tweets.urls":"['http:\/\/tlrd.us\/1KoFwVn']",
        "tweets.user_name":"tlrd",
        "tweets.followers_count":77651,
        "topics.title":"Tokyo, japan film festival to pay attention to homegrown movies \u2013 Yahoo News"
    },
    {
        "topic":"c1c5dee9-77a1-494b-820d-88bbe24fb733",
        "tweetID":644621725091635200,
        "relevancy":1,
        "tweets.created_at":"2015-09-17T21:19:30.000Z",
        "tweets.full_text":"Happy to be at the opening of the 35th Atlantic Film Festival this evening! A vibrant score of films to come this wk.   ",
        "tweets.hashtags":"[]",
        "tweets.user_mentions":"[]",
        "tweets.urls":"[]",
        "tweets.user_name":"MikeSavageHFX",
        "tweets.followers_count":56069,
        "topics.title":"Tokyo, japan film festival to pay attention to homegrown movies \u2013 Yahoo News"
    },
    {
        "topic":"c1c5dee9-77a1-494b-820d-88bbe24fb733",
        "tweetID":644771894391144448,
        "relevancy":1,
        "tweets.created_at":"2015-09-18T07:16:13.000Z",
        "tweets.full_text":"The 10 best films to book at London Film Festival:    ",
        "tweets.hashtags":"[]",
        "tweets.user_mentions":"[]",
        "tweets.urls":"['http:\/\/bit.ly\/1OA9EDp']",
        "tweets.user_name":"i_D",
        "tweets.followers_count":1536509,
        "topics.title":"Tokyo, japan film festival to pay attention to homegrown movies \u2013 Yahoo News"
    },
    {
        "topic":"c1c5dee9-77a1-494b-820d-88bbe24fb733",
        "tweetID":645550055882145793,
        "relevancy":1,
        "tweets.created_at":"2015-09-20T10:48:21.000Z",
        "tweets.full_text":"Horror Idyll declared best feature film of Slovenian Film Festival.  ",
        "tweets.hashtags":"[]",
        "tweets.user_mentions":"[]",
        "tweets.urls":"[]",
        "tweets.user_name":"STA_English",
        "tweets.followers_count":3684,
        "topics.title":"Tokyo, japan film festival to pay attention to homegrown movies \u2013 Yahoo News"
    },
    {
        "topic":"c1c5dee9-77a1-494b-820d-88bbe24fb733",
        "tweetID":646173849998917632,
        "relevancy":1,
        "tweets.created_at":"2015-09-22T04:07:05.000Z",
        "tweets.full_text":"Shooting a short film with film director  on HIV Aids. #passion #film #acting   ",
        "tweets.hashtags":"['passion', 'film', 'acting']",
        "tweets.user_mentions":"[]",
        "tweets.urls":"[]",
        "tweets.user_name":"MarissaAnita",
        "tweets.followers_count":195784,
        "topics.title":"Tokyo, japan film festival to pay attention to homegrown movies \u2013 Yahoo News"
    },
    {
        "topic":"c1c5dee9-77a1-494b-820d-88bbe24fb733",
        "tweetID":647231045499265024,
        "relevancy":1,
        "tweets.created_at":"2015-09-25T02:08:00.000Z",
        "tweets.full_text":"Contemporary films from Uzbekistan at a film festival in Washington. Highlights from the Voice of America     ",
        "tweets.hashtags":"[]",
        "tweets.user_mentions":"['Navbahor']",
        "tweets.urls":"['https:\/\/twitter.com\/Navbahor\/status\/647216720814452736']",
        "tweets.user_name":"EvanFeigenbaum",
        "tweets.followers_count":13914,
        "topics.title":"Tokyo, japan film festival to pay attention to homegrown movies \u2013 Yahoo News"
    },
    {
        "topic":"c1c5dee9-77a1-494b-820d-88bbe24fb733",
        "tweetID":647394391846318081,
        "relevancy":1,
        "tweets.created_at":"2015-09-25T12:57:05.000Z",
        "tweets.full_text":"NYFF: Ten Movies to look forward to at the 2015 New York Film Festival -    ",
        "tweets.hashtags":"[]",
        "tweets.user_mentions":"[]",
        "tweets.urls":"['http:\/\/www.awardscircuit.com\/2015\/09\/25\/nyff-ten-movies-look-forward-2015-new-york-film-festival\/']",
        "tweets.user_name":"AwardsCircuit",
        "tweets.followers_count":13349,
        "topics.title":"Tokyo, japan film festival to pay attention to homegrown movies \u2013 Yahoo News"
    },
    {
        "topic":"c1c5dee9-77a1-494b-820d-88bbe24fb733",
        "tweetID":647617932051283968,
        "relevancy":1,
        "tweets.created_at":"2015-09-26T03:45:21.000Z",
        "tweets.full_text":"The 10 Most Anticipated Films of the 2015 New York Film Festival    ",
        "tweets.hashtags":"[]",
        "tweets.user_mentions":"['blackbook']",
        "tweets.urls":"['http:\/\/www.bbook.com\/film\/the-10-most-anticipated-films-of-the-2015-new-york-film-festival\/']",
        "tweets.user_name":"TinaTurnbowMUP",
        "tweets.followers_count":4687,
        "topics.title":"Tokyo, japan film festival to pay attention to homegrown movies \u2013 Yahoo News"
    },
    {
        "topic":"c1c5dee9-77a1-494b-820d-88bbe24fb733",
        "tweetID":647762590991446016,
        "relevancy":1,
        "tweets.created_at":"2015-09-26T13:20:11.000Z",
        "tweets.full_text":"  Outstanding film..  ",
        "tweets.hashtags":"[]",
        "tweets.user_mentions":"['RealGDT', 'FredKiesche']",
        "tweets.urls":"[]",
        "tweets.user_name":"drspacejunk",
        "tweets.followers_count":13146,
        "topics.title":"Tokyo, japan film festival to pay attention to homegrown movies \u2013 Yahoo News"
    },
    {
        "topic":"c1c5dee9-77a1-494b-820d-88bbe24fb733",
        "tweetID":648341124185112577,
        "relevancy":1,
        "tweets.created_at":"2015-09-28T03:39:04.000Z",
        "tweets.full_text":"Japanese filmmaker to direct a film in Nepal - Kathmandu Post   ",
        "tweets.hashtags":"[]",
        "tweets.user_mentions":"[]",
        "tweets.urls":"['http:\/\/bit.ly\/1MzAFEK']",
        "tweets.user_name":"NewsFromNepal",
        "tweets.followers_count":151410,
        "topics.title":"Tokyo, japan film festival to pay attention to homegrown movies \u2013 Yahoo News"
    },
    {
        "topic":"c1c5dee9-77a1-494b-820d-88bbe24fb733",
        "tweetID":648866185904156672,
        "relevancy":2,
        "tweets.created_at":"2015-09-29T14:25:28.000Z",
        "tweets.full_text":"Tokyo film festival to focus on homegrown movies: TOKYO, Sept 29 \u2014 Homegrown movies will be in focus at the To...   ",
        "tweets.hashtags":"[]",
        "tweets.user_mentions":"[]",
        "tweets.urls":"['http:\/\/bit.ly\/1MDKiCd']",
        "tweets.user_name":"leslielau",
        "tweets.followers_count":3314,
        "topics.title":"Tokyo, japan film festival to pay attention to homegrown movies \u2013 Yahoo News"
    },
    {
        "topic":"c1c5dee9-77a1-494b-820d-88bbe24fb733",
        "tweetID":648939279951921152,
        "relevancy":1,
        "tweets.created_at":"2015-09-29T19:15:55.000Z",
        "tweets.full_text":"Some of my favorite  films are Claudine, A Piece of the Action and Star Wars!.  ",
        "tweets.hashtags":"[]",
        "tweets.user_mentions":"['jamesearljones']",
        "tweets.urls":"[]",
        "tweets.user_name":"MagicJohnson",
        "tweets.followers_count":5098961,
        "topics.title":"Tokyo, japan film festival to pay attention to homegrown movies \u2013 Yahoo News"
    },
    {
        "topic":"c1c5dee9-77a1-494b-820d-88bbe24fb733",
        "tweetID":648979324163330048,
        "relevancy":1,
        "tweets.created_at":"2015-09-29T21:55:02.000Z",
        "tweets.full_text":"Milwaukee Film Festival - Former federal agent turns filmmaker to explore homelessness in Milwaukee   ",
        "tweets.hashtags":"[]",
        "tweets.user_mentions":"[]",
        "tweets.urls":"['http:\/\/www.jsonline.com\/entertainment\/movies\/former-federal-agent-turns-filmmaker-to-explore-homelessness-in-milwaukee-b99584545z1-329857231.html']",
        "tweets.user_name":"jecausey",
        "tweets.followers_count":5357,
        "topics.title":"Tokyo, japan film festival to pay attention to homegrown movies \u2013 Yahoo News"
    },
    {
        "topic":"c1c5dee9-77a1-494b-820d-88bbe24fb733",
        "tweetID":649177005452304384,
        "relevancy":2,
        "tweets.created_at":"2015-09-30T11:00:33.000Z",
        "tweets.full_text":"Tokyo International Film Festival showcases classic anime, J-horror and yakuza films   ",
        "tweets.hashtags":"[]",
        "tweets.user_mentions":"[]",
        "tweets.urls":"['http:\/\/jtim.es\/SPLjn']",
        "tweets.user_name":"japantimes",
        "tweets.followers_count":382732,
        "topics.title":"Tokyo, japan film festival to pay attention to homegrown movies \u2013 Yahoo News"
    }
]