[
    {
        "topic":"f3e77194-46c0-4588-b2a8-41bed1a200d8",
        "tweetID":638747040818724866,
        "relevancy":1,
        "tweets.created_at":"2015-01-09T16:15:36.000Z",
        "tweets.full_text":"Crittenden said he got out of jail and his son gave him the best hug he ever had. He declined to discuss matters surrounding grand jury.  ",
        "tweets.hashtags":"[]",
        "tweets.user_mentions":"[]",
        "tweets.urls":"[]",
        "tweets.user_name":"JonesingToWrite",
        "tweets.followers_count":2407,
        "topics.title":"\u2018He earned two degrees and a diploma in jail\u2019"
    },
    {
        "topic":"f3e77194-46c0-4588-b2a8-41bed1a200d8",
        "tweetID":640726949430562816,
        "relevancy":1,
        "tweets.created_at":"2015-07-09T03:23:03.000Z",
        "tweets.full_text":"MU opens doors for postgraduation course in Hindi - Times of #India  #Hindi.  ",
        "tweets.hashtags":"['India', 'Hindi']",
        "tweets.user_mentions":"[]",
        "tweets.urls":"['http:\/\/dlvr.it\/C4fvpT']",
        "tweets.user_name":"AsiaPacNews",
        "tweets.followers_count":7866,
        "topics.title":"\u2018He earned two degrees and a diploma in jail\u2019"
    },
    {
        "topic":"f3e77194-46c0-4588-b2a8-41bed1a200d8",
        "tweetID":641305077861388288,
        "relevancy":1,
        "tweets.created_at":"2015-08-09T17:40:20.000Z",
        "tweets.full_text":"Kentucky clerk to be released from jail: The latest on the case of a Kentucky county clerk whos in jail over ...   ",
        "tweets.hashtags":"[]",
        "tweets.user_mentions":"[]",
        "tweets.urls":"['http:\/\/bit.ly\/1Ovn29y']",
        "tweets.user_name":"MyNews13",
        "tweets.followers_count":261043,
        "topics.title":"\u2018He earned two degrees and a diploma in jail\u2019"
    },
    {
        "topic":"f3e77194-46c0-4588-b2a8-41bed1a200d8",
        "tweetID":641315037756399616,
        "relevancy":1,
        "tweets.created_at":"2015-08-09T18:19:54.000Z",
        "tweets.full_text":"Kentucky clerk to be released from jail: The latest on the case of a Kentucky county clerk whos in jail over ...   ",
        "tweets.hashtags":"[]",
        "tweets.user_mentions":"[]",
        "tweets.urls":"['http:\/\/bit.ly\/1Ovtm0K']",
        "tweets.user_name":"BN9",
        "tweets.followers_count":370641,
        "topics.title":"\u2018He earned two degrees and a diploma in jail\u2019"
    },
    {
        "topic":"f3e77194-46c0-4588-b2a8-41bed1a200d8",
        "tweetID":644369769819312128,
        "relevancy":1,
        "tweets.created_at":"2015-09-17T04:38:19.000Z",
        "tweets.full_text":"Degrees earned by UMSLs minority students jumps 18 percent in a year   ",
        "tweets.hashtags":"[]",
        "tweets.user_mentions":"[]",
        "tweets.urls":"['http:\/\/bit.ly\/1KimHEg']",
        "tweets.user_name":"stltoday",
        "tweets.followers_count":261176,
        "topics.title":"\u2018He earned two degrees and a diploma in jail\u2019"
    },
    {
        "topic":"f3e77194-46c0-4588-b2a8-41bed1a200d8",
        "tweetID":644443605780660224,
        "relevancy":1,
        "tweets.created_at":"2015-09-17T09:31:43.000Z",
        "tweets.full_text":"SC stays operation of Haryana laws that make educational qualification compulsory for contesting Panchayat polls..  ",
        "tweets.hashtags":"[]",
        "tweets.user_mentions":"[]",
        "tweets.urls":"[]",
        "tweets.user_name":"PTI_News",
        "tweets.followers_count":3118317,
        "topics.title":"\u2018He earned two degrees and a diploma in jail\u2019"
    },
    {
        "topic":"f3e77194-46c0-4588-b2a8-41bed1a200d8",
        "tweetID":644450190879907840,
        "relevancy":1,
        "tweets.created_at":"2015-09-17T09:57:53.000Z",
        "tweets.full_text":"SC stays operation of #Haryana laws making educational qualification compulsory for contesting #PanchayatPolls - PTI.  ",
        "tweets.hashtags":"['Haryana', 'PanchayatPolls']",
        "tweets.user_mentions":"[]",
        "tweets.urls":"[]",
        "tweets.user_name":"the_hindu",
        "tweets.followers_count":6618556,
        "topics.title":"\u2018He earned two degrees and a diploma in jail\u2019"
    },
    {
        "topic":"f3e77194-46c0-4588-b2a8-41bed1a200d8",
        "tweetID":644459272894574592,
        "relevancy":1,
        "tweets.created_at":"2015-09-17T10:33:58.000Z",
        "tweets.full_text":"SC stays operation of #Haryana laws that make educational qualification compulsory for contesting Panchayat polls.(PTI).  ",
        "tweets.hashtags":"['Haryana']",
        "tweets.user_mentions":"[]",
        "tweets.urls":"[]",
        "tweets.user_name":"ETPolitics",
        "tweets.followers_count":55747,
        "topics.title":"\u2018He earned two degrees and a diploma in jail\u2019"
    },
    {
        "topic":"f3e77194-46c0-4588-b2a8-41bed1a200d8",
        "tweetID":644528820335288320,
        "relevancy":1,
        "tweets.created_at":"2015-09-17T15:10:20.000Z",
        "tweets.full_text":"Degrees earned by UMSLs minority students jumps 18 percent in a year   ",
        "tweets.hashtags":"[]",
        "tweets.user_mentions":"['stltoday']",
        "tweets.urls":"['http:\/\/bit.ly\/1KimHEg']",
        "tweets.user_name":"KoranAddo",
        "tweets.followers_count":2719,
        "topics.title":"\u2018He earned two degrees and a diploma in jail\u2019"
    },
    {
        "topic":"f3e77194-46c0-4588-b2a8-41bed1a200d8",
        "tweetID":645088896334827520,
        "relevancy":1,
        "tweets.created_at":"2015-09-19T04:15:52.000Z",
        "tweets.full_text":"Oscar de la Torre Munoz was released from jail just before 9 p.m. He was a person of interest in the #AZfreewayshootings.  ",
        "tweets.hashtags":"['AZfreewayshootings']",
        "tweets.user_mentions":"[]",
        "tweets.urls":"[]",
        "tweets.user_name":"12News",
        "tweets.followers_count":218630,
        "topics.title":"\u2018He earned two degrees and a diploma in jail\u2019"
    },
    {
        "topic":"f3e77194-46c0-4588-b2a8-41bed1a200d8",
        "tweetID":645841339871965184,
        "relevancy":1,
        "tweets.created_at":"2015-09-21T06:05:49.000Z",
        "tweets.full_text":"Haryana govt agrees to consider removing minimum educational qualification criteria to convince SC for lifting the stay\u2026.  ",
        "tweets.hashtags":"[]",
        "tweets.user_mentions":"['utkarsh_aanand']",
        "tweets.urls":"[]",
        "tweets.user_name":"IndianExpress",
        "tweets.followers_count":3777294,
        "topics.title":"\u2018He earned two degrees and a diploma in jail\u2019"
    },
    {
        "topic":"f3e77194-46c0-4588-b2a8-41bed1a200d8",
        "tweetID":645989480940244992,
        "relevancy":1,
        "tweets.created_at":"2015-09-21T15:54:28.000Z",
        "tweets.full_text":" he can practice in jail..  ",
        "tweets.hashtags":"[]",
        "tweets.user_mentions":"['NonVitalTooth']",
        "tweets.urls":"[]",
        "tweets.user_name":"PhilipGolingai",
        "tweets.followers_count":10502,
        "topics.title":"\u2018He earned two degrees and a diploma in jail\u2019"
    }
]