[
    {
        "topic":"f0c1a6e3-3fbd-4dff-8d29-9b11a56f8658",
        "tweetID":642177139098451969,
        "relevancy":1,
        "tweets.created_at":"2015-11-09T03:25:35.000Z",
        "tweets.full_text":"Rob Gronkowski is the first player in NFL history with multiple games of 3 receiving touchdowns against the Steelers.  ",
        "tweets.hashtags":"[]",
        "tweets.user_mentions":"[]",
        "tweets.urls":"[]",
        "tweets.user_name":"ESPNStatsInfo",
        "tweets.followers_count":1719310,
        "topics.title":"Four Downs: Fantasy TEs emerge"
    },
    {
        "topic":"f0c1a6e3-3fbd-4dff-8d29-9b11a56f8658",
        "tweetID":642180314450784256,
        "relevancy":1,
        "tweets.created_at":"2015-11-09T03:38:12.000Z",
        "tweets.full_text":"Rob Gronkowski is the first player in NFL history with multiple games of 3 receiving touchdowns against the Steelers.  ",
        "tweets.hashtags":"[]",
        "tweets.user_mentions":"['ESPNStatsInfo']",
        "tweets.urls":"[]",
        "tweets.user_name":"chrisdonovan",
        "tweets.followers_count":18704,
        "topics.title":"Four Downs: Fantasy TEs emerge"
    },
    {
        "topic":"f0c1a6e3-3fbd-4dff-8d29-9b11a56f8658",
        "tweetID":638989921986985985,
        "relevancy":2,
        "tweets.created_at":"2015-02-09T08:20:43.000Z",
        "tweets.full_text":"New England Patriots QB Tom Brady speaks publicly   ",
        "tweets.hashtags":"[]",
        "tweets.user_mentions":"[]",
        "tweets.urls":"['http:\/\/bit.ly\/1XeIENo']",
        "tweets.user_name":"UPI",
        "tweets.followers_count":48198,
        "topics.title":"Four Downs: Fantasy TEs emerge"
    },
    {
        "topic":"f0c1a6e3-3fbd-4dff-8d29-9b11a56f8658",
        "tweetID":639448512690696192,
        "relevancy":2,
        "tweets.created_at":"2015-03-09T14:43:00.000Z",
        "tweets.full_text":"New England Patriots quarterback Tom Brady has his suspension overturned.   ",
        "tweets.hashtags":"[]",
        "tweets.user_mentions":"[]",
        "tweets.urls":"['http:\/\/fb.me\/7oqwp33wG']",
        "tweets.user_name":"kdhnews",
        "tweets.followers_count":8968,
        "topics.title":"Four Downs: Fantasy TEs emerge"
    },
    {
        "topic":"f0c1a6e3-3fbd-4dff-8d29-9b11a56f8658",
        "tweetID":639461020931653632,
        "relevancy":2,
        "tweets.created_at":"2015-03-09T15:32:42.000Z",
        "tweets.full_text":"Patriots, Rob Gronkowski celebrate Tom Brady ruling on Twitter   ",
        "tweets.hashtags":"[]",
        "tweets.user_mentions":"['NFLDailyPost']",
        "tweets.urls":"['http:\/\/dlvr.it\/C35g34']",
        "tweets.user_name":"rlopezwfaa",
        "tweets.followers_count":18657,
        "topics.title":"Four Downs: Fantasy TEs emerge"
    },
    {
        "topic":"f0c1a6e3-3fbd-4dff-8d29-9b11a56f8658",
        "tweetID":639470273322991616,
        "relevancy":2,
        "tweets.created_at":"2015-03-09T16:09:28.000Z",
        "tweets.full_text":"New England Patriots QB Tom Brady cleared to suit up for his team\u2019s season opener. Fair   ",
        "tweets.hashtags":"[]",
        "tweets.user_mentions":"[]",
        "tweets.urls":"['http:\/\/fb.me\/4UwSGTk2u']",
        "tweets.user_name":"BhamHerald",
        "tweets.followers_count":23364,
        "topics.title":"Four Downs: Fantasy TEs emerge"
    },
    {
        "topic":"f0c1a6e3-3fbd-4dff-8d29-9b11a56f8658",
        "tweetID":642135479345778688,
        "relevancy":1,
        "tweets.created_at":"2015-11-09T00:40:03.000Z",
        "tweets.full_text":"School re-named Tom Brady Middle School\u201d after New England Patriots quarterback   ",
        "tweets.hashtags":"[]",
        "tweets.user_mentions":"[]",
        "tweets.urls":"['http:\/\/wp.me\/p5hgQ6-LX1']",
        "tweets.user_name":"abc27News",
        "tweets.followers_count":103928,
        "topics.title":"Four Downs: Fantasy TEs emerge"
    },
    {
        "topic":"f0c1a6e3-3fbd-4dff-8d29-9b11a56f8658",
        "tweetID":642150457780137984,
        "relevancy":2,
        "tweets.created_at":"2015-11-09T01:39:34.000Z",
        "tweets.full_text":"Touchdown Patriots! Brady finds Gronkowski again in the back of the endzone! Patriots lead 14-0. #NFLonWCNC   ",
        "tweets.hashtags":"['NFLonWCNC']",
        "tweets.user_mentions":"[]",
        "tweets.urls":"[]",
        "tweets.user_name":"wcnc",
        "tweets.followers_count":222791,
        "topics.title":"Four Downs: Fantasy TEs emerge"
    },
    {
        "topic":"f0c1a6e3-3fbd-4dff-8d29-9b11a56f8658",
        "tweetID":642150458107277316,
        "relevancy":1,
        "tweets.created_at":"2015-11-09T01:39:34.000Z",
        "tweets.full_text":"Rob Gronkowski now has 14 games with multiple TD receptions, one shy of the  record held by Randy Moss.  ",
        "tweets.hashtags":"[]",
        "tweets.user_mentions":"['Patriots']",
        "tweets.urls":"[]",
        "tweets.user_name":"ESPNStatsInfo",
        "tweets.followers_count":1719310,
        "topics.title":"Four Downs: Fantasy TEs emerge"
    },
    {
        "topic":"f0c1a6e3-3fbd-4dff-8d29-9b11a56f8658",
        "tweetID":642152332743057409,
        "relevancy":2,
        "tweets.created_at":"2015-11-09T01:47:01.000Z",
        "tweets.full_text":"Touchdown! #Patriots #gronkowski #brady #deflategate #nfl   Score 7-0. #patriotssteelers.  ",
        "tweets.hashtags":"['Patriots', 'gronkowski', 'brady', 'deflategate', 'nfl', 'patriotssteelers']",
        "tweets.user_mentions":"['sharontazewell', 'WNCN', 'NFL']",
        "tweets.urls":"[]",
        "tweets.user_name":"WNCN",
        "tweets.followers_count":46232,
        "topics.title":"Four Downs: Fantasy TEs emerge"
    },
    {
        "topic":"f0c1a6e3-3fbd-4dff-8d29-9b11a56f8658",
        "tweetID":642174013746323456,
        "relevancy":2,
        "tweets.created_at":"2015-11-09T03:13:10.000Z",
        "tweets.full_text":"GRONK SPIKE WITH THE SHIMMY! Rob Gronkowski catches his 3rd TD of the night to put Patriots up 28-14 on Steelers.   ",
        "tweets.hashtags":"[]",
        "tweets.user_mentions":"['SportsCenter']",
        "tweets.urls":"[]",
        "tweets.user_name":"JLSJourney",
        "tweets.followers_count":319,
        "topics.title":"Four Downs: Fantasy TEs emerge"
    },
    {
        "topic":"f0c1a6e3-3fbd-4dff-8d29-9b11a56f8658",
        "tweetID":642195322488360960,
        "relevancy":1,
        "tweets.created_at":"2015-11-09T04:37:50.000Z",
        "tweets.full_text":"Tom Brady carves up Pittsburgh #Steelers, who refuse to cover Rob Gronkowski  #Patriots.  ",
        "tweets.hashtags":"['Steelers', 'Patriots']",
        "tweets.user_mentions":"[]",
        "tweets.urls":"['http:\/\/s.masslive.com\/s2WnMvG']",
        "tweets.user_name":"masslivenews",
        "tweets.followers_count":86611,
        "topics.title":"Four Downs: Fantasy TEs emerge"
    },
    {
        "topic":"f0c1a6e3-3fbd-4dff-8d29-9b11a56f8658",
        "tweetID":642239161185996800,
        "relevancy":2,
        "tweets.created_at":"2015-11-09T07:32:02.000Z",
        "tweets.full_text":"Mike Petraglia, Chris Price talk Tom Brady, Rob Gronkowski, big win and headsets   ",
        "tweets.hashtags":"[]",
        "tweets.user_mentions":"[]",
        "tweets.urls":"['http:\/\/itiswhatitis.weei.com\/sports\/newengland\/football\/patriots\/2015\/09\/11\/mike-petraglia-chris-price-talk-tom-brady-rob-gronkowski-big-win-and-headsets\/']",
        "tweets.user_name":"cpriceglobe",
        "tweets.followers_count":35159,
        "topics.title":"Four Downs: Fantasy TEs emerge"
    },
    {
        "topic":"f0c1a6e3-3fbd-4dff-8d29-9b11a56f8658",
        "tweetID":642271012596289536,
        "relevancy":2,
        "tweets.created_at":"2015-11-09T09:38:36.000Z",
        "tweets.full_text":"Tom Brady inspires New England Patriots to opening win  via    ",
        "tweets.hashtags":"[]",
        "tweets.user_mentions":"['IrishTimesSport']",
        "tweets.urls":"['http:\/\/www.irishtimes.com\/sport\/other-sports\/tom-brady-inspires-new-england-patriots-to-opening-win-1.2348502']",
        "tweets.user_name":"IrishTimes",
        "tweets.followers_count":586065,
        "topics.title":"Four Downs: Fantasy TEs emerge"
    },
    {
        "topic":"f0c1a6e3-3fbd-4dff-8d29-9b11a56f8658",
        "tweetID":642304563127652353,
        "relevancy":2,
        "tweets.created_at":"2015-11-09T11:51:55.000Z",
        "tweets.full_text":"Mike Petraglia, Chris Price talk Tom Brady, Rob Gronkowski, big win, headsets   ",
        "tweets.hashtags":"[]",
        "tweets.user_mentions":"[]",
        "tweets.urls":"['http:\/\/itiswhatitis.weei.com\/sports\/newengland\/football\/patriots\/2015\/09\/11\/mike-petraglia-chris-price-talk-tom-brady-rob-gronkowski-big-win-and-headsets\/']",
        "tweets.user_name":"cpriceglobe",
        "tweets.followers_count":35159,
        "topics.title":"Four Downs: Fantasy TEs emerge"
    },
    {
        "topic":"f0c1a6e3-3fbd-4dff-8d29-9b11a56f8658",
        "tweetID":642329497556131840,
        "relevancy":2,
        "tweets.created_at":"2015-11-09T13:31:00.000Z",
        "tweets.full_text":"Brady, Gronkowski lead Patriots over Steelers in NFL season opener  via    ",
        "tweets.hashtags":"[]",
        "tweets.user_mentions":"['MarkKaboly_Trib']",
        "tweets.urls":"['http:\/\/trib.me\/1O5t97F']",
        "tweets.user_name":"TribLIVE",
        "tweets.followers_count":89742,
        "topics.title":"Four Downs: Fantasy TEs emerge"
    },
    {
        "topic":"f0c1a6e3-3fbd-4dff-8d29-9b11a56f8658",
        "tweetID":642333142167236608,
        "relevancy":1,
        "tweets.created_at":"2015-11-09T13:45:29.000Z",
        "tweets.full_text":"TV Ratings: Tom Brady and New England Patriots Lift NFL Season Kickoff   ",
        "tweets.hashtags":"[]",
        "tweets.user_mentions":"[]",
        "tweets.urls":"['http:\/\/thr.cm\/rkH9uN']",
        "tweets.user_name":"THR",
        "tweets.followers_count":3281897,
        "topics.title":"Four Downs: Fantasy TEs emerge"
    },
    {
        "topic":"f0c1a6e3-3fbd-4dff-8d29-9b11a56f8658",
        "tweetID":643571742812831744,
        "relevancy":1,
        "tweets.created_at":"2015-09-14T23:47:15.000Z",
        "tweets.full_text":"Why Dion Lewis might be biggest offensive factor this side of Rob Gronkowski   ",
        "tweets.hashtags":"[]",
        "tweets.user_mentions":"[]",
        "tweets.urls":"['http:\/\/itiswhatitis.weei.com\/sports\/newengland\/football\/patriots\/2015\/09\/14\/why-dion-lewis-might-be-biggest-offensive-factor-this-side-of-rob-gronkowski\/']",
        "tweets.user_name":"cpriceglobe",
        "tweets.followers_count":35159,
        "topics.title":"Four Downs: Fantasy TEs emerge"
    },
    {
        "topic":"f0c1a6e3-3fbd-4dff-8d29-9b11a56f8658",
        "tweetID":645657548310360064,
        "relevancy":1,
        "tweets.created_at":"2015-09-20T17:55:29.000Z",
        "tweets.full_text":"13th red-zone Rec TD for Rob Gronkowski since the start of last season, the most in the NFL.  ",
        "tweets.hashtags":"[]",
        "tweets.user_mentions":"[]",
        "tweets.urls":"[]",
        "tweets.user_name":"ESPNStatsInfo",
        "tweets.followers_count":1719310,
        "topics.title":"Four Downs: Fantasy TEs emerge"
    },
    {
        "topic":"f0c1a6e3-3fbd-4dff-8d29-9b11a56f8658",
        "tweetID":645673581108719616,
        "relevancy":2,
        "tweets.created_at":"2015-09-20T18:59:12.000Z",
        "tweets.full_text":"Gronkowski catches a pass for 28 yards, allowing the patriots another set of downs. #BillsvsPats.  ",
        "tweets.hashtags":"['BillsvsPats']",
        "tweets.user_mentions":"[]",
        "tweets.urls":"[]",
        "tweets.user_name":"news4buffalo",
        "tweets.followers_count":178458,
        "topics.title":"Four Downs: Fantasy TEs emerge"
    },
    {
        "topic":"f0c1a6e3-3fbd-4dff-8d29-9b11a56f8658",
        "tweetID":645684993285615616,
        "relevancy":2,
        "tweets.created_at":"2015-09-20T19:44:33.000Z",
        "tweets.full_text":"#Patriots Brady connects again with Gronkowski. Theyre approaching the red zone yet again. #BillsvsPats.  ",
        "tweets.hashtags":"['Patriots', 'BillsvsPats']",
        "tweets.user_mentions":"[]",
        "tweets.urls":"[]",
        "tweets.user_name":"news4buffalo",
        "tweets.followers_count":178458,
        "topics.title":"Four Downs: Fantasy TEs emerge"
    },
    {
        "topic":"f0c1a6e3-3fbd-4dff-8d29-9b11a56f8658",
        "tweetID":647011803604611072,
        "relevancy":1,
        "tweets.created_at":"2015-09-24T11:36:49.000Z",
        "tweets.full_text":"Tom Brady, Rob Gronkowski and Julian Edelman all nearing major statistical milestones   ",
        "tweets.hashtags":"[]",
        "tweets.user_mentions":"[]",
        "tweets.urls":"['http:\/\/itiswhatitis.weei.com\/sports\/newengland\/football\/patriots\/2015\/09\/23\/tom-brady-rob-gronkowski-and-julian-edelman-all-nearing-major-statistical-milestones\/']",
        "tweets.user_name":"cpriceglobe",
        "tweets.followers_count":35159,
        "topics.title":"Four Downs: Fantasy TEs emerge"
    },
    {
        "topic":"f0c1a6e3-3fbd-4dff-8d29-9b11a56f8658",
        "tweetID":648215309166452736,
        "relevancy":2,
        "tweets.created_at":"2015-09-27T19:19:07.000Z",
        "tweets.full_text":"Tom. Brady. #Patriots.  ",
        "tweets.hashtags":"['Patriots']",
        "tweets.user_mentions":"[]",
        "tweets.urls":"[]",
        "tweets.user_name":"megtripp",
        "tweets.followers_count":5704,
        "topics.title":"Four Downs: Fantasy TEs emerge"
    },
    {
        "topic":"f0c1a6e3-3fbd-4dff-8d29-9b11a56f8658",
        "tweetID":648278648194252800,
        "relevancy":1,
        "tweets.created_at":"2015-09-27T23:30:48.000Z",
        "tweets.full_text":"Is Rob Gronkowski the unexpected new leader of the    ",
        "tweets.hashtags":"[]",
        "tweets.user_mentions":"['Patriots']",
        "tweets.urls":"['http:\/\/cbsloc.al\/1WnOlHq']",
        "tweets.user_name":"WTIC1080",
        "tweets.followers_count":14968,
        "topics.title":"Four Downs: Fantasy TEs emerge"
    },
    {
        "topic":"f0c1a6e3-3fbd-4dff-8d29-9b11a56f8658",
        "tweetID":648283951073660928,
        "relevancy":1,
        "tweets.created_at":"2015-09-27T23:51:53.000Z",
        "tweets.full_text":"Tom Brady and the New England Patriots: 3 things we learned   ",
        "tweets.hashtags":"[]",
        "tweets.user_mentions":"[]",
        "tweets.urls":"['http:\/\/bit.ly\/1joq4mx']",
        "tweets.user_name":"UPI",
        "tweets.followers_count":48198,
        "topics.title":"Four Downs: Fantasy TEs emerge"
    },
    {
        "topic":"f0c1a6e3-3fbd-4dff-8d29-9b11a56f8658",
        "tweetID":648370571982405632,
        "relevancy":2,
        "tweets.created_at":"2015-09-28T05:36:05.000Z",
        "tweets.full_text":"New England Patriots, Tom Brady enjoy record day in 51-17 win   ",
        "tweets.hashtags":"[]",
        "tweets.user_mentions":"[]",
        "tweets.urls":"['http:\/\/bit.ly\/1LIUmLS']",
        "tweets.user_name":"UPI",
        "tweets.followers_count":48198,
        "topics.title":"Four Downs: Fantasy TEs emerge"
    },
    {
        "topic":"f0c1a6e3-3fbd-4dff-8d29-9b11a56f8658",
        "tweetID":648460080875216896,
        "relevancy":1,
        "tweets.created_at":"2015-09-28T11:31:45.000Z",
        "tweets.full_text":"Julian Edelman happy for Tom Brady and his \u2018unbelievable accomplishment\u2019 of 400 career touchdown passes   ",
        "tweets.hashtags":"[]",
        "tweets.user_mentions":"[]",
        "tweets.urls":"['http:\/\/itiswhatitis.weei.com\/sports\/newengland\/football\/patriots\/2015\/09\/27\/julian-edelman-happy-for-tom-brady-and-his-unbelievable-accomplishment-of-400-career-touchdown-passes\/']",
        "tweets.user_name":"cpriceglobe",
        "tweets.followers_count":35159,
        "topics.title":"Four Downs: Fantasy TEs emerge"
    }
]