{
    "topic":"8b31120e-d654-45b4-a5df-8fef674339d8",
    "topics.content":"at 16:15 PM EDT [Business Wire] \u2013 MetLife, Inc. today announced that its board of directors has authorized additional repurchases of MetLife common stock, bringing MetLife\u2019s available repurchase authorization to $1 billion. Read more on this. . . . \u2192 Read More: Company Update (NYSE:MET): MetLife Increases Share Repurchase Authorization to $1 Billion Similar Articles: Company Update: MetLife Inc (NYSE:MET) \u2013 MetLife Declares Third Quarter 2015 Preferred Stock Dividend Stock Update: MetLife Inc (NYSE:MET) \u2013 MetLife Provides $505 Million Loan to Facilitate Refinancing of Hotel Portfolio at Universal Orlando Resort Company Update: MetLife Inc (NYSE:MET) \u2013 MetLife Named a Top 20 U.S. and Global Company in Newsweek Green Rankings           Related Stocks.  ",
    "topics.title":"Company Update (NYSE:MET): MetLife Increases Share Repurchase Authorization to $1 Billion",
    "topics.media-type":"News",
    "topics.source":"Wall Street Select",
    "topics.published":"2015-09-22T20:15:00.000Z",
    "topic_tweets":5,
    "tweets.created_at_initial":"2015-01-09 15:58:15",
    "tweets.created_at_final":"2015-09-28 22:16:04",
    "tweets.time_interval":262.0
}