{
    "topic":"96dea64b-8da0-43d3-a15f-5ba682635881",
    "topics.content":"Energen Corporation (NYSE: EGN) senior managers will meet with members of the investment community at the Deutsche Bank Energy One-on-One Corporate Days in Boston on September 29-30, 2015. Associated meeting materials will be available for viewing on Energens home page,  beginning Tuesday, September 29, at 1:00 p.m. ET. Energen Corporation is an oil and gas exploration and production company with headquarters in Birmingham, Alabama. At year-end 2014, the company had 1.1 billion barrels of oil-equivalent proved, probable, and possible reserves and another 2.2 billion barrels of oil-equivalent contingent resources. These all-domestic reserves and resources are located primarily in the Permian Basin in west Texas. For more information, go to    View source version on businesswire   Energen Corporation  Julie S. Ryland, 205-326-8421.  ",
    "topics.title":"Energen to Participate in Deutsche Bank Energy One-on-One Corporate Days",
    "topics.media-type":"News",
    "topics.source":"Benzinga.com",
    "topics.published":"2015-09-28T15:25:41.000Z",
    "topic_tweets":3,
    "tweets.created_at_initial":"2015-03-09 21:50:03",
    "tweets.created_at_final":"2015-09-22 21:49:21",
    "tweets.time_interval":196.0
}