[
    {
        "topic":"ecee1173-832a-41b9-a479-d7e1093a1dd4",
        "tweetID":647053818371313664,
        "relevancy":1,
        "tweets.created_at":"2015-09-24T14:23:46.000Z",
        "tweets.full_text":"It is important that today, as in the past, the voice of faith continue to be heard, for it is a voice of fraternity and lov\u2026.  ",
        "tweets.hashtags":"[]",
        "tweets.user_mentions":"['edatpost']",
        "tweets.urls":"[]",
        "tweets.user_name":"yvonnewingett",
        "tweets.followers_count":19786,
        "topics.title":"Caught in Glencore\u2019s financial squall"
    },
    {
        "topic":"ecee1173-832a-41b9-a479-d7e1093a1dd4",
        "tweetID":638627606821081088,
        "relevancy":1,
        "tweets.created_at":"2015-01-09T08:21:01.000Z",
        "tweets.full_text":"Ciaz diesel hybrid another Maruti masterstroke. Great price (thanks to tax hybrid tax breaks) &amp; record efficiency.   ",
        "tweets.hashtags":"[]",
        "tweets.user_mentions":"[]",
        "tweets.urls":"['http:\/\/www.autocarindia.com\/auto-news\/maruti-ciaz-shvs-diesel-hybrid-launched-at-rs-823-lakh-397206.aspx']",
        "tweets.user_name":"hormazdsorabjee",
        "tweets.followers_count":93717,
        "topics.title":"Caught in Glencore\u2019s financial squall"
    },
    {
        "topic":"ecee1173-832a-41b9-a479-d7e1093a1dd4",
        "tweetID":640493995454517248,
        "relevancy":2,
        "tweets.created_at":"2015-06-09T11:57:22.000Z",
        "tweets.full_text":"So far on mines #ANCYL resolves that the state expedites the creation of the state owned mining company #SABCNews.  ",
        "tweets.hashtags":"['ANCYL', 'SABCNews']",
        "tweets.user_mentions":"[]",
        "tweets.urls":"[]",
        "tweets.user_name":"AldrinSampear",
        "tweets.followers_count":148775,
        "topics.title":"Caught in Glencore\u2019s financial squall"
    },
    {
        "topic":"ecee1173-832a-41b9-a479-d7e1093a1dd4",
        "tweetID":640942956640272384,
        "relevancy":1,
        "tweets.created_at":"2015-07-09T17:41:23.000Z",
        "tweets.full_text":"The fact is, we are engaged in a war of survival. The way to win it will be to focus on the global problem. - #Hoodw\u2026.  ",
        "tweets.hashtags":"[]",
        "tweets.user_mentions":"['economic_hitman']",
        "tweets.urls":"[]",
        "tweets.user_name":"anaelisafoto",
        "tweets.followers_count":3947,
        "topics.title":"Caught in Glencore\u2019s financial squall"
    },
    {
        "topic":"ecee1173-832a-41b9-a479-d7e1093a1dd4",
        "tweetID":641173943567687680,
        "relevancy":2,
        "tweets.created_at":"2015-08-09T08:59:15.000Z",
        "tweets.full_text":"PIA-5\/ALBAY: The Mines and Geosciences Bureau (MGB) Bicol annouced that the Philippine Society of Mining...   ",
        "tweets.hashtags":"[]",
        "tweets.user_mentions":"[]",
        "tweets.urls":"['http:\/\/fb.me\/6NkV2BcZY']",
        "tweets.user_name":"DisasterInfoPH",
        "tweets.followers_count":27889,
        "topics.title":"Caught in Glencore\u2019s financial squall"
    },
    {
        "topic":"ecee1173-832a-41b9-a479-d7e1093a1dd4",
        "tweetID":641185645537329152,
        "relevancy":1,
        "tweets.created_at":"2015-08-09T09:45:45.000Z",
        "tweets.full_text":"By and large, a major crux of the entire discussion was that in terms of its economy India is relatively untouched: Arun Jaitley.  ",
        "tweets.hashtags":"[]",
        "tweets.user_mentions":"[]",
        "tweets.urls":"[]",
        "tweets.user_name":"CNNnews18",
        "tweets.followers_count":4560837,
        "topics.title":"Caught in Glencore\u2019s financial squall"
    },
    {
        "topic":"ecee1173-832a-41b9-a479-d7e1093a1dd4",
        "tweetID":642729549520875520,
        "relevancy":1,
        "tweets.created_at":"2015-12-09T16:00:40.000Z",
        "tweets.full_text":"This is also a triumph for those of us who represent the will to put politics at the service of the people   ",
        "tweets.hashtags":"[]",
        "tweets.user_mentions":"[]",
        "tweets.urls":"['http:\/\/www.cfkargentina.com\/argentina-congratulates-jeremy-corbyn-on-his-labour-leadership-victory\/']",
        "tweets.user_name":"CFKArgentina",
        "tweets.followers_count":5961525,
        "topics.title":"Caught in Glencore\u2019s financial squall"
    },
    {
        "topic":"ecee1173-832a-41b9-a479-d7e1093a1dd4",
        "tweetID":643013797112848384,
        "relevancy":1,
        "tweets.created_at":"2015-09-13T10:50:10.000Z",
        "tweets.full_text":"The idea of #SANParksMAHALAWeek was conceived in SA in 2006 after  realising that a vast majority of SAfricans were not accessing the NPs.  ",
        "tweets.hashtags":"['SANParksMAHALAWeek']",
        "tweets.user_mentions":"[]",
        "tweets.urls":"[]",
        "tweets.user_name":"SANParks",
        "tweets.followers_count":93960,
        "topics.title":"Caught in Glencore\u2019s financial squall"
    },
    {
        "topic":"ecee1173-832a-41b9-a479-d7e1093a1dd4",
        "tweetID":644821940646113281,
        "relevancy":1,
        "tweets.created_at":"2015-09-18T10:35:05.000Z",
        "tweets.full_text":"Farmer Focus: Goat milk bucking dairy price trend | #OrganicNews   ",
        "tweets.hashtags":"['OrganicNews']",
        "tweets.user_mentions":"[]",
        "tweets.urls":"['http:\/\/sco.lt\/6CmiW1']",
        "tweets.user_name":"SoilAssociation",
        "tweets.followers_count":103648,
        "topics.title":"Caught in Glencore\u2019s financial squall"
    },
    {
        "topic":"ecee1173-832a-41b9-a479-d7e1093a1dd4",
        "tweetID":648532894017847296,
        "relevancy":1,
        "tweets.created_at":"2015-09-28T16:21:05.000Z",
        "tweets.full_text":"G\u00e9rard Mestrallet, Chairman, CEO  says we must get carbon price but also bigger investment in clean energy &amp; efficiency. #CWNYC.  ",
        "tweets.hashtags":"['CWNYC']",
        "tweets.user_mentions":"['ENGIEgroup']",
        "tweets.urls":"[]",
        "tweets.user_name":"AndreaLearned",
        "tweets.followers_count":16370,
        "topics.title":"Caught in Glencore\u2019s financial squall"
    }
]