{
    "topic":"f853bd19-8f5b-468d-a261-a2cb9c7407bc",
    "topics.content":"Story highlights For Palin, whose own son, Trig, has Down syndrome, this particular issue touches close to home I dont think because the child has one extra chromosome they should be able to snuff that life out, Palin said   I dont think because the child has one extra chromosome they should be able to snuff that life out, Palin told CNNs Jake Tapper in an interview that aired Sunday on State of the Union.   For the 2008 GOP vice presidential nominee, Palin, whose own son, Trig, has Down syndrome, this particular issue touches close to home.   There is some fear there of the unknown, Palin said. Certainly, there was fear in my heart about how in the world are we going to be able to handle the challenges up ahead, not necessarily thinking of the beauty that could come from a child being different, being unique.   Between 60% and 90% of prenatal Down syndrome diagnosis result in abortion, according to a review of termination rates in the United States between 1995 and 2011 conducted by the International Society for Prenatal Diagnosis. On Sunday, Palin blamed cultural acceptance for the prevalence of abortions in such cases.   Culture has told these women ... youre not capable of being able to handle and nurture and love and raise a child with special needs, she told Tapper.   Palins comments come as the Ohio legislature considers a bill that would prohibit abortions in cases involving Down syndrome. Kasich, a 2016 presidential hopeful who opposes abortion except in cases of rape, incest or to preserve the life of the mother, has not yet commented on the bill.   But the former Alaska governor wishes more people, especially those in favor of abortion rights, could meet kids like Trig.   Theyre amazing, wonderful kids, she said. They teach us more than were ever going to be able to teach them..  ",
    "topics.title":"Down syndrome no reason for abortion, Palin says",
    "topics.media-type":"News",
    "topics.source":"CNN Money",
    "topics.published":"2015-06-09T13:40:49.000Z",
    "topic_tweets":16,
    "tweets.created_at_initial":"2015-06-09 13:32:13",
    "tweets.created_at_final":"2015-11-09 02:02:57",
    "tweets.time_interval":152.0
}