[
    {
        "topic":"f853bd19-8f5b-468d-a261-a2cb9c7407bc",
        "tweetID":640517865033043968,
        "relevancy":1,
        "tweets.created_at":"2015-06-09T13:32:13.000Z",
        "tweets.full_text":"Sarah Palin has announced that she would like to join a Trump administration in the U.S. Highly reassuring..  ",
        "tweets.hashtags":"[]",
        "tweets.user_mentions":"['carlbildt']",
        "tweets.urls":"[]",
        "tweets.user_name":"ClancyReports",
        "tweets.followers_count":83069,
        "topics.title":"Down syndrome no reason for abortion, Palin says"
    },
    {
        "topic":"f853bd19-8f5b-468d-a261-a2cb9c7407bc",
        "tweetID":640552296330362880,
        "relevancy":2,
        "tweets.created_at":"2015-06-09T15:49:02.000Z",
        "tweets.full_text":"Palin: Down syndrome no reason for abortion   ",
        "tweets.hashtags":"[]",
        "tweets.user_mentions":"[]",
        "tweets.urls":"['http:\/\/on.wlwt.com\/1hNf68Z']",
        "tweets.user_name":"WLWT",
        "tweets.followers_count":136513,
        "topics.title":"Down syndrome no reason for abortion, Palin says"
    },
    {
        "topic":"f853bd19-8f5b-468d-a261-a2cb9c7407bc",
        "tweetID":640553682996629505,
        "relevancy":2,
        "tweets.created_at":"2015-06-09T15:54:33.000Z",
        "tweets.full_text":"Palin: Down syndrome no reason for abortion   ",
        "tweets.hashtags":"[]",
        "tweets.user_mentions":"[]",
        "tweets.urls":"['http:\/\/on.wyff4.com\/1hNggS2']",
        "tweets.user_name":"wyffnews4",
        "tweets.followers_count":121564,
        "topics.title":"Down syndrome no reason for abortion, Palin says"
    },
    {
        "topic":"f853bd19-8f5b-468d-a261-a2cb9c7407bc",
        "tweetID":640554062056853505,
        "relevancy":2,
        "tweets.created_at":"2015-06-09T15:56:03.000Z",
        "tweets.full_text":"Palin: Down syndrome no reason for abortion   ",
        "tweets.hashtags":"[]",
        "tweets.user_mentions":"[]",
        "tweets.urls":"['http:\/\/on.wpbf.com\/1i5QXet']",
        "tweets.user_name":"WPBF25News",
        "tweets.followers_count":122539,
        "topics.title":"Down syndrome no reason for abortion, Palin says"
    },
    {
        "topic":"f853bd19-8f5b-468d-a261-a2cb9c7407bc",
        "tweetID":640556963311390720,
        "relevancy":2,
        "tweets.created_at":"2015-06-09T16:07:35.000Z",
        "tweets.full_text":"Palin: Down syndrome no reason for abortion   ",
        "tweets.hashtags":"[]",
        "tweets.user_mentions":"[]",
        "tweets.urls":"['http:\/\/on.ketv.com\/1hNj0id']",
        "tweets.user_name":"KETV",
        "tweets.followers_count":157768,
        "topics.title":"Down syndrome no reason for abortion, Palin says"
    },
    {
        "topic":"f853bd19-8f5b-468d-a261-a2cb9c7407bc",
        "tweetID":640647049696935936,
        "relevancy":2,
        "tweets.created_at":"2015-06-09T22:05:33.000Z",
        "tweets.full_text":"Sarah Palin supports Ohio bill that would ban abortions for Down syndrome    ",
        "tweets.hashtags":"[]",
        "tweets.user_mentions":"[]",
        "tweets.urls":"['http:\/\/huff.to\/1VHyxz5']",
        "tweets.user_name":"HuffPost",
        "tweets.followers_count":11459273,
        "topics.title":"Down syndrome no reason for abortion, Palin says"
    },
    {
        "topic":"f853bd19-8f5b-468d-a261-a2cb9c7407bc",
        "tweetID":640782834513285121,
        "relevancy":2,
        "tweets.created_at":"2015-07-09T07:05:07.000Z",
        "tweets.full_text":". Down syndrome is no reason for an abortion  #PalinOnCNN   ",
        "tweets.hashtags":"['PalinOnCNN']",
        "tweets.user_mentions":"['SarahPalinUSA']",
        "tweets.urls":"['http:\/\/cnn.it\/1XzfsRw']",
        "tweets.user_name":"CNNPolitics",
        "tweets.followers_count":4013395,
        "topics.title":"Down syndrome no reason for abortion, Palin says"
    },
    {
        "topic":"f853bd19-8f5b-468d-a261-a2cb9c7407bc",
        "tweetID":640856696668192768,
        "relevancy":2,
        "tweets.created_at":"2015-07-09T11:58:37.000Z",
        "tweets.full_text":"Down syndrome is no reason for an abortion  #PalinOnCNN   ",
        "tweets.hashtags":"['PalinOnCNN']",
        "tweets.user_mentions":"['CNNPolitics', 'SarahPalinUSA']",
        "tweets.urls":"['http:\/\/cnn.it\/1XzfsRw']",
        "tweets.user_name":"Eugene_Scott",
        "tweets.followers_count":106542,
        "topics.title":"Down syndrome no reason for abortion, Palin says"
    },
    {
        "topic":"f853bd19-8f5b-468d-a261-a2cb9c7407bc",
        "tweetID":640859830463397888,
        "relevancy":2,
        "tweets.created_at":"2015-07-09T12:11:04.000Z",
        "tweets.full_text":"Sarah Palin supports Ohio bill that would ban abortions for Down syndrome    ",
        "tweets.hashtags":"[]",
        "tweets.user_mentions":"[]",
        "tweets.urls":"['http:\/\/huff.to\/1EJmsFw']",
        "tweets.user_name":"HuffPostPol",
        "tweets.followers_count":1457097,
        "topics.title":"Down syndrome no reason for abortion, Palin says"
    },
    {
        "topic":"f853bd19-8f5b-468d-a261-a2cb9c7407bc",
        "tweetID":641150317451579392,
        "relevancy":1,
        "tweets.created_at":"2015-08-09T07:25:22.000Z",
        "tweets.full_text":"Sarah Palin, still completely ignorant.   ",
        "tweets.hashtags":"[]",
        "tweets.user_mentions":"['tweetsintheME']",
        "tweets.urls":"['http:\/\/www.vox.com\/2015\/9\/7\/9272275\/palin-trump-energy-secretary']",
        "tweets.user_name":"azelin",
        "tweets.followers_count":43502,
        "topics.title":"Down syndrome no reason for abortion, Palin says"
    },
    {
        "topic":"f853bd19-8f5b-468d-a261-a2cb9c7407bc",
        "tweetID":642156344934563840,
        "relevancy":1,
        "tweets.created_at":"2015-11-09T02:02:57.000Z",
        "tweets.full_text":"Dont miss this from Sarah Palin. Evidently some people think this is smart, anti-Obama political discourse.   ",
        "tweets.hashtags":"[]",
        "tweets.user_mentions":"[]",
        "tweets.urls":"['https:\/\/twitter.com\/jonfavs\/status\/641986364653703169']",
        "tweets.user_name":"greenhousenyt",
        "tweets.followers_count":52625,
        "topics.title":"Down syndrome no reason for abortion, Palin says"
    },
    {
        "topic":"f853bd19-8f5b-468d-a261-a2cb9c7407bc",
        "tweetID":643231227516850176,
        "relevancy":2,
        "tweets.created_at":"2015-09-14T01:14:09.000Z",
        "tweets.full_text":"Column: Dragging Down syndrome into abortion debate.   ",
        "tweets.hashtags":"[]",
        "tweets.user_mentions":"[]",
        "tweets.urls":"['http:\/\/www.denverpost.com\/opinion\/ci_28797297\/meyer:-dragging-down-syndrome-into-the-politics-of-abortion']",
        "tweets.user_name":"jpmeyer66",
        "tweets.followers_count":3894,
        "topics.title":"Down syndrome no reason for abortion, Palin says"
    },
    {
        "topic":"f853bd19-8f5b-468d-a261-a2cb9c7407bc",
        "tweetID":644336050702127104,
        "relevancy":1,
        "tweets.created_at":"2015-09-17T02:24:20.000Z",
        "tweets.full_text":"Faxing questions to Jake Tapper right now!.  ",
        "tweets.hashtags":"[]",
        "tweets.user_mentions":"[]",
        "tweets.urls":"[]",
        "tweets.user_name":"JimPethokoukis",
        "tweets.followers_count":54045,
        "topics.title":"Down syndrome no reason for abortion, Palin says"
    },
    {
        "topic":"f853bd19-8f5b-468d-a261-a2cb9c7407bc",
        "tweetID":645370740284506112,
        "relevancy":2,
        "tweets.created_at":"2015-09-19T22:55:49.000Z",
        "tweets.full_text":"John Kasich says he would sign Ohios bill to ban abortion in cases of Down syndrome.   ",
        "tweets.hashtags":"[]",
        "tweets.user_mentions":"[]",
        "tweets.urls":"['http:\/\/cnn.it\/1QPGoYt']",
        "tweets.user_name":"cnnbrk",
        "tweets.followers_count":60640731,
        "topics.title":"Down syndrome no reason for abortion, Palin says"
    },
    {
        "topic":"f853bd19-8f5b-468d-a261-a2cb9c7407bc",
        "tweetID":649203469409210368,
        "relevancy":1,
        "tweets.created_at":"2015-09-30T12:45:43.000Z",
        "tweets.full_text":"The Beginning of the End for Trump: His Sarah Palin Moment by     ",
        "tweets.hashtags":"[]",
        "tweets.user_mentions":"['ariannahuff']",
        "tweets.urls":"['http:\/\/m.huffpost.com\/us\/entry\/8177692']",
        "tweets.user_name":"mehdirhasan",
        "tweets.followers_count":1027254,
        "topics.title":"Down syndrome no reason for abortion, Palin says"
    },
    {
        "topic":"f853bd19-8f5b-468d-a261-a2cb9c7407bc",
        "tweetID":649273306307293184,
        "relevancy":2,
        "tweets.created_at":"2015-09-30T17:23:13.000Z",
        "tweets.full_text":"Ohio Right to Life supports OH abortion bill now under consideration that would ban abortions after a Down Syndrome diagnosis. PP opposes it.  ",
        "tweets.hashtags":"[]",
        "tweets.user_mentions":"[]",
        "tweets.urls":"[]",
        "tweets.user_name":"joingles",
        "tweets.followers_count":11255,
        "topics.title":"Down syndrome no reason for abortion, Palin says"
    }
]