[
    {
        "topic":"68047331-25e1-4af5-974b-766f1338bef0",
        "tweetID":640575386087133184,
        "relevancy":2,
        "tweets.created_at":"2015-06-09T17:20:48.000Z",
        "tweets.full_text":"Hamilton keeps Italian Grand Prix win: Lewis Hamilton has kept his victory at the Italian Grand ...  #F1LiveStream.  ",
        "tweets.hashtags":"['F1LiveStream']",
        "tweets.user_mentions":"[]",
        "tweets.urls":"['http:\/\/bit.ly\/1JZ2GBD']",
        "tweets.user_name":"Etienne_Dokkum",
        "tweets.followers_count":6258,
        "topics.title":"Italian Grand Prix 2015 report: Lewis Hamilton feels little pressure despite tyre probe"
    },
    {
        "topic":"68047331-25e1-4af5-974b-766f1338bef0",
        "tweetID":640575396593844224,
        "relevancy":2,
        "tweets.created_at":"2015-06-09T17:20:50.000Z",
        "tweets.full_text":"From F1Zone : Hamilton keeps Italian Grand Prix win: Lewis Hamilton has kept his victory at the ...  #F1LiveStream.  ",
        "tweets.hashtags":"['F1LiveStream']",
        "tweets.user_mentions":"[]",
        "tweets.urls":"['http:\/\/bit.ly\/1JZ2GBD']",
        "tweets.user_name":"Etienne_Dokkum",
        "tweets.followers_count":6258,
        "topics.title":"Italian Grand Prix 2015 report: Lewis Hamilton feels little pressure despite tyre probe"
    },
    {
        "topic":"68047331-25e1-4af5-974b-766f1338bef0",
        "tweetID":639781442201907200,
        "relevancy":1,
        "tweets.created_at":"2015-04-09T12:45:57.000Z",
        "tweets.full_text":"Lewis Hamilton on top again at Italian Grand Prix   ",
        "tweets.hashtags":"[]",
        "tweets.user_mentions":"[]",
        "tweets.urls":"['http:\/\/bit.ly\/1XpppAM']",
        "tweets.user_name":"TimesLiveNews",
        "tweets.followers_count":20031,
        "topics.title":"Italian Grand Prix 2015 report: Lewis Hamilton feels little pressure despite tyre probe"
    },
    {
        "topic":"68047331-25e1-4af5-974b-766f1338bef0",
        "tweetID":640092775153823744,
        "relevancy":2,
        "tweets.created_at":"2015-05-09T09:23:04.000Z",
        "tweets.full_text":"George Lucas is in the paddock today. Cue tenuous Star Wars links.   Feel the  or something like that.   ",
        "tweets.hashtags":"[]",
        "tweets.user_mentions":"['ForceIndiaF1']",
        "tweets.urls":"[]",
        "tweets.user_name":"bbcf1",
        "tweets.followers_count":278740,
        "topics.title":"Italian Grand Prix 2015 report: Lewis Hamilton feels little pressure despite tyre probe"
    },
    {
        "topic":"68047331-25e1-4af5-974b-766f1338bef0",
        "tweetID":640148311979069440,
        "relevancy":1,
        "tweets.created_at":"2015-05-09T13:03:45.000Z",
        "tweets.full_text":"Lewis Hamilton takes pole for the Italian Grand Prix | via   ",
        "tweets.hashtags":"[]",
        "tweets.user_mentions":"['AFP']",
        "tweets.urls":"[]",
        "tweets.user_name":"gmanews",
        "tweets.followers_count":5849733,
        "topics.title":"Italian Grand Prix 2015 report: Lewis Hamilton feels little pressure despite tyre probe"
    },
    {
        "topic":"68047331-25e1-4af5-974b-766f1338bef0",
        "tweetID":640494886437978112,
        "relevancy":1,
        "tweets.created_at":"2015-06-09T12:00:55.000Z",
        "tweets.full_text":"The formation lap is underway - follow all lap-by-lap action in our live blog:  #SkyF1   ",
        "tweets.hashtags":"['SkyF1']",
        "tweets.user_mentions":"[]",
        "tweets.urls":"['http:\/\/skysports.tv\/fyO7u9']",
        "tweets.user_name":"SkySportsF1",
        "tweets.followers_count":1023241,
        "topics.title":"Italian Grand Prix 2015 report: Lewis Hamilton feels little pressure despite tyre probe"
    },
    {
        "topic":"68047331-25e1-4af5-974b-766f1338bef0",
        "tweetID":640494917870092288,
        "relevancy":1,
        "tweets.created_at":"2015-06-09T12:01:02.000Z",
        "tweets.full_text":" #SkyF1   ",
        "tweets.hashtags":"['SkyF1']",
        "tweets.user_mentions":"['SkySportsF1']",
        "tweets.urls":"['http:\/\/skysports.tv\/fyO7u9']",
        "tweets.user_name":"F1grid",
        "tweets.followers_count":69226,
        "topics.title":"Italian Grand Prix 2015 report: Lewis Hamilton feels little pressure despite tyre probe"
    },
    {
        "topic":"68047331-25e1-4af5-974b-766f1338bef0",
        "tweetID":640515164106813440,
        "relevancy":1,
        "tweets.created_at":"2015-06-09T13:21:29.000Z",
        "tweets.full_text":"Lewis Hamilton wins the 2015 Italian Grand Prix #F1.  ",
        "tweets.hashtags":"['F1']",
        "tweets.user_mentions":"[]",
        "tweets.urls":"[]",
        "tweets.user_name":"MotorsportWeek",
        "tweets.followers_count":34365,
        "topics.title":"Italian Grand Prix 2015 report: Lewis Hamilton feels little pressure despite tyre probe"
    },
    {
        "topic":"68047331-25e1-4af5-974b-766f1338bef0",
        "tweetID":640515370579828736,
        "relevancy":1,
        "tweets.created_at":"2015-06-09T13:22:19.000Z",
        "tweets.full_text":"Lewis Hamilton claims the Italian Grand Prix, his 7th win of the season, ahead of Sebastian Vettel &amp; Felipe Massa. #SSF1.  ",
        "tweets.hashtags":"['SSF1']",
        "tweets.user_mentions":"[]",
        "tweets.urls":"[]",
        "tweets.user_name":"SuperSportBlitz",
        "tweets.followers_count":1263827,
        "topics.title":"Italian Grand Prix 2015 report: Lewis Hamilton feels little pressure despite tyre probe"
    },
    {
        "topic":"68047331-25e1-4af5-974b-766f1338bef0",
        "tweetID":640516562269683712,
        "relevancy":1,
        "tweets.created_at":"2015-06-09T13:27:03.000Z",
        "tweets.full_text":"Lewis Hamilton wins Italian Grand Prix   ",
        "tweets.hashtags":"[]",
        "tweets.user_mentions":"[]",
        "tweets.urls":"['http:\/\/bbc.in\/1NbkcYs']",
        "tweets.user_name":"BreakingCoDotUK",
        "tweets.followers_count":76181,
        "topics.title":"Italian Grand Prix 2015 report: Lewis Hamilton feels little pressure despite tyre probe"
    },
    {
        "topic":"68047331-25e1-4af5-974b-766f1338bef0",
        "tweetID":640518935889227776,
        "relevancy":2,
        "tweets.created_at":"2015-06-09T13:36:29.000Z",
        "tweets.full_text":"Hamilton takes Italian Grand Prix victory - but faces investigation over tyre infringement   ",
        "tweets.hashtags":"[]",
        "tweets.user_mentions":"[]",
        "tweets.urls":"['http:\/\/bbc.in\/1JJHnEK']",
        "tweets.user_name":"andrewbensonf1",
        "tweets.followers_count":151683,
        "topics.title":"Italian Grand Prix 2015 report: Lewis Hamilton feels little pressure despite tyre probe"
    },
    {
        "topic":"68047331-25e1-4af5-974b-766f1338bef0",
        "tweetID":640519184816848897,
        "relevancy":1,
        "tweets.created_at":"2015-06-09T13:37:28.000Z",
        "tweets.full_text":"Breaking: Britains Lewis Hamilton wins Italian Formula One Grand Prix for Mercedes..  ",
        "tweets.hashtags":"[]",
        "tweets.user_mentions":"[]",
        "tweets.urls":"[]",
        "tweets.user_name":"gulf_news",
        "tweets.followers_count":1190574,
        "topics.title":"Italian Grand Prix 2015 report: Lewis Hamilton feels little pressure despite tyre probe"
    },
    {
        "topic":"68047331-25e1-4af5-974b-766f1338bef0",
        "tweetID":640526454548094976,
        "relevancy":2,
        "tweets.created_at":"2015-06-09T14:06:21.000Z",
        "tweets.full_text":"Italian Grand Prix: Lewis Hamilton take victory but faces stewards investigation   ",
        "tweets.hashtags":"[]",
        "tweets.user_mentions":"[]",
        "tweets.urls":"['http:\/\/goo.gl\/fb\/wqWNiE']",
        "tweets.user_name":"Jamesallenonf1",
        "tweets.followers_count":167155,
        "topics.title":"Italian Grand Prix 2015 report: Lewis Hamilton feels little pressure despite tyre probe"
    },
    {
        "topic":"68047331-25e1-4af5-974b-766f1338bef0",
        "tweetID":640526470054477825,
        "relevancy":2,
        "tweets.created_at":"2015-06-09T14:06:25.000Z",
        "tweets.full_text":"Mercedes investigated over tyres: Italian Grand Prix winner Lewis Hamilton and Mercedes team-mat...  #F1LiveStream.  ",
        "tweets.hashtags":"['F1LiveStream']",
        "tweets.user_mentions":"[]",
        "tweets.urls":"['http:\/\/bit.ly\/1hMZtOL']",
        "tweets.user_name":"Etienne_Dokkum",
        "tweets.followers_count":6258,
        "topics.title":"Italian Grand Prix 2015 report: Lewis Hamilton feels little pressure despite tyre probe"
    },
    {
        "topic":"68047331-25e1-4af5-974b-766f1338bef0",
        "tweetID":640527952313196544,
        "relevancy":1,
        "tweets.created_at":"2015-06-09T14:12:18.000Z",
        "tweets.full_text":"Lewis Hamilton takes the chequered flag in the Italian Grand Prix.   ",
        "tweets.hashtags":"[]",
        "tweets.user_mentions":"[]",
        "tweets.urls":"['http:\/\/fb.me\/3dJ0sB4aY']",
        "tweets.user_name":"TemesghenD",
        "tweets.followers_count":3278,
        "topics.title":"Italian Grand Prix 2015 report: Lewis Hamilton feels little pressure despite tyre probe"
    },
    {
        "topic":"68047331-25e1-4af5-974b-766f1338bef0",
        "tweetID":640538782840803328,
        "relevancy":1,
        "tweets.created_at":"2015-06-09T14:55:21.000Z",
        "tweets.full_text":"Lewis Hamilton of Mercedes wins the #ItalianGP. His seventh win of the year. #F1.  ",
        "tweets.hashtags":"['ItalianGP', 'F1']",
        "tweets.user_mentions":"['iambolar']",
        "tweets.urls":"[]",
        "tweets.user_name":"NigeriainfoFM",
        "tweets.followers_count":1090357,
        "topics.title":"Italian Grand Prix 2015 report: Lewis Hamilton feels little pressure despite tyre probe"
    },
    {
        "topic":"68047331-25e1-4af5-974b-766f1338bef0",
        "tweetID":640546515367235585,
        "relevancy":2,
        "tweets.created_at":"2015-06-09T15:26:04.000Z",
        "tweets.full_text":"Hamilton wins Italian Grand Prix pending tyre investigation  via    ",
        "tweets.hashtags":"[]",
        "tweets.user_mentions":"['IrishTimesSport']",
        "tweets.urls":"['http:\/\/www.irishtimes.com\/sport\/other-sports\/hamilton-wins-italian-grand-prix-pending-tyre-investigation-1.2341986']",
        "tweets.user_name":"IrishTimes",
        "tweets.followers_count":586065,
        "topics.title":"Italian Grand Prix 2015 report: Lewis Hamilton feels little pressure despite tyre probe"
    },
    {
        "topic":"68047331-25e1-4af5-974b-766f1338bef0",
        "tweetID":640558617821843456,
        "relevancy":2,
        "tweets.created_at":"2015-06-09T16:14:10.000Z",
        "tweets.full_text":"Lewis Hamilton keeps his Italian Grand Prix win after Mercedes were cleared of breaching tyre rules &amp; regulations. #SSF1.  ",
        "tweets.hashtags":"['SSF1']",
        "tweets.user_mentions":"[]",
        "tweets.urls":"[]",
        "tweets.user_name":"SuperSportBlitz",
        "tweets.followers_count":1263827,
        "topics.title":"Italian Grand Prix 2015 report: Lewis Hamilton feels little pressure despite tyre probe"
    },
    {
        "topic":"68047331-25e1-4af5-974b-766f1338bef0",
        "tweetID":640619471795810304,
        "relevancy":1,
        "tweets.created_at":"2015-06-09T20:15:58.000Z",
        "tweets.full_text":"In a country far, far away, George Lucas helped F1 driver Lewis Hamilton celebrate a win.    ",
        "tweets.hashtags":"[]",
        "tweets.user_mentions":"[]",
        "tweets.urls":"['http:\/\/trib.in\/1OoCCnq']",
        "tweets.user_name":"chicagotribune",
        "tweets.followers_count":1126020,
        "topics.title":"Italian Grand Prix 2015 report: Lewis Hamilton feels little pressure despite tyre probe"
    },
    {
        "topic":"68047331-25e1-4af5-974b-766f1338bef0",
        "tweetID":640628952978059264,
        "relevancy":1,
        "tweets.created_at":"2015-06-09T20:53:39.000Z",
        "tweets.full_text":"Lewis Hamilton wins Italian Grand Prix, despair for Rosberg   ",
        "tweets.hashtags":"[]",
        "tweets.user_mentions":"['France24_en']",
        "tweets.urls":"['http:\/\/f24.my\/1hOavDs']",
        "tweets.user_name":"ebraheemshehu",
        "tweets.followers_count":5688,
        "topics.title":"Italian Grand Prix 2015 report: Lewis Hamilton feels little pressure despite tyre probe"
    },
    {
        "topic":"68047331-25e1-4af5-974b-766f1338bef0",
        "tweetID":640709903905091584,
        "relevancy":2,
        "tweets.created_at":"2015-07-09T02:15:19.000Z",
        "tweets.full_text":"Lewis Hamilton wins Italian Grand Prix as Monza stewards investigate tyres     ",
        "tweets.hashtags":"[]",
        "tweets.user_mentions":"[]",
        "tweets.urls":"['http:\/\/ow.ly\/RQSKE']",
        "tweets.user_name":"EconomicTimes",
        "tweets.followers_count":3827801,
        "topics.title":"Italian Grand Prix 2015 report: Lewis Hamilton feels little pressure despite tyre probe"
    },
    {
        "topic":"68047331-25e1-4af5-974b-766f1338bef0",
        "tweetID":640757463063625728,
        "relevancy":1,
        "tweets.created_at":"2015-07-09T05:24:18.000Z",
        "tweets.full_text":"Mercedes Lewis Hamilton claimed the Italian Grand Prix, his 7th win of the season, ahead of Sebastian Vettel &amp; Felipe Massa #SSF1.  ",
        "tweets.hashtags":"['SSF1']",
        "tweets.user_mentions":"[]",
        "tweets.urls":"[]",
        "tweets.user_name":"SuperSportBlitz",
        "tweets.followers_count":1263827,
        "topics.title":"Italian Grand Prix 2015 report: Lewis Hamilton feels little pressure despite tyre probe"
    },
    {
        "topic":"68047331-25e1-4af5-974b-766f1338bef0",
        "tweetID":640758831107194881,
        "relevancy":1,
        "tweets.created_at":"2015-07-09T05:29:44.000Z",
        "tweets.full_text":" b)Lewis Hamilton for winning the Italian Grand Prix..  ",
        "tweets.hashtags":"['ClassicPlay']",
        "tweets.user_mentions":"[]",
        "tweets.urls":"[]",
        "tweets.user_name":"PennyLebyane",
        "tweets.followers_count":223275,
        "topics.title":"Italian Grand Prix 2015 report: Lewis Hamilton feels little pressure despite tyre probe"
    },
    {
        "topic":"68047331-25e1-4af5-974b-766f1338bef0",
        "tweetID":640810739310161920,
        "relevancy":1,
        "tweets.created_at":"2015-07-09T08:56:00.000Z",
        "tweets.full_text":"It got lost in the Merc tyre drama, but I think George Lucas is a waaaaay better filmmaker than interviewer. Sorry Star Wars fans  #F1.  ",
        "tweets.hashtags":"['F1']",
        "tweets.user_mentions":"[]",
        "tweets.urls":"[]",
        "tweets.user_name":"Adorimedia",
        "tweets.followers_count":1096,
        "topics.title":"Italian Grand Prix 2015 report: Lewis Hamilton feels little pressure despite tyre probe"
    },
    {
        "topic":"68047331-25e1-4af5-974b-766f1338bef0",
        "tweetID":640856820974616576,
        "relevancy":1,
        "tweets.created_at":"2015-07-09T11:59:07.000Z",
        "tweets.full_text":"WATCH: Star Wars creator George Lucas interviewed the podium finishers at the #ItalianGP &gt;&gt;    ",
        "tweets.hashtags":"['ItalianGP']",
        "tweets.user_mentions":"[]",
        "tweets.urls":"['http:\/\/f1.com\/1JKgPTX']",
        "tweets.user_name":"F1",
        "tweets.followers_count":5187081,
        "topics.title":"Italian Grand Prix 2015 report: Lewis Hamilton feels little pressure despite tyre probe"
    },
    {
        "topic":"68047331-25e1-4af5-974b-766f1338bef0",
        "tweetID":648023176660692992,
        "relevancy":1,
        "tweets.created_at":"2015-09-27T06:35:39.000Z",
        "tweets.full_text":"#BREAKING Lewis Hamilton wins Japanese Grand Prix for Mercedes.  ",
        "tweets.hashtags":"['BREAKING']",
        "tweets.user_mentions":"[]",
        "tweets.urls":"[]",
        "tweets.user_name":"AFP",
        "tweets.followers_count":1966807,
        "topics.title":"Italian Grand Prix 2015 report: Lewis Hamilton feels little pressure despite tyre probe"
    },
    {
        "topic":"68047331-25e1-4af5-974b-766f1338bef0",
        "tweetID":648023851515842560,
        "relevancy":1,
        "tweets.created_at":"2015-09-27T06:38:20.000Z",
        "tweets.full_text":"LEWIS HAMILTON WINS JAPANESE FORMULA ONE GRAND PRIX FOR MERCEDES #JapaneseGP.  ",
        "tweets.hashtags":"['JapaneseGP']",
        "tweets.user_mentions":"['IExpressSports']",
        "tweets.urls":"[]",
        "tweets.user_name":"IndianExpress",
        "tweets.followers_count":3777293,
        "topics.title":"Italian Grand Prix 2015 report: Lewis Hamilton feels little pressure despite tyre probe"
    },
    {
        "topic":"68047331-25e1-4af5-974b-766f1338bef0",
        "tweetID":648024012132614144,
        "relevancy":1,
        "tweets.created_at":"2015-09-27T06:38:58.000Z",
        "tweets.full_text":"Lewis Hamilton wins Japanese F1 Grand Prix    ",
        "tweets.hashtags":"[]",
        "tweets.user_mentions":"[]",
        "tweets.urls":"['http:\/\/www.itv.com\/news\/update\/2015-09-27\/lewis-hamilton-wins-japanese-formula-one-grand-prix\/']",
        "tweets.user_name":"itvnews",
        "tweets.followers_count":2389558,
        "topics.title":"Italian Grand Prix 2015 report: Lewis Hamilton feels little pressure despite tyre probe"
    }
]