[
    {
        "topic":"0e4f366b-0ecb-415d-bfc4-17494d5a4c58",
        "tweetID":638552132061302784,
        "relevancy":1,
        "tweets.created_at":"2015-01-09T03:21:06.000Z",
        "tweets.full_text":"Think you can take the heat The Gekikara Gourmet Festival starts tomorrow:     ",
        "tweets.hashtags":"[]",
        "tweets.user_mentions":"[]",
        "tweets.urls":"['http:\/\/bit.ly\/1Rov2JG']",
        "tweets.user_name":"TimeOutTokyo",
        "tweets.followers_count":60084,
        "topics.title":"Bangkok Asian Organic Gourmet Festival gears up a notch"
    },
    {
        "topic":"0e4f366b-0ecb-415d-bfc4-17494d5a4c58",
        "tweetID":639754982133243905,
        "relevancy":1,
        "tweets.created_at":"2015-04-09T11:00:48.000Z",
        "tweets.full_text":"ht\u2026.  ",
        "tweets.hashtags":"[]",
        "tweets.user_mentions":"['Tourism_Update']",
        "tweets.urls":"[]",
        "tweets.user_name":"Derek_Hanekom",
        "tweets.followers_count":179553,
        "topics.title":"Bangkok Asian Organic Gourmet Festival gears up a notch"
    },
    {
        "topic":"0e4f366b-0ecb-415d-bfc4-17494d5a4c58",
        "tweetID":642781528485834752,
        "relevancy":1,
        "tweets.created_at":"2015-12-09T19:27:13.000Z",
        "tweets.full_text":"Toronto: Asian Films Flavor Festival   ",
        "tweets.hashtags":"[]",
        "tweets.user_mentions":"[]",
        "tweets.urls":"['http:\/\/bit.ly\/1K5A0tC']",
        "tweets.user_name":"Variety",
        "tweets.followers_count":2557774,
        "topics.title":"Bangkok Asian Organic Gourmet Festival gears up a notch"
    },
    {
        "topic":"0e4f366b-0ecb-415d-bfc4-17494d5a4c58",
        "tweetID":645284560608079872,
        "relevancy":1,
        "tweets.created_at":"2015-09-19T17:13:22.000Z",
        "tweets.full_text":"Phantom Gourmet Food Festival on Lansdowne #phantomgourmet #phantomgourmetfoodfestival #fenway   ",
        "tweets.hashtags":"['phantomgourmet', 'phantomgourmetfoodfestival', 'fenway']",
        "tweets.user_mentions":"[]",
        "tweets.urls":"['https:\/\/instagram.com\/p\/70fTwCQCI3\/']",
        "tweets.user_name":"T_Marie",
        "tweets.followers_count":1542,
        "topics.title":"Bangkok Asian Organic Gourmet Festival gears up a notch"
    },
    {
        "topic":"0e4f366b-0ecb-415d-bfc4-17494d5a4c58",
        "tweetID":647703462612963328,
        "relevancy":1,
        "tweets.created_at":"2015-09-26T09:25:13.000Z",
        "tweets.full_text":"Wake up to organic with an organic breakfast! #OrganicSeptember   ",
        "tweets.hashtags":"['OrganicSeptember']",
        "tweets.user_mentions":"[]",
        "tweets.urls":"[]",
        "tweets.user_name":"SoilAssociation",
        "tweets.followers_count":103648,
        "topics.title":"Bangkok Asian Organic Gourmet Festival gears up a notch"
    },
    {
        "topic":"0e4f366b-0ecb-415d-bfc4-17494d5a4c58",
        "tweetID":649084198607720448,
        "relevancy":1,
        "tweets.created_at":"2015-09-30T04:51:47.000Z",
        "tweets.full_text":"Delighted to be sharing some updates from 4th Annual Asia Pacific Ritz-Carlton Food&amp;Wine Festival at The Ritz-Carlton, #Tokyo,starting today.  ",
        "tweets.hashtags":"['Tokyo']",
        "tweets.user_mentions":"[]",
        "tweets.urls":"[]",
        "tweets.user_name":"RitzCarlton",
        "tweets.followers_count":219902,
        "topics.title":"Bangkok Asian Organic Gourmet Festival gears up a notch"
    },
    {
        "topic":"0e4f366b-0ecb-415d-bfc4-17494d5a4c58",
        "tweetID":649162618804920320,
        "relevancy":1,
        "tweets.created_at":"2015-09-30T10:03:23.000Z",
        "tweets.full_text":"Explore the 4th Annual Ritz-Carlton Asia Pacific Food&amp;Wine Festival at The Ritz-Carlton, #Tokyo   ",
        "tweets.hashtags":"['Tokyo']",
        "tweets.user_mentions":"[]",
        "tweets.urls":"['http:\/\/tinyurl.com\/qdul8rk']",
        "tweets.user_name":"RitzCarlton",
        "tweets.followers_count":219902,
        "topics.title":"Bangkok Asian Organic Gourmet Festival gears up a notch"
    },
    {
        "topic":"0e4f366b-0ecb-415d-bfc4-17494d5a4c58",
        "tweetID":649164969993367552,
        "relevancy":1,
        "tweets.created_at":"2015-09-30T10:12:44.000Z",
        "tweets.full_text":"It\u2019s been wonderful tweeting from The Ritz-Carlton, #Tokyo for the 1st day of the 4th Annual Ritz-Carlton Asia Pacific Food&amp;Wine Festival.  ",
        "tweets.hashtags":"['Tokyo']",
        "tweets.user_mentions":"[]",
        "tweets.urls":"[]",
        "tweets.user_name":"RitzCarlton",
        "tweets.followers_count":219902,
        "topics.title":"Bangkok Asian Organic Gourmet Festival gears up a notch"
    },
    {
        "topic":"0e4f366b-0ecb-415d-bfc4-17494d5a4c58",
        "tweetID":649331091778613249,
        "relevancy":1,
        "tweets.created_at":"2015-09-30T21:12:50.000Z",
        "tweets.full_text":"Dover gears up for Apple Harvest Festival     ",
        "tweets.hashtags":"[]",
        "tweets.user_mentions":"[]",
        "tweets.urls":"['http:\/\/bit.ly\/1JDy4oD', 'http:\/\/fb.me\/1YXYgdVv0']",
        "tweets.user_name":"FostersDailyDem",
        "tweets.followers_count":17998,
        "topics.title":"Bangkok Asian Organic Gourmet Festival gears up a notch"
    }
]