[
    {
        "topic":"b88cbbed-d9b5-47e1-8ef1-cb5361e3544d",
        "tweetID":642731434424209408,
        "relevancy":2,
        "tweets.created_at":"2015-12-09T16:08:09.000Z",
        "tweets.full_text":"Airbus US plant cheaper than France, Germany, CEO tells paper   ",
        "tweets.hashtags":"[]",
        "tweets.user_mentions":"[]",
        "tweets.urls":"['http:\/\/dlvr.it\/C7ZgnF']",
        "tweets.user_name":"ChannelNewsAsia",
        "tweets.followers_count":995557,
        "topics.title":"Airbus U.S. plant cheaper than France, Germany, CEO tells paper"
    },
    {
        "topic":"b88cbbed-d9b5-47e1-8ef1-cb5361e3544d",
        "tweetID":642896298127966208,
        "relevancy":2,
        "tweets.created_at":"2015-09-13T03:03:16.000Z",
        "tweets.full_text":"Airbus U.S. plant cheaper than France, Germany, CEO tells paper    ",
        "tweets.hashtags":"[]",
        "tweets.user_mentions":"[]",
        "tweets.urls":"['http:\/\/tw.gs\/34rbiw']",
        "tweets.user_name":"DunyaNews",
        "tweets.followers_count":1994356,
        "topics.title":"Airbus U.S. plant cheaper than France, Germany, CEO tells paper"
    },
    {
        "topic":"b88cbbed-d9b5-47e1-8ef1-cb5361e3544d",
        "tweetID":642898142606680065,
        "relevancy":2,
        "tweets.created_at":"2015-09-13T03:10:36.000Z",
        "tweets.full_text":"Airbus U.S. plant cheaper than France, Germany, CEO tells paper    ",
        "tweets.hashtags":"[]",
        "tweets.user_mentions":"[]",
        "tweets.urls":"['http:\/\/tw.gs\/34rca4']",
        "tweets.user_name":"DunyaNews",
        "tweets.followers_count":1994356,
        "topics.title":"Airbus U.S. plant cheaper than France, Germany, CEO tells paper"
    },
    {
        "topic":"b88cbbed-d9b5-47e1-8ef1-cb5361e3544d",
        "tweetID":643303942634532864,
        "relevancy":1,
        "tweets.created_at":"2015-09-14T06:03:06.000Z",
        "tweets.full_text":"Airbus has room to grow Mobile production site in the U.S.    ",
        "tweets.hashtags":"[]",
        "tweets.user_mentions":"[]",
        "tweets.urls":"['http:\/\/on.wsj.com\/1i95LbJ']",
        "tweets.user_name":"R_Wall",
        "tweets.followers_count":11952,
        "topics.title":"Airbus U.S. plant cheaper than France, Germany, CEO tells paper"
    },
    {
        "topic":"b88cbbed-d9b5-47e1-8ef1-cb5361e3544d",
        "tweetID":643434920455442432,
        "relevancy":1,
        "tweets.created_at":"2015-09-14T14:43:34.000Z",
        "tweets.full_text":"Great to be in Mobile with  Pres. and CEO Fabrice Bregier to celebrate the grand opening of    ",
        "tweets.hashtags":"[]",
        "tweets.user_mentions":"['Airbus', 'AirbusInTheUS']",
        "tweets.urls":"[]",
        "tweets.user_name":"GovRBentley",
        "tweets.followers_count":34603,
        "topics.title":"Airbus U.S. plant cheaper than France, Germany, CEO tells paper"
    },
    {
        "topic":"b88cbbed-d9b5-47e1-8ef1-cb5361e3544d",
        "tweetID":643445133933969408,
        "relevancy":2,
        "tweets.created_at":"2015-09-14T15:24:09.000Z",
        "tweets.full_text":"Today is a moment of pride for all Airbus people, everywhere - F. Br\u00e9gier - Airbus Pdt &amp; CEO  #AirbusInMobile   ",
        "tweets.hashtags":"['AirbusInMobile']",
        "tweets.user_mentions":"['Airbus']",
        "tweets.urls":"[]",
        "tweets.user_name":"mynbc15",
        "tweets.followers_count":58463,
        "topics.title":"Airbus U.S. plant cheaper than France, Germany, CEO tells paper"
    },
    {
        "topic":"b88cbbed-d9b5-47e1-8ef1-cb5361e3544d",
        "tweetID":643457959180271616,
        "relevancy":1,
        "tweets.created_at":"2015-09-14T16:15:06.000Z",
        "tweets.full_text":"The 1st U.S.-made Airbus aircraft will be an #A321 to be delivered to  next spring #AirbusInAlabama   ",
        "tweets.hashtags":"['A321', 'AirbusInAlabama']",
        "tweets.user_mentions":"['Airbus', 'JetBlue']",
        "tweets.urls":"[]",
        "tweets.user_name":"mynbc15",
        "tweets.followers_count":58463,
        "topics.title":"Airbus U.S. plant cheaper than France, Germany, CEO tells paper"
    },
    {
        "topic":"b88cbbed-d9b5-47e1-8ef1-cb5361e3544d",
        "tweetID":643472850079363073,
        "relevancy":1,
        "tweets.created_at":"2015-09-14T17:14:17.000Z",
        "tweets.full_text":"And there it is, folks! Affixed by  Fabrice Bregier right here in #MobileAL.  #AirbusInAlabama   ",
        "tweets.hashtags":"['MobileAL', 'AirbusInAlabama']",
        "tweets.user_mentions":"['Airbus', 'alnewscenter']",
        "tweets.urls":"[]",
        "tweets.user_name":"KelliMDugan98",
        "tweets.followers_count":1468,
        "topics.title":"Airbus U.S. plant cheaper than France, Germany, CEO tells paper"
    },
    {
        "topic":"b88cbbed-d9b5-47e1-8ef1-cb5361e3544d",
        "tweetID":643542196080234496,
        "relevancy":1,
        "tweets.created_at":"2015-09-14T21:49:50.000Z",
        "tweets.full_text":"  ",
        "tweets.hashtags":"['MobileAL']",
        "tweets.user_mentions":"['MobileChamber', 'Airbus']",
        "tweets.urls":"[]",
        "tweets.user_name":"KelliMDugan98",
        "tweets.followers_count":1468,
        "topics.title":"Airbus U.S. plant cheaper than France, Germany, CEO tells paper"
    },
    {
        "topic":"b88cbbed-d9b5-47e1-8ef1-cb5361e3544d",
        "tweetID":645102337674072064,
        "relevancy":2,
        "tweets.created_at":"2015-09-19T05:09:17.000Z",
        "tweets.full_text":" Yes, we will be expanding our fleet with additional Airbus aircraft in the future..  ",
        "tweets.hashtags":"[]",
        "tweets.user_mentions":"['canad1rblx']",
        "tweets.urls":"[]",
        "tweets.user_name":"JetBlue",
        "tweets.followers_count":1935017,
        "topics.title":"Airbus U.S. plant cheaper than France, Germany, CEO tells paper"
    },
    {
        "topic":"b88cbbed-d9b5-47e1-8ef1-cb5361e3544d",
        "tweetID":648478266534170624,
        "relevancy":1,
        "tweets.created_at":"2015-09-28T12:44:01.000Z",
        "tweets.full_text":"Airbus CEO talks about the companys future in the U.S. defense market -    ",
        "tweets.hashtags":"[]",
        "tweets.user_mentions":"[]",
        "tweets.urls":"['http:\/\/www.nationaldefensemagazine.org\/blog\/Lists\/Posts\/Post.aspx?ID=1972#.Vgk1uhS8-XM.twitter']",
        "tweets.user_name":"NationalDefense",
        "tweets.followers_count":26171,
        "topics.title":"Airbus U.S. plant cheaper than France, Germany, CEO tells paper"
    }
]