[
    {
        "topic":"5a07213b-7e81-4e0c-9dfa-758ae4c1ae3c",
        "tweetID":641275876097826817,
        "relevancy":1,
        "tweets.created_at":"2015-08-09T15:44:17.000Z",
        "tweets.full_text":"Oxygen Oasis in Antarctic Lake Reflects Earth in the Distant Past  #Astrobiology #antarctica   ",
        "tweets.hashtags":"['Astrobiology', 'antarctica']",
        "tweets.user_mentions":"['spacepolar']",
        "tweets.urls":"['http:\/\/srs.gs\/iLA']",
        "tweets.user_name":"SpaceRef",
        "tweets.followers_count":45765,
        "topics.title":"Mars sparks Antarctic interest"
    },
    {
        "topic":"5a07213b-7e81-4e0c-9dfa-758ae4c1ae3c",
        "tweetID":642408027828555776,
        "relevancy":1,
        "tweets.created_at":"2015-11-09T18:43:03.000Z",
        "tweets.full_text":" Kim Stanley Robinsons novel Antarctica explores an Antarctic oil grab...thats really the end of days..  ",
        "tweets.hashtags":"[]",
        "tweets.user_mentions":"['afreedma']",
        "tweets.urls":"[]",
        "tweets.user_name":"brianvastag",
        "tweets.followers_count":6150,
        "topics.title":"Mars sparks Antarctic interest"
    },
    {
        "topic":"5a07213b-7e81-4e0c-9dfa-758ae4c1ae3c",
        "tweetID":642457643118780416,
        "relevancy":1,
        "tweets.created_at":"2015-11-09T22:00:13.000Z",
        "tweets.full_text":"Antarctic Ocean increases absorption of CO2     ",
        "tweets.hashtags":"[]",
        "tweets.user_mentions":"[]",
        "tweets.urls":"['http:\/\/zeenews.india.com\/news\/eco-news\/antarctic-ocean-increases-absorption-of-co2_1786403.html']",
        "tweets.user_name":"ZeeNewsEnglish",
        "tweets.followers_count":5345271,
        "topics.title":"Mars sparks Antarctic interest"
    },
    {
        "topic":"5a07213b-7e81-4e0c-9dfa-758ae4c1ae3c",
        "tweetID":642715953113903105,
        "relevancy":1,
        "tweets.created_at":"2015-12-09T15:06:38.000Z",
        "tweets.full_text":"Burning all fossil fuels could thaw Antarctica:    ",
        "tweets.hashtags":"[]",
        "tweets.user_mentions":"[]",
        "tweets.urls":"['http:\/\/bit.ly\/1OllHnT']",
        "tweets.user_name":"ProthomAlo",
        "tweets.followers_count":1749997,
        "topics.title":"Mars sparks Antarctic interest"
    },
    {
        "topic":"5a07213b-7e81-4e0c-9dfa-758ae4c1ae3c",
        "tweetID":644092570159718400,
        "relevancy":1,
        "tweets.created_at":"2015-09-16T10:16:50.000Z",
        "tweets.full_text":"How plants and animals would colonise an ice-free Antarctica:    ",
        "tweets.hashtags":"[]",
        "tweets.user_mentions":"[]",
        "tweets.urls":"['http:\/\/gizmo.do\/0IqceZO']",
        "tweets.user_name":"Gizmodo",
        "tweets.followers_count":2864502,
        "topics.title":"Mars sparks Antarctic interest"
    },
    {
        "topic":"5a07213b-7e81-4e0c-9dfa-758ae4c1ae3c",
        "tweetID":644142909143429120,
        "relevancy":1,
        "tweets.created_at":"2015-09-16T13:36:51.000Z",
        "tweets.full_text":"#hotpot #Antarctica  too delicious to resist...   ",
        "tweets.hashtags":"['hotpot', 'Antarctica']",
        "tweets.user_mentions":"[]",
        "tweets.urls":"['http:\/\/on.wsj.com\/1W22mdK']",
        "tweets.user_name":"Chao_Deng",
        "tweets.followers_count":13521,
        "topics.title":"Mars sparks Antarctic interest"
    },
    {
        "topic":"5a07213b-7e81-4e0c-9dfa-758ae4c1ae3c",
        "tweetID":644150613694119936,
        "relevancy":1,
        "tweets.created_at":"2015-09-16T14:07:28.000Z",
        "tweets.full_text":"Antarctic sea ice hits 35-year high:   ",
        "tweets.hashtags":"[]",
        "tweets.user_mentions":"[]",
        "tweets.urls":"['http:\/\/zpr.io\/YQAx']",
        "tweets.user_name":"RedState",
        "tweets.followers_count":232086,
        "topics.title":"Mars sparks Antarctic interest"
    },
    {
        "topic":"5a07213b-7e81-4e0c-9dfa-758ae4c1ae3c",
        "tweetID":644386577993469952,
        "relevancy":1,
        "tweets.created_at":"2015-09-17T05:45:06.000Z",
        "tweets.full_text":"Visionary approach to ageing Antarctic krill   ",
        "tweets.hashtags":"[]",
        "tweets.user_mentions":"[]",
        "tweets.urls":"['http:\/\/www.antarctica.gov.au\/167903']",
        "tweets.user_name":"AusAntarctic",
        "tweets.followers_count":25414,
        "topics.title":"Mars sparks Antarctic interest"
    },
    {
        "topic":"5a07213b-7e81-4e0c-9dfa-758ae4c1ae3c",
        "tweetID":644675117444804608,
        "relevancy":1,
        "tweets.created_at":"2015-09-18T00:51:40.000Z",
        "tweets.full_text":"  During fieldwork in the Dry Valleys of Antarctica..  ",
        "tweets.hashtags":"[]",
        "tweets.user_mentions":"['aprilfollies', 'elakdawalla']",
        "tweets.urls":"[]",
        "tweets.user_name":"astrokiwi",
        "tweets.followers_count":10097,
        "topics.title":"Mars sparks Antarctic interest"
    },
    {
        "topic":"5a07213b-7e81-4e0c-9dfa-758ae4c1ae3c",
        "tweetID":645757868822544384,
        "relevancy":2,
        "tweets.created_at":"2015-09-21T00:34:08.000Z",
        "tweets.full_text":"VIMS Antarctic research part of new documentary   ",
        "tweets.hashtags":"[]",
        "tweets.user_mentions":"[]",
        "tweets.urls":"['http:\/\/bit.ly\/1PhEmzn']",
        "tweets.user_name":"VirginiaNewser",
        "tweets.followers_count":617,
        "topics.title":"Mars sparks Antarctic interest"
    },
    {
        "topic":"5a07213b-7e81-4e0c-9dfa-758ae4c1ae3c",
        "tweetID":648015334453018624,
        "relevancy":1,
        "tweets.created_at":"2015-09-27T06:04:29.000Z",
        "tweets.full_text":"USGS Earthquake: M 5.1 - Pacific-Antarctic Ridge   ",
        "tweets.hashtags":"[]",
        "tweets.user_mentions":"[]",
        "tweets.urls":"['http:\/\/on.doi.gov\/1PGLW6R']",
        "tweets.user_name":"ArizonaNewsnet",
        "tweets.followers_count":42360,
        "topics.title":"Mars sparks Antarctic interest"
    },
    {
        "topic":"5a07213b-7e81-4e0c-9dfa-758ae4c1ae3c",
        "tweetID":648518198342631424,
        "relevancy":2,
        "tweets.created_at":"2015-09-28T15:22:42.000Z",
        "tweets.full_text":"NASA: Signs of Liquid Water Found on Surface of #Mars, Study Says   ",
        "tweets.hashtags":"['Mars']",
        "tweets.user_mentions":"[]",
        "tweets.urls":"['http:\/\/nyti.ms\/1Vm8Yl3']",
        "tweets.user_name":"finnygo",
        "tweets.followers_count":23770,
        "topics.title":"Mars sparks Antarctic interest"
    },
    {
        "topic":"5a07213b-7e81-4e0c-9dfa-758ae4c1ae3c",
        "tweetID":648520927341346816,
        "relevancy":2,
        "tweets.created_at":"2015-09-28T15:33:32.000Z",
        "tweets.full_text":". #Mars exploration program has waxed &amp; waned over the years depending on interest\/commitment of agency leaders..  ",
        "tweets.hashtags":"['Mars']",
        "tweets.user_mentions":"['NASA']",
        "tweets.urls":"[]",
        "tweets.user_name":"alexwitze",
        "tweets.followers_count":22716,
        "topics.title":"Mars sparks Antarctic interest"
    },
    {
        "topic":"5a07213b-7e81-4e0c-9dfa-758ae4c1ae3c",
        "tweetID":648520976179793920,
        "relevancy":2,
        "tweets.created_at":"2015-09-28T15:33:44.000Z",
        "tweets.full_text":"Water has been found on Mars! Tune in to NASA TV to hear the announcement now..  ",
        "tweets.hashtags":"[]",
        "tweets.user_mentions":"[]",
        "tweets.urls":"[]",
        "tweets.user_name":"AstroRM",
        "tweets.followers_count":264780,
        "topics.title":"Mars sparks Antarctic interest"
    },
    {
        "topic":"5a07213b-7e81-4e0c-9dfa-758ae4c1ae3c",
        "tweetID":648522178850373632,
        "relevancy":2,
        "tweets.created_at":"2015-09-28T15:38:31.000Z",
        "tweets.full_text":"Green: #Mars is not the dry arid planet we thought of in the past. Under certain circumstances liquid water has been found..  ",
        "tweets.hashtags":"['Mars']",
        "tweets.user_mentions":"[]",
        "tweets.urls":"[]",
        "tweets.user_name":"alexwitze",
        "tweets.followers_count":22716,
        "topics.title":"Mars sparks Antarctic interest"
    },
    {
        "topic":"5a07213b-7e81-4e0c-9dfa-758ae4c1ae3c",
        "tweetID":648522218297683968,
        "relevancy":2,
        "tweets.created_at":"2015-09-28T15:38:40.000Z",
        "tweets.full_text":"Green: Mars is not the dry arid planet we thought of in the past. Liquid water has been found on Mars.  ",
        "tweets.hashtags":"[]",
        "tweets.user_mentions":"[]",
        "tweets.urls":"[]",
        "tweets.user_name":"NASAWatch",
        "tweets.followers_count":84143,
        "topics.title":"Mars sparks Antarctic interest"
    },
    {
        "topic":"5a07213b-7e81-4e0c-9dfa-758ae4c1ae3c",
        "tweetID":648522330256351232,
        "relevancy":2,
        "tweets.created_at":"2015-09-28T15:39:07.000Z",
        "tweets.full_text":"Jim Green  Mars is not the dry, arid planet we thought of in the past..  ",
        "tweets.hashtags":"[]",
        "tweets.user_mentions":"['NASA']",
        "tweets.urls":"[]",
        "tweets.user_name":"eroston",
        "tweets.followers_count":11465,
        "topics.title":"Mars sparks Antarctic interest"
    },
    {
        "topic":"5a07213b-7e81-4e0c-9dfa-758ae4c1ae3c",
        "tweetID":648522990943084544,
        "relevancy":2,
        "tweets.created_at":"2015-09-28T15:41:44.000Z",
        "tweets.full_text":"NASA : water has been found on Mars..  ",
        "tweets.hashtags":"[]",
        "tweets.user_mentions":"[]",
        "tweets.urls":"[]",
        "tweets.user_name":"BBCKasraNaji",
        "tweets.followers_count":140230,
        "topics.title":"Mars sparks Antarctic interest"
    },
    {
        "topic":"5a07213b-7e81-4e0c-9dfa-758ae4c1ae3c",
        "tweetID":648523180034756608,
        "relevancy":2,
        "tweets.created_at":"2015-09-28T15:42:29.000Z",
        "tweets.full_text":"Jim Green -- Mars is not the dry arid planet weve thought of in the past. Under certain circumstances, liquid water has been \u2026.  ",
        "tweets.hashtags":"[]",
        "tweets.user_mentions":"['cbquist']",
        "tweets.urls":"[]",
        "tweets.user_name":"HiRISE",
        "tweets.followers_count":62383,
        "topics.title":"Mars sparks Antarctic interest"
    },
    {
        "topic":"5a07213b-7e81-4e0c-9dfa-758ae4c1ae3c",
        "tweetID":648526050092158977,
        "relevancy":2,
        "tweets.created_at":"2015-09-28T15:53:54.000Z",
        "tweets.full_text":"Updates: Signs of liquid water found on surface of Mars  #mars #seti.  ",
        "tweets.hashtags":"['mars', 'seti']",
        "tweets.user_mentions":"[]",
        "tweets.urls":"['http:\/\/www.star-telegram.com\/news\/nation-world\/world\/article36819981.html']",
        "tweets.user_name":"Grav1",
        "tweets.followers_count":3764,
        "topics.title":"Mars sparks Antarctic interest"
    },
    {
        "topic":"5a07213b-7e81-4e0c-9dfa-758ae4c1ae3c",
        "tweetID":648526795843727361,
        "relevancy":2,
        "tweets.created_at":"2015-09-28T15:56:51.000Z",
        "tweets.full_text":"#MarsWater BREAKING: NASA has just announced that scientists have found evidence of flowing water on Mars..  ",
        "tweets.hashtags":"['MarsWater']",
        "tweets.user_mentions":"[]",
        "tweets.urls":"[]",
        "tweets.user_name":"ewnreporter",
        "tweets.followers_count":707309,
        "topics.title":"Mars sparks Antarctic interest"
    },
    {
        "topic":"5a07213b-7e81-4e0c-9dfa-758ae4c1ae3c",
        "tweetID":648533652494639104,
        "relevancy":2,
        "tweets.created_at":"2015-09-28T16:24:06.000Z",
        "tweets.full_text":"NASA finds signs of water on Mars   ",
        "tweets.hashtags":"[]",
        "tweets.user_mentions":"[]",
        "tweets.urls":"['http:\/\/rnz.to\/1PJwBm3']",
        "tweets.user_name":"rnz_news",
        "tweets.followers_count":71459,
        "topics.title":"Mars sparks Antarctic interest"
    },
    {
        "topic":"5a07213b-7e81-4e0c-9dfa-758ae4c1ae3c",
        "tweetID":648559189095227394,
        "relevancy":2,
        "tweets.created_at":"2015-09-28T18:05:34.000Z",
        "tweets.full_text":"Mars is not the dry, arid planet that we thought of in the past.    ",
        "tweets.hashtags":"[]",
        "tweets.user_mentions":"[]",
        "tweets.urls":"['http:\/\/trib.in\/1KG4brT']",
        "tweets.user_name":"chicagotribune",
        "tweets.followers_count":1126020,
        "topics.title":"Mars sparks Antarctic interest"
    },
    {
        "topic":"5a07213b-7e81-4e0c-9dfa-758ae4c1ae3c",
        "tweetID":648610681386766336,
        "relevancy":2,
        "tweets.created_at":"2015-09-28T21:30:11.000Z",
        "tweets.full_text":"NASA Mars announcement: Evidence of liquid water discovered on planet     ",
        "tweets.hashtags":"[]",
        "tweets.user_mentions":"[]",
        "tweets.urls":"['http:\/\/www.canberratimes.com.au\/technology\/sci-tech\/nasa-finds-evidence-of-liquid-water-on-mars-20150928-gjwdp5.html']",
        "tweets.user_name":"canberratimes",
        "tweets.followers_count":66529,
        "topics.title":"Mars sparks Antarctic interest"
    },
    {
        "topic":"5a07213b-7e81-4e0c-9dfa-758ae4c1ae3c",
        "tweetID":648632546016788485,
        "relevancy":2,
        "tweets.created_at":"2015-09-28T22:57:04.000Z",
        "tweets.full_text":"Some of the best Twitter reactions to NASAs announcement about water on #Mars...   ",
        "tweets.hashtags":"['Mars']",
        "tweets.user_mentions":"[]",
        "tweets.urls":"['http:\/\/bit.ly\/1FE0JyR']",
        "tweets.user_name":"perthnow",
        "tweets.followers_count":141557,
        "topics.title":"Mars sparks Antarctic interest"
    },
    {
        "topic":"5a07213b-7e81-4e0c-9dfa-758ae4c1ae3c",
        "tweetID":648679419041607684,
        "relevancy":2,
        "tweets.created_at":"2015-09-29T02:03:20.000Z",
        "tweets.full_text":"Life on Mars Nasa finds signs of flowing water on the red planet #WateronMars    ",
        "tweets.hashtags":"['WateronMars']",
        "tweets.user_mentions":"[]",
        "tweets.urls":"['http:\/\/bit.ly\/1WuEXC0']",
        "tweets.user_name":"firstpost",
        "tweets.followers_count":2092006,
        "topics.title":"Mars sparks Antarctic interest"
    },
    {
        "topic":"5a07213b-7e81-4e0c-9dfa-758ae4c1ae3c",
        "tweetID":649032148943421440,
        "relevancy":1,
        "tweets.created_at":"2015-09-30T01:24:57.000Z",
        "tweets.full_text":"Focus less on the tiny bit of liquid water melting on Mars and more on the catastrophic amount of liquid water melting o\u2026.  ",
        "tweets.hashtags":"[]",
        "tweets.user_mentions":"['TheTweetOfGod']",
        "tweets.urls":"[]",
        "tweets.user_name":"wasilalitaha",
        "tweets.followers_count":66910,
        "topics.title":"Mars sparks Antarctic interest"
    },
    {
        "topic":"5a07213b-7e81-4e0c-9dfa-758ae4c1ae3c",
        "tweetID":649104350078349312,
        "relevancy":1,
        "tweets.created_at":"2015-09-30T06:11:51.000Z",
        "tweets.full_text":"Water on Mars Wow. But planet Earth is parched and Pakistan is one of the 10 most water stressed countries on it    ",
        "tweets.hashtags":"[]",
        "tweets.user_mentions":"[]",
        "tweets.urls":"['https:\/\/twitter.com\/salon\/status\/649101410924109824']",
        "tweets.user_name":"sherryrehman",
        "tweets.followers_count":1209335,
        "topics.title":"Mars sparks Antarctic interest"
    },
    {
        "topic":"5a07213b-7e81-4e0c-9dfa-758ae4c1ae3c",
        "tweetID":649142742845624320,
        "relevancy":2,
        "tweets.created_at":"2015-09-30T08:44:25.000Z",
        "tweets.full_text":"This weeks column: There may be flowing water on Mars. But is there intelligent life on Earth    ",
        "tweets.hashtags":"[]",
        "tweets.user_mentions":"[]",
        "tweets.urls":"['http:\/\/www.theguardian.com\/commentisfree\/2015\/sep\/29\/water-mars-intelligent-life-earth-nasa']",
        "tweets.user_name":"GeorgeMonbiot",
        "tweets.followers_count":396720,
        "topics.title":"Mars sparks Antarctic interest"
    },
    {
        "topic":"5a07213b-7e81-4e0c-9dfa-758ae4c1ae3c",
        "tweetID":649145941245603844,
        "relevancy":2,
        "tweets.created_at":"2015-09-30T08:57:07.000Z",
        "tweets.full_text":"Nasa might not be able to investigate the flowing water on Mars   ",
        "tweets.hashtags":"[]",
        "tweets.user_mentions":"[]",
        "tweets.urls":"['http:\/\/ind.pn\/1N07VYP']",
        "tweets.user_name":"Independent",
        "tweets.followers_count":3500565,
        "topics.title":"Mars sparks Antarctic interest"
    },
    {
        "topic":"5a07213b-7e81-4e0c-9dfa-758ae4c1ae3c",
        "tweetID":649222225409667073,
        "relevancy":2,
        "tweets.created_at":"2015-09-30T14:00:15.000Z",
        "tweets.full_text":" Celebrates Discovery of Water on Mars   ",
        "tweets.hashtags":"[]",
        "tweets.user_mentions":"['MartianMovie']",
        "tweets.urls":"['http:\/\/oak.ctx.ly\/r\/3s2vl']",
        "tweets.user_name":"SPACEdotcom",
        "tweets.followers_count":811027,
        "topics.title":"Mars sparks Antarctic interest"
    },
    {
        "topic":"5a07213b-7e81-4e0c-9dfa-758ae4c1ae3c",
        "tweetID":649238468216819712,
        "relevancy":2,
        "tweets.created_at":"2015-09-30T15:04:47.000Z",
        "tweets.full_text":"water on Mars I can see the future \/ water on Mars I can see it clear.  ",
        "tweets.hashtags":"[]",
        "tweets.user_mentions":"[]",
        "tweets.urls":"[]",
        "tweets.user_name":"snackfight",
        "tweets.followers_count":12918,
        "topics.title":"Mars sparks Antarctic interest"
    },
    {
        "topic":"5a07213b-7e81-4e0c-9dfa-758ae4c1ae3c",
        "tweetID":649242389945520128,
        "relevancy":2,
        "tweets.created_at":"2015-09-30T15:20:22.000Z",
        "tweets.full_text":"Of course  has the wisest words on NASAs hyped-up water-on-Mars announcement.    ",
        "tweets.hashtags":"[]",
        "tweets.user_mentions":"['JoelAchenbach']",
        "tweets.urls":"['https:\/\/twitter.com\/martiansoil\/status\/649240243472875520']",
        "tweets.user_name":"brianvastag",
        "tweets.followers_count":6150,
        "topics.title":"Mars sparks Antarctic interest"
    },
    {
        "topic":"5a07213b-7e81-4e0c-9dfa-758ae4c1ae3c",
        "tweetID":649252361907666945,
        "relevancy":2,
        "tweets.created_at":"2015-09-30T16:00:00.000Z",
        "tweets.full_text":"The orbiter that discovered signs of water on Mars was powered by batteries manufactured in Joplin Missouri. htt\u2026.  ",
        "tweets.hashtags":"['ICYMI']",
        "tweets.user_mentions":"['HanawayForGov']",
        "tweets.urls":"[]",
        "tweets.user_name":"MzzzMariah",
        "tweets.followers_count":3504,
        "topics.title":"Mars sparks Antarctic interest"
    },
    {
        "topic":"5a07213b-7e81-4e0c-9dfa-758ae4c1ae3c",
        "tweetID":649272573012930565,
        "relevancy":2,
        "tweets.created_at":"2015-09-30T17:20:18.000Z",
        "tweets.full_text":"There may be flowing water on #Mars. But is there intelligent life on #Earth   ",
        "tweets.hashtags":"['Mars', 'Earth']",
        "tweets.user_mentions":"[]",
        "tweets.urls":"['http:\/\/gu.com\/p\/4czfy\/stw']",
        "tweets.user_name":"AlbeZakes",
        "tweets.followers_count":1259,
        "topics.title":"Mars sparks Antarctic interest"
    }
]