[
    {
        "topic":"4a8f4814-0fd9-4ab0-8c4c-c873b56269ff",
        "tweetID":638886612273901569,
        "relevancy":1,
        "tweets.created_at":"2015-02-09T01:30:12.000Z",
        "tweets.full_text":"Rex Ryan has his Swag back    ",
        "tweets.hashtags":"[]",
        "tweets.user_mentions":"[]",
        "tweets.urls":"['http:\/\/on.wgrz.com\/1FiogzM']",
        "tweets.user_name":"WGRZ",
        "tweets.followers_count":192859,
        "topics.title":"Rex Ryan sends message, names four former Dolphins as captains"
    },
    {
        "topic":"4a8f4814-0fd9-4ab0-8c4c-c873b56269ff",
        "tweetID":638929873809993728,
        "relevancy":1,
        "tweets.created_at":"2015-02-09T04:22:07.000Z",
        "tweets.full_text":"Rex Ryan says the Buffalo Bills will be his last coaching job   ",
        "tweets.hashtags":"[]",
        "tweets.user_mentions":"[]",
        "tweets.urls":"['http:\/\/ble.ac\/1ExoHv4']",
        "tweets.user_name":"BleacherReport",
        "tweets.followers_count":9411148,
        "topics.title":"Rex Ryan sends message, names four former Dolphins as captains"
    },
    {
        "topic":"4a8f4814-0fd9-4ab0-8c4c-c873b56269ff",
        "tweetID":641464378978467840,
        "relevancy":1,
        "tweets.created_at":"2015-09-09T04:13:20.000Z",
        "tweets.full_text":"Game week baby!!.  ",
        "tweets.hashtags":"[]",
        "tweets.user_mentions":"[]",
        "tweets.urls":"[]",
        "tweets.user_name":"LarryFitzgerald",
        "tweets.followers_count":2242464,
        "topics.title":"Rex Ryan sends message, names four former Dolphins as captains"
    },
    {
        "topic":"4a8f4814-0fd9-4ab0-8c4c-c873b56269ff",
        "tweetID":642110330101862403,
        "relevancy":2,
        "tweets.created_at":"2015-10-09T23:00:07.000Z",
        "tweets.full_text":"How will  fans react to Rex Ryan calling them out Should be a great game this Sunday at Ralph Wilson Stadium!.  ",
        "tweets.hashtags":"[]",
        "tweets.user_mentions":"['BuffaloBills']",
        "tweets.urls":"[]",
        "tweets.user_name":"shawnemerriman",
        "tweets.followers_count":447008,
        "topics.title":"Rex Ryan sends message, names four former Dolphins as captains"
    },
    {
        "topic":"4a8f4814-0fd9-4ab0-8c4c-c873b56269ff",
        "tweetID":643053039218241537,
        "relevancy":1,
        "tweets.created_at":"2015-09-13T13:26:06.000Z",
        "tweets.full_text":"Game day  #bills   ",
        "tweets.hashtags":"['bills']",
        "tweets.user_mentions":"[]",
        "tweets.urls":"[]",
        "tweets.user_name":"LaurenHall",
        "tweets.followers_count":21568,
        "topics.title":"Rex Ryan sends message, names four former Dolphins as captains"
    },
    {
        "topic":"4a8f4814-0fd9-4ab0-8c4c-c873b56269ff",
        "tweetID":643058682733981697,
        "relevancy":2,
        "tweets.created_at":"2015-09-13T13:48:32.000Z",
        "tweets.full_text":" Going to the Bills game.  ",
        "tweets.hashtags":"[]",
        "tweets.user_mentions":"['LukeRussert']",
        "tweets.urls":"[]",
        "tweets.user_name":"aaronwkbw",
        "tweets.followers_count":2214,
        "topics.title":"Rex Ryan sends message, names four former Dolphins as captains"
    },
    {
        "topic":"4a8f4814-0fd9-4ab0-8c4c-c873b56269ff",
        "tweetID":643109956149977088,
        "relevancy":1,
        "tweets.created_at":"2015-09-13T17:12:16.000Z",
        "tweets.full_text":"A holding call just saved the start of the Rex Ryan era in Buffalo with the #Bills. Colts punt instead of FG or TD #INDvsBUF.  ",
        "tweets.hashtags":"['Bills', 'INDvsBUF']",
        "tweets.user_mentions":"[]",
        "tweets.urls":"[]",
        "tweets.user_name":"23Johnanderson",
        "tweets.followers_count":2653,
        "topics.title":"Rex Ryan sends message, names four former Dolphins as captains"
    },
    {
        "topic":"4a8f4814-0fd9-4ab0-8c4c-c873b56269ff",
        "tweetID":643157762139099137,
        "relevancy":2,
        "tweets.created_at":"2015-09-13T20:22:14.000Z",
        "tweets.full_text":"Rex Ryan wins his 1st game as the  head coach!   ",
        "tweets.hashtags":"[]",
        "tweets.user_mentions":"['BuffaloBills']",
        "tweets.urls":"[]",
        "tweets.user_name":"BleacherReport",
        "tweets.followers_count":9411148,
        "topics.title":"Rex Ryan sends message, names four former Dolphins as captains"
    },
    {
        "topic":"4a8f4814-0fd9-4ab0-8c4c-c873b56269ff",
        "tweetID":643159815645229056,
        "relevancy":2,
        "tweets.created_at":"2015-09-13T20:30:24.000Z",
        "tweets.full_text":"Welcome to the Rex Ryan era in Buffalo! Bills beat Colts, 27-14. The last 7 coaches lost their debut with the team.   ",
        "tweets.hashtags":"[]",
        "tweets.user_mentions":"[]",
        "tweets.urls":"[]",
        "tweets.user_name":"espn",
        "tweets.followers_count":36460685,
        "topics.title":"Rex Ryan sends message, names four former Dolphins as captains"
    },
    {
        "topic":"4a8f4814-0fd9-4ab0-8c4c-c873b56269ff",
        "tweetID":643409898152267776,
        "relevancy":1,
        "tweets.created_at":"2015-09-14T13:04:08.000Z",
        "tweets.full_text":"Rex Ryan can\u2019t wait for Patriots to come to Buffalo, Bills fans chant \u2018We Want Brady\u2019    ",
        "tweets.hashtags":"[]",
        "tweets.user_mentions":"[]",
        "tweets.urls":"['http:\/\/trib.al\/QdmK43r']",
        "tweets.user_name":"BostonDotCom",
        "tweets.followers_count":459003,
        "topics.title":"Rex Ryan sends message, names four former Dolphins as captains"
    },
    {
        "topic":"4a8f4814-0fd9-4ab0-8c4c-c873b56269ff",
        "tweetID":643753747634589696,
        "relevancy":2,
        "tweets.created_at":"2015-09-15T11:50:28.000Z",
        "tweets.full_text":"5 things you have to know about Bills: Rex Ryan has Buffalo in a frenzy   ",
        "tweets.hashtags":"[]",
        "tweets.user_mentions":"[]",
        "tweets.urls":"['http:\/\/itiswhatitis.weei.com\/sports\/newengland\/football\/patriots\/2015\/09\/14\/5-things-you-have-to-know-about-bills-rex-ryan-has-buffalo-in-a-frenzy\/']",
        "tweets.user_name":"cpriceglobe",
        "tweets.followers_count":35159,
        "topics.title":"Rex Ryan sends message, names four former Dolphins as captains"
    },
    {
        "topic":"4a8f4814-0fd9-4ab0-8c4c-c873b56269ff",
        "tweetID":643920670380920832,
        "relevancy":1,
        "tweets.created_at":"2015-09-15T22:53:45.000Z",
        "tweets.full_text":"Buffalo #Bills cut Bryce Brown.  ",
        "tweets.hashtags":"['Bills']",
        "tweets.user_mentions":"[]",
        "tweets.urls":"[]",
        "tweets.user_name":"ToddJClausen",
        "tweets.followers_count":17526,
        "topics.title":"Rex Ryan sends message, names four former Dolphins as captains"
    },
    {
        "topic":"4a8f4814-0fd9-4ab0-8c4c-c873b56269ff",
        "tweetID":644988494755033088,
        "relevancy":2,
        "tweets.created_at":"2015-09-18T21:36:55.000Z",
        "tweets.full_text":"Were excited to have these three former  players as honorary captains! #BeatNebraska   ",
        "tweets.hashtags":"['BeatNebraska']",
        "tweets.user_mentions":"['CanesFootball']",
        "tweets.urls":"[]",
        "tweets.user_name":"MiamiHurricanes",
        "tweets.followers_count":156913,
        "topics.title":"Rex Ryan sends message, names four former Dolphins as captains"
    },
    {
        "topic":"4a8f4814-0fd9-4ab0-8c4c-c873b56269ff",
        "tweetID":645266697532887040,
        "relevancy":1,
        "tweets.created_at":"2015-09-19T16:02:23.000Z",
        "tweets.full_text":"Unconventional Preview: Rex Ryan\u2019s success vs. Patriots is exaggerated, but Bills\u2019 progress is not   ",
        "tweets.hashtags":"[]",
        "tweets.user_mentions":"[]",
        "tweets.urls":"['http:\/\/fw.to\/m9ZNGOk']",
        "tweets.user_name":"GlobeChadFinn",
        "tweets.followers_count":37487,
        "topics.title":"Rex Ryan sends message, names four former Dolphins as captains"
    },
    {
        "topic":"4a8f4814-0fd9-4ab0-8c4c-c873b56269ff",
        "tweetID":645620988369965056,
        "relevancy":1,
        "tweets.created_at":"2015-09-20T15:30:13.000Z",
        "tweets.full_text":"Coach Rex Ryan had plenty to say ahead of the Buffalo Bills-New England Patriots game:    ",
        "tweets.hashtags":"[]",
        "tweets.user_mentions":"[]",
        "tweets.urls":"['http:\/\/es.pn\/1F9fidC']",
        "tweets.user_name":"espn",
        "tweets.followers_count":36460685,
        "topics.title":"Rex Ryan sends message, names four former Dolphins as captains"
    },
    {
        "topic":"4a8f4814-0fd9-4ab0-8c4c-c873b56269ff",
        "tweetID":645687105964912640,
        "relevancy":1,
        "tweets.created_at":"2015-09-20T19:52:57.000Z",
        "tweets.full_text":"Scenes from Buffalo: the New England Patriots take on Rex Ryan and the Bills    ",
        "tweets.hashtags":"[]",
        "tweets.user_mentions":"[]",
        "tweets.urls":"['http:\/\/trib.al\/0vDWw9a']",
        "tweets.user_name":"BostonDotCom",
        "tweets.followers_count":459003,
        "topics.title":"Rex Ryan sends message, names four former Dolphins as captains"
    },
    {
        "topic":"4a8f4814-0fd9-4ab0-8c4c-c873b56269ff",
        "tweetID":646066186644361216,
        "relevancy":1,
        "tweets.created_at":"2015-09-21T20:59:16.000Z",
        "tweets.full_text":"SCJ News: Williams reports to Bills facility day after hurting neck: Buffalo Bills coach Rex Ryan says it was ...   ",
        "tweets.hashtags":"[]",
        "tweets.user_mentions":"[]",
        "tweets.urls":"['http:\/\/bit.ly\/1YwnvyY']",
        "tweets.user_name":"scj",
        "tweets.followers_count":26906,
        "topics.title":"Rex Ryan sends message, names four former Dolphins as captains"
    },
    {
        "topic":"4a8f4814-0fd9-4ab0-8c4c-c873b56269ff",
        "tweetID":646176655149547520,
        "relevancy":1,
        "tweets.created_at":"2015-09-22T04:18:14.000Z",
        "tweets.full_text":"I lost... Because Rex Ryans defense gave me -5... Jets Defense gave her 15.  ",
        "tweets.hashtags":"[]",
        "tweets.user_mentions":"[]",
        "tweets.urls":"[]",
        "tweets.user_name":"BreakingLu",
        "tweets.followers_count":1400,
        "topics.title":"Rex Ryan sends message, names four former Dolphins as captains"
    },
    {
        "topic":"4a8f4814-0fd9-4ab0-8c4c-c873b56269ff",
        "tweetID":646506380850016256,
        "relevancy":1,
        "tweets.created_at":"2015-09-23T02:08:27.000Z",
        "tweets.full_text":"TIE GAME! TIE GAME!.  ",
        "tweets.hashtags":"[]",
        "tweets.user_mentions":"[]",
        "tweets.urls":"[]",
        "tweets.user_name":"siomoCTV",
        "tweets.followers_count":9161,
        "topics.title":"Rex Ryan sends message, names four former Dolphins as captains"
    },
    {
        "topic":"4a8f4814-0fd9-4ab0-8c4c-c873b56269ff",
        "tweetID":647198910163886080,
        "relevancy":2,
        "tweets.created_at":"2015-09-25T00:00:19.000Z",
        "tweets.full_text":"Staff predictions: Miami #Dolphins vs. Buffalo Bills    ",
        "tweets.hashtags":"['Dolphins']",
        "tweets.user_mentions":"[]",
        "tweets.urls":"['http:\/\/sunsent.nl\/1MLP9US']",
        "tweets.user_name":"SunSentinel",
        "tweets.followers_count":275709,
        "topics.title":"Rex Ryan sends message, names four former Dolphins as captains"
    },
    {
        "topic":"4a8f4814-0fd9-4ab0-8c4c-c873b56269ff",
        "tweetID":647501739814326272,
        "relevancy":1,
        "tweets.created_at":"2015-09-25T20:03:39.000Z",
        "tweets.full_text":"#Bills leaning on TE Charles Clay for some #Dolphins offensive info.   ",
        "tweets.hashtags":"['Bills', 'Dolphins']",
        "tweets.user_mentions":"['viccarucci']",
        "tweets.urls":"['http:\/\/bit.ly\/1MOpLOc']",
        "tweets.user_name":"TheBuffaloNews",
        "tweets.followers_count":167799,
        "topics.title":"Rex Ryan sends message, names four former Dolphins as captains"
    },
    {
        "topic":"4a8f4814-0fd9-4ab0-8c4c-c873b56269ff",
        "tweetID":647876864099418116,
        "relevancy":1,
        "tweets.created_at":"2015-09-26T20:54:16.000Z",
        "tweets.full_text":"Good game good game.  ",
        "tweets.hashtags":"[]",
        "tweets.user_mentions":"[]",
        "tweets.urls":"[]",
        "tweets.user_name":"tompeck",
        "tweets.followers_count":84404,
        "topics.title":"Rex Ryan sends message, names four former Dolphins as captains"
    },
    {
        "topic":"4a8f4814-0fd9-4ab0-8c4c-c873b56269ff",
        "tweetID":647893673204563968,
        "relevancy":1,
        "tweets.created_at":"2015-09-26T22:01:03.000Z",
        "tweets.full_text":"Miami Dolphins face identity crisis as rival Buffalo Bills come to town    ",
        "tweets.hashtags":"[]",
        "tweets.user_mentions":"['HeraldSports']",
        "tweets.urls":"['http:\/\/hrld.us\/1G9rdDe']",
        "tweets.user_name":"MiamiHerald",
        "tweets.followers_count":481766,
        "topics.title":"Rex Ryan sends message, names four former Dolphins as captains"
    },
    {
        "topic":"4a8f4814-0fd9-4ab0-8c4c-c873b56269ff",
        "tweetID":648186304900001792,
        "relevancy":2,
        "tweets.created_at":"2015-09-27T17:23:52.000Z",
        "tweets.full_text":"On the way to the stadium. Bills at Dolphins week 3   ",
        "tweets.hashtags":"[]",
        "tweets.user_mentions":"['4JoshReed']",
        "tweets.urls":"[]",
        "tweets.user_name":"news4buffalo",
        "tweets.followers_count":178458,
        "topics.title":"Rex Ryan sends message, names four former Dolphins as captains"
    },
    {
        "topic":"4a8f4814-0fd9-4ab0-8c4c-c873b56269ff",
        "tweetID":648230100232749057,
        "relevancy":1,
        "tweets.created_at":"2015-09-27T20:17:54.000Z",
        "tweets.full_text":". Both D-lines key in Bills-Dolphins game  #Bills   ",
        "tweets.hashtags":"['Bills']",
        "tweets.user_mentions":"['salmaiorana']",
        "tweets.urls":"['http:\/\/www.democratandchronicle.com\/story\/sports\/football\/nfl\/bills\/2015\/09\/26\/maiorana-both-d-lines-key-bills-dolphins-game\/72757980\/']",
        "tweets.user_name":"DandC",
        "tweets.followers_count":138598,
        "topics.title":"Rex Ryan sends message, names four former Dolphins as captains"
    },
    {
        "topic":"4a8f4814-0fd9-4ab0-8c4c-c873b56269ff",
        "tweetID":648233073855889408,
        "relevancy":1,
        "tweets.created_at":"2015-09-27T20:29:43.000Z",
        "tweets.full_text":"#Bills first target Charles Clay, the former #Dolphin. Also playing against his former team is Richie Incognito.  #BillsvsDolphins.  ",
        "tweets.hashtags":"['Bills', 'Dolphin', 'BillsvsDolphins']",
        "tweets.user_mentions":"[]",
        "tweets.urls":"[]",
        "tweets.user_name":"news4buffalo",
        "tweets.followers_count":178458,
        "topics.title":"Rex Ryan sends message, names four former Dolphins as captains"
    },
    {
        "topic":"4a8f4814-0fd9-4ab0-8c4c-c873b56269ff",
        "tweetID":648233831053455360,
        "relevancy":2,
        "tweets.created_at":"2015-09-27T20:32:43.000Z",
        "tweets.full_text":"Charles Clay makes the catch on the #Bills first offensive play, his first since leaving #Dolphins for Buffalo..  ",
        "tweets.hashtags":"['Bills', 'Dolphins']",
        "tweets.user_mentions":"[]",
        "tweets.urls":"[]",
        "tweets.user_name":"SPECNewsBuffalo",
        "tweets.followers_count":26730,
        "topics.title":"Rex Ryan sends message, names four former Dolphins as captains"
    },
    {
        "topic":"4a8f4814-0fd9-4ab0-8c4c-c873b56269ff",
        "tweetID":648233836325662722,
        "relevancy":1,
        "tweets.created_at":"2015-09-27T20:32:44.000Z",
        "tweets.full_text":"Charles Clay with a TD catch for the #Bills --- they lead the #Dolphins 7-0 in the first quarter.  ",
        "tweets.hashtags":"['Bills', 'Dolphins']",
        "tweets.user_mentions":"[]",
        "tweets.urls":"[]",
        "tweets.user_name":"WPLGLocal10",
        "tweets.followers_count":186288,
        "topics.title":"Rex Ryan sends message, names four former Dolphins as captains"
    },
    {
        "topic":"4a8f4814-0fd9-4ab0-8c4c-c873b56269ff",
        "tweetID":648238431139680256,
        "relevancy":2,
        "tweets.created_at":"2015-09-27T20:51:00.000Z",
        "tweets.full_text":"#Bills up 14-0 over the #Dolphins with 6:03 left in the 1st quarter. #FinsOn4.  ",
        "tweets.hashtags":"['Bills', 'Dolphins', 'FinsOn4']",
        "tweets.user_mentions":"[]",
        "tweets.urls":"[]",
        "tweets.user_name":"CBSMiami",
        "tweets.followers_count":105724,
        "topics.title":"Rex Ryan sends message, names four former Dolphins as captains"
    },
    {
        "topic":"4a8f4814-0fd9-4ab0-8c4c-c873b56269ff",
        "tweetID":648241816236638208,
        "relevancy":2,
        "tweets.created_at":"2015-09-27T21:04:27.000Z",
        "tweets.full_text":"Bills and Dolphins have run the same number of plays (13) but Buffalo has 113 more yards and leads 14-0..  ",
        "tweets.hashtags":"[]",
        "tweets.user_mentions":"['JKepnerWFTV']",
        "tweets.urls":"[]",
        "tweets.user_name":"WFTV",
        "tweets.followers_count":213163,
        "topics.title":"Rex Ryan sends message, names four former Dolphins as captains"
    },
    {
        "topic":"4a8f4814-0fd9-4ab0-8c4c-c873b56269ff",
        "tweetID":648265206968254464,
        "relevancy":2,
        "tweets.created_at":"2015-09-27T22:37:24.000Z",
        "tweets.full_text":"#Bills punt but #Dolphins flagged for knocking down the punter. Free 1st down for Buffalo. Thats so Dolphins! #FinsOn4.  ",
        "tweets.hashtags":"['Bills', 'Dolphins', 'FinsOn4']",
        "tweets.user_mentions":"[]",
        "tweets.urls":"[]",
        "tweets.user_name":"CBSMiami",
        "tweets.followers_count":105724,
        "topics.title":"Rex Ryan sends message, names four former Dolphins as captains"
    },
    {
        "topic":"4a8f4814-0fd9-4ab0-8c4c-c873b56269ff",
        "tweetID":648269867028738048,
        "relevancy":1,
        "tweets.created_at":"2015-09-27T22:55:55.000Z",
        "tweets.full_text":"A Miami Dolphins fan yells at the team to get in the game before the end of the first half\u2026    ",
        "tweets.hashtags":"[]",
        "tweets.user_mentions":"[]",
        "tweets.urls":"['http:\/\/ift.tt\/1YJ0d91']",
        "tweets.user_name":"pbpost",
        "tweets.followers_count":175719,
        "topics.title":"Rex Ryan sends message, names four former Dolphins as captains"
    },
    {
        "topic":"4a8f4814-0fd9-4ab0-8c4c-c873b56269ff",
        "tweetID":648277546518188033,
        "relevancy":2,
        "tweets.created_at":"2015-09-27T23:26:26.000Z",
        "tweets.full_text":"Weve reached the 2 minute warning in Miami with the #Dolphins trailing the #Bills 41-14. #FinsOn4.  ",
        "tweets.hashtags":"['Dolphins', 'Bills', 'FinsOn4']",
        "tweets.user_mentions":"[]",
        "tweets.urls":"[]",
        "tweets.user_name":"CBSMiami",
        "tweets.followers_count":105724,
        "topics.title":"Rex Ryan sends message, names four former Dolphins as captains"
    },
    {
        "topic":"4a8f4814-0fd9-4ab0-8c4c-c873b56269ff",
        "tweetID":648280181359165440,
        "relevancy":2,
        "tweets.created_at":"2015-09-27T23:36:54.000Z",
        "tweets.full_text":"Bills win on the road, defeating Dolphins 41-14.  See photos:   ",
        "tweets.hashtags":"[]",
        "tweets.user_mentions":"[]",
        "tweets.urls":"['http:\/\/www.wben.com\/pages\/22008098.php?contentType=37&contentId=164503']",
        "tweets.user_name":"NewsRadio930",
        "tweets.followers_count":27260,
        "topics.title":"Rex Ryan sends message, names four former Dolphins as captains"
    },
    {
        "topic":"4a8f4814-0fd9-4ab0-8c4c-c873b56269ff",
        "tweetID":648281718085042176,
        "relevancy":2,
        "tweets.created_at":"2015-09-27T23:43:00.000Z",
        "tweets.full_text":"Dave Hyde 10 quick thoughts on Rex Ryan and his ex-Dolphins-peppered Bills team crushing Miami 41-14 --   ",
        "tweets.hashtags":"[]",
        "tweets.user_mentions":"['SSMiamiDolphins']",
        "tweets.urls":"[]",
        "tweets.user_name":"DaveSelig",
        "tweets.followers_count":1060,
        "topics.title":"Rex Ryan sends message, names four former Dolphins as captains"
    },
    {
        "topic":"4a8f4814-0fd9-4ab0-8c4c-c873b56269ff",
        "tweetID":648318747598438402,
        "relevancy":2,
        "tweets.created_at":"2015-09-28T02:10:09.000Z",
        "tweets.full_text":"Buffalo Bills win at Miami Dolphins, but South Fort Myers graduate Sammy Watkins injured.     ",
        "tweets.hashtags":"[]",
        "tweets.user_mentions":"[]",
        "tweets.urls":"['http:\/\/bit.ly\/1GbaShl']",
        "tweets.user_name":"ndn",
        "tweets.followers_count":76036,
        "topics.title":"Rex Ryan sends message, names four former Dolphins as captains"
    },
    {
        "topic":"4a8f4814-0fd9-4ab0-8c4c-c873b56269ff",
        "tweetID":648686132977401856,
        "relevancy":2,
        "tweets.created_at":"2015-09-29T02:30:00.000Z",
        "tweets.full_text":"Bills blast Dolphins in Sundays game  #13WHAM.  ",
        "tweets.hashtags":"['13WHAM']",
        "tweets.user_mentions":"[]",
        "tweets.urls":"['http:\/\/spr.ly\/6015Bz1vH']",
        "tweets.user_name":"13WHAM",
        "tweets.followers_count":162642,
        "topics.title":"Rex Ryan sends message, names four former Dolphins as captains"
    }
]