[
    {
        "topic":"6d9aec53-8d75-4e94-9535-23ddbb2841e2",
        "tweetID":639240055026937856,
        "relevancy":2,
        "tweets.created_at":"2015-03-09T00:54:40.000Z",
        "tweets.full_text":"Floyd Mayweather addresses the comments that this isn\u2019t really his last fight   ",
        "tweets.hashtags":"[]",
        "tweets.user_mentions":"[]",
        "tweets.urls":"['http:\/\/ble.ac\/1JNCWw7']",
        "tweets.user_name":"BleacherReport",
        "tweets.followers_count":9411148,
        "topics.title":"CBS US News: Mayweather's last fight doesn't seem to pack much of a punch"
    },
    {
        "topic":"6d9aec53-8d75-4e94-9535-23ddbb2841e2",
        "tweetID":640091749793300480,
        "relevancy":2,
        "tweets.created_at":"2015-05-09T09:19:00.000Z",
        "tweets.full_text":"Floyd Mayweather whose Sept12 fight agst Berto is his last says hes sad about retiring &amp; the thing hell miss most will be jealous haters.  ",
        "tweets.hashtags":"[]",
        "tweets.user_mentions":"[]",
        "tweets.urls":"[]",
        "tweets.user_name":"SongaStone",
        "tweets.followers_count":6200,
        "topics.title":"CBS US News: Mayweather's last fight doesn't seem to pack much of a punch"
    },
    {
        "topic":"6d9aec53-8d75-4e94-9535-23ddbb2841e2",
        "tweetID":641962601748918272,
        "relevancy":2,
        "tweets.created_at":"2015-10-09T13:13:06.000Z",
        "tweets.full_text":"Boxing needs Floyd Mayweather Jr. more than he needs boxing  #vegas   ",
        "tweets.hashtags":"['vegas']",
        "tweets.user_mentions":"[]",
        "tweets.urls":"['http:\/\/dlvr.it\/C6TcqD']",
        "tweets.user_name":"vegasnewsnow",
        "tweets.followers_count":33051,
        "topics.title":"CBS US News: Mayweather's last fight doesn't seem to pack much of a punch"
    },
    {
        "topic":"6d9aec53-8d75-4e94-9535-23ddbb2841e2",
        "tweetID":642056214252118016,
        "relevancy":2,
        "tweets.created_at":"2015-10-09T19:25:04.000Z",
        "tweets.full_text":"Boxing needs Floyd Mayweather Jr. more than he needs boxing     ",
        "tweets.hashtags":"[]",
        "tweets.user_mentions":"[]",
        "tweets.urls":"['http:\/\/bit.ly\/1JZxt4p']",
        "tweets.user_name":"LasVegasSun",
        "tweets.followers_count":242669,
        "topics.title":"CBS US News: Mayweather's last fight doesn't seem to pack much of a punch"
    },
    {
        "topic":"6d9aec53-8d75-4e94-9535-23ddbb2841e2",
        "tweetID":642475358743343104,
        "relevancy":2,
        "tweets.created_at":"2015-11-09T23:10:36.000Z",
        "tweets.full_text":"Floyd Mayweather insists his fight with Andre Berto is his last    ",
        "tweets.hashtags":"[]",
        "tweets.user_mentions":"[]",
        "tweets.urls":"['http:\/\/bos.gl\/XgKu3Gy']",
        "tweets.user_name":"BostonGlobe",
        "tweets.followers_count":789684,
        "topics.title":"CBS US News: Mayweather's last fight doesn't seem to pack much of a punch"
    },
    {
        "topic":"6d9aec53-8d75-4e94-9535-23ddbb2841e2",
        "tweetID":642509124811395072,
        "relevancy":2,
        "tweets.created_at":"2015-12-09T01:24:47.000Z",
        "tweets.full_text":"Floyd Mayweather Jr. says tomorrows fight against Andre Berto will be his last. STORY:    ",
        "tweets.hashtags":"[]",
        "tweets.user_mentions":"[]",
        "tweets.urls":"['http:\/\/cbsloc.al\/1iDxr9p']",
        "tweets.user_name":"CBSLA",
        "tweets.followers_count":250998,
        "topics.title":"CBS US News: Mayweather's last fight doesn't seem to pack much of a punch"
    },
    {
        "topic":"6d9aec53-8d75-4e94-9535-23ddbb2841e2",
        "tweetID":642513752798183425,
        "relevancy":2,
        "tweets.created_at":"2015-12-09T01:43:10.000Z",
        "tweets.full_text":"Floyd Mayweather Jr. wants healthy post-boxing life   ",
        "tweets.hashtags":"[]",
        "tweets.user_mentions":"[]",
        "tweets.urls":"['http:\/\/shout.lt\/bcDrc']",
        "tweets.user_name":"ladailynews",
        "tweets.followers_count":54683,
        "topics.title":"CBS US News: Mayweather's last fight doesn't seem to pack much of a punch"
    },
    {
        "topic":"6d9aec53-8d75-4e94-9535-23ddbb2841e2",
        "tweetID":642553001979215872,
        "relevancy":2,
        "tweets.created_at":"2015-12-09T04:19:08.000Z",
        "tweets.full_text":"With his last fight set for Saturday, Floyd Mayweather\u2019s legacy seems more\u2026  #vegas   ",
        "tweets.hashtags":"['vegas']",
        "tweets.user_mentions":"[]",
        "tweets.urls":"['http:\/\/dlvr.it\/C7Knwc']",
        "tweets.user_name":"vegasnewsnow",
        "tweets.followers_count":33051,
        "topics.title":"CBS US News: Mayweather's last fight doesn't seem to pack much of a punch"
    },
    {
        "topic":"6d9aec53-8d75-4e94-9535-23ddbb2841e2",
        "tweetID":642574779929657344,
        "relevancy":2,
        "tweets.created_at":"2015-12-09T05:45:40.000Z",
        "tweets.full_text":". insists  is last fight of perfect career    ",
        "tweets.hashtags":"[]",
        "tweets.user_mentions":"['FloydMayweather', 'AndreBerto']",
        "tweets.urls":"['http:\/\/808ne.ws\/1KJP2Zu']",
        "tweets.user_name":"StarAdvertiser",
        "tweets.followers_count":81761,
        "topics.title":"CBS US News: Mayweather's last fight doesn't seem to pack much of a punch"
    },
    {
        "topic":"6d9aec53-8d75-4e94-9535-23ddbb2841e2",
        "tweetID":642587706476875776,
        "relevancy":2,
        "tweets.created_at":"2015-12-09T06:37:02.000Z",
        "tweets.full_text":"Disappointing ticket sales for Mayweathers last fight    ",
        "tweets.hashtags":"[]",
        "tweets.user_mentions":"[]",
        "tweets.urls":"['http:\/\/rplr.co\/1M3wcKg']",
        "tweets.user_name":"rapplerdotcom",
        "tweets.followers_count":3423856,
        "topics.title":"CBS US News: Mayweather's last fight doesn't seem to pack much of a punch"
    },
    {
        "topic":"6d9aec53-8d75-4e94-9535-23ddbb2841e2",
        "tweetID":642608124902268928,
        "relevancy":2,
        "tweets.created_at":"2015-12-09T07:58:10.000Z",
        "tweets.full_text":"Disappointing ticket sales for Mayweathers last fight    ",
        "tweets.hashtags":"[]",
        "tweets.user_mentions":"['rapplerdotcom']",
        "tweets.urls":"['http:\/\/rplr.co\/1M3wcKg']",
        "tweets.user_name":"RapplerTeam",
        "tweets.followers_count":1770,
        "topics.title":"CBS US News: Mayweather's last fight doesn't seem to pack much of a punch"
    },
    {
        "topic":"6d9aec53-8d75-4e94-9535-23ddbb2841e2",
        "tweetID":642887187369992192,
        "relevancy":2,
        "tweets.created_at":"2015-09-13T02:27:04.000Z",
        "tweets.full_text":"Is this really the last well see of Floyd Mayweather Jr. Follow along with tonights fight at   ",
        "tweets.hashtags":"[]",
        "tweets.user_mentions":"[]",
        "tweets.urls":"['http:\/\/bit.ly\/1Nwx0up']",
        "tweets.user_name":"LasVegasSun",
        "tweets.followers_count":242669,
        "topics.title":"CBS US News: Mayweather's last fight doesn't seem to pack much of a punch"
    },
    {
        "topic":"6d9aec53-8d75-4e94-9535-23ddbb2841e2",
        "tweetID":642887961441341441,
        "relevancy":2,
        "tweets.created_at":"2015-09-13T02:30:08.000Z",
        "tweets.full_text":"Live updates: Floyd Mayweather vs. Andre Berto, at MGM Grand in Las Vegas    ",
        "tweets.hashtags":"[]",
        "tweets.user_mentions":"[]",
        "tweets.urls":"['http:\/\/bit.ly\/1O8cgct']",
        "tweets.user_name":"MLive",
        "tweets.followers_count":324770,
        "topics.title":"CBS US News: Mayweather's last fight doesn't seem to pack much of a punch"
    },
    {
        "topic":"6d9aec53-8d75-4e94-9535-23ddbb2841e2",
        "tweetID":642905813623963648,
        "relevancy":2,
        "tweets.created_at":"2015-09-13T03:41:05.000Z",
        "tweets.full_text":"Mayweather-Berto is underway  Mayweather has not won a fight in the first round since May 1997.  ",
        "tweets.hashtags":"[]",
        "tweets.user_mentions":"[]",
        "tweets.urls":"[]",
        "tweets.user_name":"ESPNStatsInfo",
        "tweets.followers_count":1719310,
        "topics.title":"CBS US News: Mayweather's last fight doesn't seem to pack much of a punch"
    },
    {
        "topic":"6d9aec53-8d75-4e94-9535-23ddbb2841e2",
        "tweetID":642918612517421056,
        "relevancy":2,
        "tweets.created_at":"2015-09-13T04:31:56.000Z",
        "tweets.full_text":"Floyd Mayweather beat Andre Berto by unanimous decision in their WBC\/WBA Welterweight fight in Las Vegas. #SSBoxing.  ",
        "tweets.hashtags":"['SSBoxing']",
        "tweets.user_mentions":"[]",
        "tweets.urls":"[]",
        "tweets.user_name":"SuperSportBlitz",
        "tweets.followers_count":1263827,
        "topics.title":"CBS US News: Mayweather's last fight doesn't seem to pack much of a punch"
    },
    {
        "topic":"6d9aec53-8d75-4e94-9535-23ddbb2841e2",
        "tweetID":642919075203710977,
        "relevancy":2,
        "tweets.created_at":"2015-09-13T04:33:47.000Z",
        "tweets.full_text":"Floyd Mayweather Jr. improves record to 49-0, beating Andre Berto at MGM Grand Garden Arena in Las Vegas -    ",
        "tweets.hashtags":"[]",
        "tweets.user_mentions":"['SInow']",
        "tweets.urls":"['http:\/\/on.si.com\/1EV26sK']",
        "tweets.user_name":"BreakingNews",
        "tweets.followers_count":9706508,
        "topics.title":"CBS US News: Mayweather's last fight doesn't seem to pack much of a punch"
    },
    {
        "topic":"6d9aec53-8d75-4e94-9535-23ddbb2841e2",
        "tweetID":642919125069656064,
        "relevancy":2,
        "tweets.created_at":"2015-09-13T04:33:58.000Z",
        "tweets.full_text":"Floyd Mayweather Jr. improves record to 49-0, beating Andre Berto at MGM Grand Garden Arena in Las Vegas -    ",
        "tweets.hashtags":"[]",
        "tweets.user_mentions":"['BreakingNews', 'SInow']",
        "tweets.urls":"[]",
        "tweets.user_name":"KrisKetzKMBC",
        "tweets.followers_count":29617,
        "topics.title":"CBS US News: Mayweather's last fight doesn't seem to pack much of a punch"
    },
    {
        "topic":"6d9aec53-8d75-4e94-9535-23ddbb2841e2",
        "tweetID":642919593971945472,
        "relevancy":2,
        "tweets.created_at":"2015-09-13T04:35:50.000Z",
        "tweets.full_text":"Hopefully someday we can find the next Floyd Mayweather\u201d - Floyd Mayweather.  ",
        "tweets.hashtags":"[]",
        "tweets.user_mentions":"[]",
        "tweets.urls":"[]",
        "tweets.user_name":"BleacherReport",
        "tweets.followers_count":9411148,
        "topics.title":"CBS US News: Mayweather's last fight doesn't seem to pack much of a punch"
    },
    {
        "topic":"6d9aec53-8d75-4e94-9535-23ddbb2841e2",
        "tweetID":642919737865973760,
        "relevancy":2,
        "tweets.created_at":"2015-09-13T04:36:25.000Z",
        "tweets.full_text":"Floyd Mayweather Jr. has defeated Andre Berto in what Mayweather says is his final fight..  ",
        "tweets.hashtags":"[]",
        "tweets.user_mentions":"[]",
        "tweets.urls":"[]",
        "tweets.user_name":"LasVegasSun",
        "tweets.followers_count":242669,
        "topics.title":"CBS US News: Mayweather's last fight doesn't seem to pack much of a punch"
    },
    {
        "topic":"6d9aec53-8d75-4e94-9535-23ddbb2841e2",
        "tweetID":642928232745017344,
        "relevancy":2,
        "tweets.created_at":"2015-09-13T05:10:10.000Z",
        "tweets.full_text":"Boxer Floyd Mayweather wins in his last fight and remains undefeated.    ",
        "tweets.hashtags":"[]",
        "tweets.user_mentions":"['foxnewsradio']",
        "tweets.urls":"['http:\/\/foxrad.io\/5mincast']",
        "tweets.user_name":"FOX10Phoenix",
        "tweets.followers_count":312833,
        "topics.title":"CBS US News: Mayweather's last fight doesn't seem to pack much of a punch"
    },
    {
        "topic":"6d9aec53-8d75-4e94-9535-23ddbb2841e2",
        "tweetID":642931463399174144,
        "relevancy":2,
        "tweets.created_at":"2015-09-13T05:23:00.000Z",
        "tweets.full_text":"Floyd Mayweather Jr. on retirement, Ive accomplished everything, he said. Ive done everything in my sport. #MayweatherBerto.  ",
        "tweets.hashtags":"['MayweatherBerto']",
        "tweets.user_mentions":"[]",
        "tweets.urls":"[]",
        "tweets.user_name":"CBSLA",
        "tweets.followers_count":250998,
        "topics.title":"CBS US News: Mayweather's last fight doesn't seem to pack much of a punch"
    },
    {
        "topic":"6d9aec53-8d75-4e94-9535-23ddbb2841e2",
        "tweetID":642934213474299904,
        "relevancy":2,
        "tweets.created_at":"2015-09-13T05:33:56.000Z",
        "tweets.full_text":"Boxing-Mayweather beats Berto in ring farewell: LAS VEGAS (Reuters) - Floyd Mayweather Jr. cemented his place ...   ",
        "tweets.hashtags":"[]",
        "tweets.user_mentions":"[]",
        "tweets.urls":"['http:\/\/bit.ly\/1giL6Rj']",
        "tweets.user_name":"nationnews",
        "tweets.followers_count":504487,
        "topics.title":"CBS US News: Mayweather's last fight doesn't seem to pack much of a punch"
    },
    {
        "topic":"6d9aec53-8d75-4e94-9535-23ddbb2841e2",
        "tweetID":642937747083169796,
        "relevancy":2,
        "tweets.created_at":"2015-09-13T05:47:58.000Z",
        "tweets.full_text":"Floyd Mayweather beats Andre Berto in his final fight, ends career unbeaten   ",
        "tweets.hashtags":"[]",
        "tweets.user_mentions":"[]",
        "tweets.urls":"['http:\/\/dnai.in\/cTDr']",
        "tweets.user_name":"dna",
        "tweets.followers_count":2215980,
        "topics.title":"CBS US News: Mayweather's last fight doesn't seem to pack much of a punch"
    },
    {
        "topic":"6d9aec53-8d75-4e94-9535-23ddbb2841e2",
        "tweetID":642986443682500608,
        "relevancy":2,
        "tweets.created_at":"2015-09-13T09:01:28.000Z",
        "tweets.full_text":"Floyd Mayweather beats Berto by decision. He said it was the final fight of his career.   ",
        "tweets.hashtags":"[]",
        "tweets.user_mentions":"[]",
        "tweets.urls":"['http:\/\/go.fox59.com\/1M4Nfvo']",
        "tweets.user_name":"FOX59",
        "tweets.followers_count":262080,
        "topics.title":"CBS US News: Mayweather's last fight doesn't seem to pack much of a punch"
    },
    {
        "topic":"6d9aec53-8d75-4e94-9535-23ddbb2841e2",
        "tweetID":642993708770594816,
        "relevancy":2,
        "tweets.created_at":"2015-09-13T09:30:21.000Z",
        "tweets.full_text":"Floyd Mayweather beats Berto in farewell fight in Vegas  via    ",
        "tweets.hashtags":"[]",
        "tweets.user_mentions":"['IrishTimesSport']",
        "tweets.urls":"['http:\/\/www.irishtimes.com\/sport\/other-sports\/floyd-mayweather-beats-berto-in-farewell-fight-in-vegas-1.2350061']",
        "tweets.user_name":"IrishTimes",
        "tweets.followers_count":586065,
        "topics.title":"CBS US News: Mayweather's last fight doesn't seem to pack much of a punch"
    },
    {
        "topic":"6d9aec53-8d75-4e94-9535-23ddbb2841e2",
        "tweetID":643046170433089537,
        "relevancy":2,
        "tweets.created_at":"2015-09-13T12:58:48.000Z",
        "tweets.full_text":"Where does Floyd Mayweather Jr stand in the list of all time boxing greats  His record 49 fights - 49 wins   ",
        "tweets.hashtags":"[]",
        "tweets.user_mentions":"['5liveSport']",
        "tweets.urls":"[]",
        "tweets.user_name":"bbc5live",
        "tweets.followers_count":676761,
        "topics.title":"CBS US News: Mayweather's last fight doesn't seem to pack much of a punch"
    },
    {
        "topic":"6d9aec53-8d75-4e94-9535-23ddbb2841e2",
        "tweetID":643068883864317956,
        "relevancy":2,
        "tweets.created_at":"2015-09-13T14:29:04.000Z",
        "tweets.full_text":"Floyd Mayweather Jr. says my career is over after moving to 49-0   ",
        "tweets.hashtags":"[]",
        "tweets.user_mentions":"[]",
        "tweets.urls":"['http:\/\/wapo.st\/1OnKp73']",
        "tweets.user_name":"washingtonpost",
        "tweets.followers_count":17443248,
        "topics.title":"CBS US News: Mayweather's last fight doesn't seem to pack much of a punch"
    },
    {
        "topic":"6d9aec53-8d75-4e94-9535-23ddbb2841e2",
        "tweetID":643107412824690689,
        "relevancy":2,
        "tweets.created_at":"2015-09-13T17:02:10.000Z",
        "tweets.full_text":"Floyd Mayweather retires after another win in Las Vegas | ChimpLyf   ",
        "tweets.hashtags":"[]",
        "tweets.user_mentions":"[]",
        "tweets.urls":"['http:\/\/fb.me\/7DPTddyfO']",
        "tweets.user_name":"ChimpReports",
        "tweets.followers_count":89630,
        "topics.title":"CBS US News: Mayweather's last fight doesn't seem to pack much of a punch"
    },
    {
        "topic":"6d9aec53-8d75-4e94-9535-23ddbb2841e2",
        "tweetID":643125250641625089,
        "relevancy":2,
        "tweets.created_at":"2015-09-13T18:13:03.000Z",
        "tweets.full_text":"#ICYMI: Floyd Mayweather beat Andre Berto last night. Mayweather said it was his final fight:   ",
        "tweets.hashtags":"['ICYMI']",
        "tweets.user_mentions":"[]",
        "tweets.urls":"['http:\/\/bit.ly\/1iH4cT8?cid=twitter_TWCNewsCLT']",
        "tweets.user_name":"SpecNews1CLT",
        "tweets.followers_count":37862,
        "topics.title":"CBS US News: Mayweather's last fight doesn't seem to pack much of a punch"
    },
    {
        "topic":"6d9aec53-8d75-4e94-9535-23ddbb2841e2",
        "tweetID":643819158950445056,
        "relevancy":2,
        "tweets.created_at":"2015-09-15T16:10:23.000Z",
        "tweets.full_text":"Keidel: Does Anyone Really Believe That Floyd Mayweather Jr Is\u00a0Retiring   ",
        "tweets.hashtags":"[]",
        "tweets.user_mentions":"[]",
        "tweets.urls":"['http:\/\/cbsloc.al\/1USgn0C']",
        "tweets.user_name":"1010WINS",
        "tweets.followers_count":49136,
        "topics.title":"CBS US News: Mayweather's last fight doesn't seem to pack much of a punch"
    }
]