{
    "topic":"4d2af8fe-d464-4a33-8148-f5b003dfdfe5",
    "topics.content":"1            View Comments       The Commercial Bank of Ethiopia (CBE) is set to open 500 branches in the GTP II period, Fana Broadcasting Corporate reported.      According to Yisak Mengesha, Business Development Head at CBE, told Ethiopian Press Agency that CBE plans to open 100 branches a year.      For the coming five years CBE plans to increase the number of branches to 1,470 and its clients to 20 million, from 970 branches and 11 million clients, he added.      The expansion of the bank\u2019s service aims at developing the culture of saving and investment in Ethiopia, Yisak noted.      Source: Fana Broadcasting Corporate        Vote for this Article         Tagged as: No tags for this article     About the Author: webby Z.  ",
    "topics.title":"CBE Plans to Open 500 Branches in GTP II Period",
    "topics.media-type":"News",
    "topics.source":"EthioGrio",
    "topics.published":"2015-09-23T08:41:00.000Z",
    "topic_tweets":7,
    "tweets.created_at_initial":"2015-02-09 12:00:42",
    "tweets.created_at_final":"2015-09-23 21:28:23",
    "tweets.time_interval":226.0
}