[
    {
        "topic":"4d2af8fe-d464-4a33-8148-f5b003dfdfe5",
        "tweetID":639045281993097216,
        "relevancy":1,
        "tweets.created_at":"2015-02-09T12:00:42.000Z",
        "tweets.full_text":"CBEs cumulative gross profits during GTP I reachs 42.8b Br.    ",
        "tweets.hashtags":"[]",
        "tweets.user_mentions":"[]",
        "tweets.urls":"['http:\/\/ow.ly\/RGa0n']",
        "tweets.user_name":"addis_fortune",
        "tweets.followers_count":134509,
        "topics.title":"CBE Plans to Open 500 Branches in GTP II Period"
    },
    {
        "topic":"4d2af8fe-d464-4a33-8148-f5b003dfdfe5",
        "tweetID":643004349291999232,
        "relevancy":1,
        "tweets.created_at":"2015-09-13T10:12:37.000Z",
        "tweets.full_text":"Commercial Bank of Dubai shareholders reject $750m Tier 1 bond\u00a0plan   ",
        "tweets.hashtags":"[]",
        "tweets.user_mentions":"[]",
        "tweets.urls":"['http:\/\/gulfbusiness.com\/2015\/09\/commercial-bank-dubai-shareholders-reject-750m-tier-1-bond-plan\/']",
        "tweets.user_name":"GulfBusiness",
        "tweets.followers_count":16225,
        "topics.title":"CBE Plans to Open 500 Branches in GTP II Period"
    },
    {
        "topic":"4d2af8fe-d464-4a33-8148-f5b003dfdfe5",
        "tweetID":643673880171794432,
        "relevancy":2,
        "tweets.created_at":"2015-09-15T06:33:06.000Z",
        "tweets.full_text":"With 109 new branches last year, CBE expanding at faster rate than any other bank in #Ethiopia    ",
        "tweets.hashtags":"['Ethiopia']",
        "tweets.user_mentions":"[]",
        "tweets.urls":"['http:\/\/ow.ly\/SdAbq']",
        "tweets.user_name":"addis_fortune",
        "tweets.followers_count":134509,
        "topics.title":"CBE Plans to Open 500 Branches in GTP II Period"
    },
    {
        "topic":"4d2af8fe-d464-4a33-8148-f5b003dfdfe5",
        "tweetID":645577441264558081,
        "relevancy":1,
        "tweets.created_at":"2015-09-20T12:37:10.000Z",
        "tweets.full_text":"Commercial Bank International plans to raise funds for expansion    ",
        "tweets.hashtags":"[]",
        "tweets.user_mentions":"[]",
        "tweets.urls":"['http:\/\/bit.ly\/1iGpT5U']",
        "tweets.user_name":"UAENews",
        "tweets.followers_count":199301,
        "topics.title":"CBE Plans to Open 500 Branches in GTP II Period"
    },
    {
        "topic":"4d2af8fe-d464-4a33-8148-f5b003dfdfe5",
        "tweetID":646489315963482112,
        "relevancy":1,
        "tweets.created_at":"2015-09-23T01:00:38.000Z",
        "tweets.full_text":"Read about trends in bank charters and branches on our On the Economy blog    ",
        "tweets.hashtags":"[]",
        "tweets.user_mentions":"[]",
        "tweets.urls":"['http:\/\/bit.ly\/1L4kbad']",
        "tweets.user_name":"stlouisfed",
        "tweets.followers_count":114925,
        "topics.title":"CBE Plans to Open 500 Branches in GTP II Period"
    },
    {
        "topic":"4d2af8fe-d464-4a33-8148-f5b003dfdfe5",
        "tweetID":646534585334001668,
        "relevancy":1,
        "tweets.created_at":"2015-09-23T04:00:31.000Z",
        "tweets.full_text":"Bank charters and branches are both on the decline    ",
        "tweets.hashtags":"[]",
        "tweets.user_mentions":"[]",
        "tweets.urls":"['http:\/\/bit.ly\/1L4k5Q9']",
        "tweets.user_name":"stlouisfed",
        "tweets.followers_count":114925,
        "topics.title":"CBE Plans to Open 500 Branches in GTP II Period"
    },
    {
        "topic":"4d2af8fe-d464-4a33-8148-f5b003dfdfe5",
        "tweetID":646798287123562497,
        "relevancy":1,
        "tweets.created_at":"2015-09-23T21:28:23.000Z",
        "tweets.full_text":"Banks closing branches as customers go digital: Banks have trimmed the number of physical branches in the past...   ",
        "tweets.hashtags":"[]",
        "tweets.user_mentions":"[]",
        "tweets.urls":"['http:\/\/bit.ly\/1KC0Vvb']",
        "tweets.user_name":"smhnews",
        "tweets.followers_count":2639,
        "topics.title":"CBE Plans to Open 500 Branches in GTP II Period"
    }
]