[
    {
        "topic":"4fef4b46-17e6-43a9-b762-f68b20c1d4ef",
        "tweetID":639232369057140737,
        "relevancy":2,
        "tweets.created_at":"2015-03-09T00:24:07.000Z",
        "tweets.full_text":"Brazils central bank keeps key interest rate at 14.25%    ",
        "tweets.hashtags":"[]",
        "tweets.user_mentions":"[]",
        "tweets.urls":"['http:\/\/f24.my\/1hVgI1g']",
        "tweets.user_name":"FRANCE24",
        "tweets.followers_count":3542808,
        "topics.title":"Brazil central bank sees 2016 inflation falling to target, eyes currency"
    },
    {
        "topic":"4fef4b46-17e6-43a9-b762-f68b20c1d4ef",
        "tweetID":641997445937930240,
        "relevancy":1,
        "tweets.created_at":"2015-10-09T15:31:33.000Z",
        "tweets.full_text":"The last time the Federal Reserve raised its benchmark interest rate, there was no one to tweet about it  heavy.  ",
        "tweets.hashtags":"[]",
        "tweets.user_mentions":"[]",
        "tweets.urls":"['http:\/\/econ.st\/1UDIbWq']",
        "tweets.user_name":"boes_",
        "tweets.followers_count":26202,
        "topics.title":"Brazil central bank sees 2016 inflation falling to target, eyes currency"
    },
    {
        "topic":"4fef4b46-17e6-43a9-b762-f68b20c1d4ef",
        "tweetID":644071750343393280,
        "relevancy":2,
        "tweets.created_at":"2015-09-16T08:54:06.000Z",
        "tweets.full_text":"Central bank leaves benchmark interest rate unchanged   ",
        "tweets.hashtags":"[]",
        "tweets.user_mentions":"[]",
        "tweets.urls":"['http:\/\/bit.ly\/1OXblsC']",
        "tweets.user_name":"BangkokPostNews",
        "tweets.followers_count":174021,
        "topics.title":"Brazil central bank sees 2016 inflation falling to target, eyes currency"
    },
    {
        "topic":"4fef4b46-17e6-43a9-b762-f68b20c1d4ef",
        "tweetID":645633620531654656,
        "relevancy":2,
        "tweets.created_at":"2015-09-20T16:20:25.000Z",
        "tweets.full_text":"\u278d Brazils political crisis explained\u2014but even if you get it, there are further complicating matters.  \u2026.  ",
        "tweets.hashtags":"[]",
        "tweets.user_mentions":"['scharlab']",
        "tweets.urls":"['http:\/\/bit.ly\/1Flq2W9']",
        "tweets.user_name":"Riogringa",
        "tweets.followers_count":14308,
        "topics.title":"Brazil central bank sees 2016 inflation falling to target, eyes currency"
    },
    {
        "topic":"4fef4b46-17e6-43a9-b762-f68b20c1d4ef",
        "tweetID":645947237038751745,
        "relevancy":1,
        "tweets.created_at":"2015-09-21T13:06:37.000Z",
        "tweets.full_text":"Brazils taxation without amelioration:   ",
        "tweets.hashtags":"[]",
        "tweets.user_mentions":"[]",
        "tweets.urls":"['http:\/\/oglobo.globo.com\/economia\/de-30-nacoes-brasil-oferece-menor-retorno-dos-impostos-ao-cidadao-17555653?utm_source=Twitter&utm_medium=Social&utm_campaign=compartilhar']",
        "tweets.user_name":"bradleybrooks",
        "tweets.followers_count":7090,
        "topics.title":"Brazil central bank sees 2016 inflation falling to target, eyes currency"
    },
    {
        "topic":"4fef4b46-17e6-43a9-b762-f68b20c1d4ef",
        "tweetID":646169641040117761,
        "relevancy":1,
        "tweets.created_at":"2015-09-22T03:50:22.000Z",
        "tweets.full_text":"Brazil bans corporations from political donations amid corruption scandal    ",
        "tweets.hashtags":"[]",
        "tweets.user_mentions":"[]",
        "tweets.urls":"['http:\/\/bit.ly\/1PkpPml']",
        "tweets.user_name":"amazonwatch",
        "tweets.followers_count":84321,
        "topics.title":"Brazil central bank sees 2016 inflation falling to target, eyes currency"
    },
    {
        "topic":"4fef4b46-17e6-43a9-b762-f68b20c1d4ef",
        "tweetID":647006372849168384,
        "relevancy":2,
        "tweets.created_at":"2015-09-24T11:15:14.000Z",
        "tweets.full_text":"   ",
        "tweets.hashtags":"['video']",
        "tweets.user_mentions":"['TradingFloorcom', 'SaxoTv']",
        "tweets.urls":"['http:\/\/youtu.be\/2hrQipd_vbM']",
        "tweets.user_name":"_alexforrest",
        "tweets.followers_count":11429,
        "topics.title":"Brazil central bank sees 2016 inflation falling to target, eyes currency"
    },
    {
        "topic":"4fef4b46-17e6-43a9-b762-f68b20c1d4ef",
        "tweetID":647341617108660224,
        "relevancy":2,
        "tweets.created_at":"2015-09-25T09:27:23.000Z",
        "tweets.full_text":"Brazil Respite Seen Short Lived With Momentum Going Against Real   ",
        "tweets.hashtags":"[]",
        "tweets.user_mentions":"[]",
        "tweets.urls":"['http:\/\/bloom.bg\/1YEQyQT']",
        "tweets.user_name":"pdacosta",
        "tweets.followers_count":139644,
        "topics.title":"Brazil central bank sees 2016 inflation falling to target, eyes currency"
    },
    {
        "topic":"4fef4b46-17e6-43a9-b762-f68b20c1d4ef",
        "tweetID":647562873443643392,
        "relevancy":1,
        "tweets.created_at":"2015-09-26T00:06:34.000Z",
        "tweets.full_text":"Why Brazil Is Not Coming Back Anytime Soon (In 1 Depressing Chart)   ",
        "tweets.hashtags":"[]",
        "tweets.user_mentions":"[]",
        "tweets.urls":"['http:\/\/www.zerohedge.com\/news\/2015-09-25\/why-brazil-not-coming-back-anytime-soon-1-depressing-chart']",
        "tweets.user_name":"zerohedge",
        "tweets.followers_count":876790,
        "topics.title":"Brazil central bank sees 2016 inflation falling to target, eyes currency"
    },
    {
        "topic":"4fef4b46-17e6-43a9-b762-f68b20c1d4ef",
        "tweetID":648073343606878208,
        "relevancy":2,
        "tweets.created_at":"2015-09-27T09:55:00.000Z",
        "tweets.full_text":"Brazil has cut 500,000 jobs since January. Another 2.5m will be shed before the end of 2016    ",
        "tweets.hashtags":"[]",
        "tweets.user_mentions":"[]",
        "tweets.urls":"['http:\/\/econ.st\/1jhEogD']",
        "tweets.user_name":"TheEconomist",
        "tweets.followers_count":25400307,
        "topics.title":"Brazil central bank sees 2016 inflation falling to target, eyes currency"
    },
    {
        "topic":"4fef4b46-17e6-43a9-b762-f68b20c1d4ef",
        "tweetID":648637999865991168,
        "relevancy":1,
        "tweets.created_at":"2015-09-28T23:18:44.000Z",
        "tweets.full_text":"Battling dysfunctional rates, credit &amp; currency #markets , central bank of #Brazil announced $3bn of direct &amp; indirect balance sheet support.  ",
        "tweets.hashtags":"['markets', 'Brazil']",
        "tweets.user_mentions":"[]",
        "tweets.urls":"[]",
        "tweets.user_name":"elerianm",
        "tweets.followers_count":362078,
        "topics.title":"Brazil central bank sees 2016 inflation falling to target, eyes currency"
    }
]