[
    {
        "topic":"86ffe840-0a6b-4e7d-9490-e24636a3a214",
        "tweetID":639234122288750592,
        "relevancy":1,
        "tweets.created_at":"2015-03-09T00:31:05.000Z",
        "tweets.full_text":"North Melbourne is set to rest up to 10 players in its round 23 clash with Richmond on Friday night:  #AFL.  ",
        "tweets.hashtags":"['AFL']",
        "tweets.user_mentions":"[]",
        "tweets.urls":"['http:\/\/ab.co\/1Nbw26J']",
        "tweets.user_name":"abcsport",
        "tweets.followers_count":145505,
        "topics.title":"Crows don't feel cheated: Camporeale"
    },
    {
        "topic":"86ffe840-0a6b-4e7d-9490-e24636a3a214",
        "tweetID":639238254768820224,
        "relevancy":1,
        "tweets.created_at":"2015-03-09T00:47:31.000Z",
        "tweets.full_text":"North Melbourne poised to rest 8-10 players against Richmond ahead of AFL finals   ",
        "tweets.hashtags":"[]",
        "tweets.user_mentions":"[]",
        "tweets.urls":"['http:\/\/bit.ly\/1PMoIMo']",
        "tweets.user_name":"theTiser",
        "tweets.followers_count":140958,
        "topics.title":"Crows don't feel cheated: Camporeale"
    },
    {
        "topic":"86ffe840-0a6b-4e7d-9490-e24636a3a214",
        "tweetID":639245555785330688,
        "relevancy":2,
        "tweets.created_at":"2015-03-09T01:16:31.000Z",
        "tweets.full_text":"Scott: Were doing everything we can to be in the best shape for the first week of finals #NMFCMedia.  ",
        "tweets.hashtags":"['NMFCMedia']",
        "tweets.user_mentions":"[]",
        "tweets.urls":"[]",
        "tweets.user_name":"NMFCOfficial",
        "tweets.followers_count":70240,
        "topics.title":"Crows don't feel cheated: Camporeale"
    },
    {
        "topic":"86ffe840-0a6b-4e7d-9490-e24636a3a214",
        "tweetID":639337490650820608,
        "relevancy":2,
        "tweets.created_at":"2015-03-09T07:21:50.000Z",
        "tweets.full_text":"The Crows have questioned whether rules around resting players in the last round of the #AFL season should be changed   ",
        "tweets.hashtags":"['AFL']",
        "tweets.user_mentions":"[]",
        "tweets.urls":"['http:\/\/ab.co\/1QaiAy7']",
        "tweets.user_name":"abcsport",
        "tweets.followers_count":145505,
        "topics.title":"Crows don't feel cheated: Camporeale"
    },
    {
        "topic":"86ffe840-0a6b-4e7d-9490-e24636a3a214",
        "tweetID":639348126407524352,
        "relevancy":2,
        "tweets.created_at":"2015-03-09T08:04:06.000Z",
        "tweets.full_text":"Statement from the #Crows re resting players #FIVEaaNews   ",
        "tweets.hashtags":"['Crows', 'FIVEaaNews']",
        "tweets.user_mentions":"[]",
        "tweets.urls":"[]",
        "tweets.user_name":"MatthewPantelis",
        "tweets.followers_count":7494,
        "topics.title":"Crows don't feel cheated: Camporeale"
    },
    {
        "topic":"86ffe840-0a6b-4e7d-9490-e24636a3a214",
        "tweetID":639362935089795072,
        "relevancy":1,
        "tweets.created_at":"2015-03-09T09:02:57.000Z",
        "tweets.full_text":"The Crows released a statement today regarding the resting of players this weekend.   ",
        "tweets.hashtags":"[]",
        "tweets.user_mentions":"[]",
        "tweets.urls":"['http:\/\/afl.to\/1UoEtj7']",
        "tweets.user_name":"AFL",
        "tweets.followers_count":730959,
        "topics.title":"Crows don't feel cheated: Camporeale"
    },
    {
        "topic":"86ffe840-0a6b-4e7d-9490-e24636a3a214",
        "tweetID":639595869294034946,
        "relevancy":2,
        "tweets.created_at":"2015-04-09T00:28:33.000Z",
        "tweets.full_text":". has shaken things up with the Friday Night Farcecast: The Roos rest up for finals:  #AFL.  ",
        "tweets.hashtags":"['AFL']",
        "tweets.user_mentions":"['RyanBuckland7']",
        "tweets.urls":"['http:\/\/www.theroar.com.au\/2015\/09\/04\/friday-night-farcecast-roos-rest-up\/']",
        "tweets.user_name":"TheRoarSports",
        "tweets.followers_count":23514,
        "topics.title":"Crows don't feel cheated: Camporeale"
    },
    {
        "topic":"86ffe840-0a6b-4e7d-9490-e24636a3a214",
        "tweetID":639596849414799360,
        "relevancy":1,
        "tweets.created_at":"2015-04-09T00:32:26.000Z",
        "tweets.full_text":"AC: Everyones got different philosophies on resting players. Our focus is on continuity #ClarkoPresser.  ",
        "tweets.hashtags":"['ClarkoPresser']",
        "tweets.user_mentions":"[]",
        "tweets.urls":"[]",
        "tweets.user_name":"HawthornFC",
        "tweets.followers_count":98188,
        "topics.title":"Crows don't feel cheated: Camporeale"
    },
    {
        "topic":"86ffe840-0a6b-4e7d-9490-e24636a3a214",
        "tweetID":639607567996420096,
        "relevancy":1,
        "tweets.created_at":"2015-04-09T01:15:02.000Z",
        "tweets.full_text":"If I was a North fan Id be furious at resting players. It is short changing all footy followers and unfairly impacting the Tigers, Crows..  ",
        "tweets.hashtags":"[]",
        "tweets.user_mentions":"[]",
        "tweets.urls":"[]",
        "tweets.user_name":"NickMcCallum7",
        "tweets.followers_count":10839,
        "topics.title":"Crows don't feel cheated: Camporeale"
    },
    {
        "topic":"86ffe840-0a6b-4e7d-9490-e24636a3a214",
        "tweetID":639610909275521024,
        "relevancy":2,
        "tweets.created_at":"2015-04-09T01:28:18.000Z",
        "tweets.full_text":"Rest not best for Crows  says Scott Camporeale #weflyasone   ",
        "tweets.hashtags":"['weflyasone']",
        "tweets.user_mentions":"[]",
        "tweets.urls":"['http:\/\/bit.ly\/1NPXwP2']",
        "tweets.user_name":"Adelaide_FC",
        "tweets.followers_count":149833,
        "topics.title":"Crows don't feel cheated: Camporeale"
    },
    {
        "topic":"86ffe840-0a6b-4e7d-9490-e24636a3a214",
        "tweetID":639626465357619202,
        "relevancy":2,
        "tweets.created_at":"2015-04-09T02:30:07.000Z",
        "tweets.full_text":"Theres more value for the Hawks in gaining continuity than resting players, says Clarko.     ",
        "tweets.hashtags":"[]",
        "tweets.user_mentions":"[]",
        "tweets.urls":"['http:\/\/bit.ly\/15ACpre23']",
        "tweets.user_name":"HawthornFC",
        "tweets.followers_count":98188,
        "topics.title":"Crows don't feel cheated: Camporeale"
    },
    {
        "topic":"86ffe840-0a6b-4e7d-9490-e24636a3a214",
        "tweetID":639713566304636928,
        "relevancy":2,
        "tweets.created_at":"2015-04-09T08:16:14.000Z",
        "tweets.full_text":"A decent crowd is rolling into  tonight, despite the  resting 9 players. #9News   ",
        "tweets.hashtags":"['9News']",
        "tweets.user_mentions":"['NMFCOfficial']",
        "tweets.urls":"[]",
        "tweets.user_name":"9NewsMelb",
        "tweets.followers_count":164240,
        "topics.title":"Crows don't feel cheated: Camporeale"
    },
    {
        "topic":"86ffe840-0a6b-4e7d-9490-e24636a3a214",
        "tweetID":639742534705483776,
        "relevancy":2,
        "tweets.created_at":"2015-04-09T10:11:20.000Z",
        "tweets.full_text":"Resting players is interesting. I wouldnt be surprised if many come out next very flat in 1st Q. #justsaying.  ",
        "tweets.hashtags":"['justsaying']",
        "tweets.user_mentions":"[]",
        "tweets.urls":"[]",
        "tweets.user_name":"RebeccaMaddern9",
        "tweets.followers_count":23630,
        "topics.title":"Crows don't feel cheated: Camporeale"
    },
    {
        "topic":"86ffe840-0a6b-4e7d-9490-e24636a3a214",
        "tweetID":639742969394892800,
        "relevancy":1,
        "tweets.created_at":"2015-04-09T10:13:04.000Z",
        "tweets.full_text":"LIVE #AFL Round 23: Richmond v North Melbourne. Follow the action here:    ",
        "tweets.hashtags":"['AFL']",
        "tweets.user_mentions":"[]",
        "tweets.urls":"['http:\/\/trib.al\/ILsyqNQ']",
        "tweets.user_name":"couriermail",
        "tweets.followers_count":149970,
        "topics.title":"Crows don't feel cheated: Camporeale"
    },
    {
        "topic":"86ffe840-0a6b-4e7d-9490-e24636a3a214",
        "tweetID":639940317265788928,
        "relevancy":1,
        "tweets.created_at":"2015-04-09T23:17:15.000Z",
        "tweets.full_text":"Soon, Ill be talking to  about resting players in  Rd 23 on  Your thoughts   ",
        "tweets.hashtags":"[]",
        "tweets.user_mentions":"['CJCau', 'rohan_connolly', 'AFL', 'ABCGrandstand']",
        "tweets.urls":"[]",
        "tweets.user_name":"abcsport",
        "tweets.followers_count":145505,
        "topics.title":"Crows don't feel cheated: Camporeale"
    },
    {
        "topic":"86ffe840-0a6b-4e7d-9490-e24636a3a214",
        "tweetID":639955559710494720,
        "relevancy":2,
        "tweets.created_at":"2015-05-09T00:17:49.000Z",
        "tweets.full_text":"Brad Scott says he has been vindicated for resting players in last nights loss to Richmond.   ",
        "tweets.hashtags":"[]",
        "tweets.user_mentions":"[]",
        "tweets.urls":"['http:\/\/www.afl.com.au\/news\/2015-09-05\/scott-claims-vindication-for-resting-stars-demands-apology']",
        "tweets.user_name":"AFL",
        "tweets.followers_count":730959,
        "topics.title":"Crows don't feel cheated: Camporeale"
    },
    {
        "topic":"86ffe840-0a6b-4e7d-9490-e24636a3a214",
        "tweetID":640699458234159104,
        "relevancy":1,
        "tweets.created_at":"2015-07-09T01:33:49.000Z",
        "tweets.full_text":"Dahl: Its great to be where we are, but were not just going to be satisfied by just making it to the first week of finals..  ",
        "tweets.hashtags":"[]",
        "tweets.user_mentions":"[]",
        "tweets.urls":"[]",
        "tweets.user_name":"westernbulldogs",
        "tweets.followers_count":65607,
        "topics.title":"Crows don't feel cheated: Camporeale"
    },
    {
        "topic":"86ffe840-0a6b-4e7d-9490-e24636a3a214",
        "tweetID":642598695062495232,
        "relevancy":1,
        "tweets.created_at":"2015-12-09T07:20:42.000Z",
        "tweets.full_text":"AFL finals 2015: The Opposition Analyst on Richmond v North Melbourne: RICHMOND \u00a0v \u00a0Nth MELBOURNE   ",
        "tweets.hashtags":"[]",
        "tweets.user_mentions":"[]",
        "tweets.urls":"['http:\/\/bit.ly\/1OJ63AM']",
        "tweets.user_name":"theagebreaking",
        "tweets.followers_count":28400,
        "topics.title":"Crows don't feel cheated: Camporeale"
    },
    {
        "topic":"86ffe840-0a6b-4e7d-9490-e24636a3a214",
        "tweetID":642606422723821569,
        "relevancy":1,
        "tweets.created_at":"2015-12-09T07:51:24.000Z",
        "tweets.full_text":"We will now face the winner of Richmond v North Melbourne next Saturday night September 19 at 7.20pm AEST. #ProudlySydney.  ",
        "tweets.hashtags":"['ProudlySydney']",
        "tweets.user_mentions":"[]",
        "tweets.urls":"[]",
        "tweets.user_name":"sydneyswans",
        "tweets.followers_count":98274,
        "topics.title":"Crows don't feel cheated: Camporeale"
    },
    {
        "topic":"86ffe840-0a6b-4e7d-9490-e24636a3a214",
        "tweetID":642674484407861248,
        "relevancy":1,
        "tweets.created_at":"2015-12-09T12:21:52.000Z",
        "tweets.full_text":". coach Scott Camporeale on a well deserved win Pretty proud of these guys #AFLDogsCrows   ",
        "tweets.hashtags":"['AFLDogsCrows']",
        "tweets.user_mentions":"['7AFL', 'Adelaide_FC']",
        "tweets.urls":"[]",
        "tweets.user_name":"andrew_hough",
        "tweets.followers_count":5984,
        "topics.title":"Crows don't feel cheated: Camporeale"
    },
    {
        "topic":"86ffe840-0a6b-4e7d-9490-e24636a3a214",
        "tweetID":644358764422828032,
        "relevancy":2,
        "tweets.created_at":"2015-09-17T03:54:35.000Z",
        "tweets.full_text":". coach Scott Camporeale says the Crows will not copy the Eagles tactics against    ",
        "tweets.hashtags":"[]",
        "tweets.user_mentions":"['Adelaide_FC', 'HawthornFC']",
        "tweets.urls":"['http:\/\/ab.co\/1iQBcZ3']",
        "tweets.user_name":"abcsport",
        "tweets.followers_count":145505,
        "topics.title":"Crows don't feel cheated: Camporeale"
    },
    {
        "topic":"86ffe840-0a6b-4e7d-9490-e24636a3a214",
        "tweetID":644802905527062528,
        "relevancy":1,
        "tweets.created_at":"2015-09-18T09:19:27.000Z",
        "tweets.full_text":"LISTEN:  coach Scott Camporeale joins  and David Parkin ahead of #aflhawkscrows   ",
        "tweets.hashtags":"['aflhawkscrows']",
        "tweets.user_mentions":"['Adelaide_FC', 'GerardWhateley']",
        "tweets.urls":"['https:\/\/soundcloud.com\/abc_grandstand\/scott-camporeale-crows-coach?in=abc_grandstand\/sets\/afl-2nd-semi-final-hawthorn-v-adelaide-at-the-mcg']",
        "tweets.user_name":"abcsport",
        "tweets.followers_count":145505,
        "topics.title":"Crows don't feel cheated: Camporeale"
    },
    {
        "topic":"86ffe840-0a6b-4e7d-9490-e24636a3a214",
        "tweetID":645097999341785089,
        "relevancy":1,
        "tweets.created_at":"2015-09-19T04:52:03.000Z",
        "tweets.full_text":"Scott Camporeale not sure whether he will seek  senior  coaching job   ",
        "tweets.hashtags":"[]",
        "tweets.user_mentions":"['michelangeloruc', 'Adelaide_FC', 'AFL']",
        "tweets.urls":"['http:\/\/at.adelaidenow.com.au\/link\/faac1471699464105978c08a4b4dc3d8?domain=adelaidenow.com.au']",
        "tweets.user_name":"andrew_hough",
        "tweets.followers_count":5984,
        "topics.title":"Crows don't feel cheated: Camporeale"
    },
    {
        "topic":"86ffe840-0a6b-4e7d-9490-e24636a3a214",
        "tweetID":645120715537051648,
        "relevancy":1,
        "tweets.created_at":"2015-09-19T06:22:19.000Z",
        "tweets.full_text":"Scott Camporeale still undecided if he will seek  coaching job     ",
        "tweets.hashtags":"[]",
        "tweets.user_mentions":"['TheTiserSport', 'Adelaide_FC', 'theTiser']",
        "tweets.urls":"['http:\/\/bit.ly\/1iDJxzr']",
        "tweets.user_name":"theTiser",
        "tweets.followers_count":140958,
        "topics.title":"Crows don't feel cheated: Camporeale"
    },
    {
        "topic":"86ffe840-0a6b-4e7d-9490-e24636a3a214",
        "tweetID":646845681810800640,
        "relevancy":1,
        "tweets.created_at":"2015-09-24T00:36:43.000Z",
        "tweets.full_text":"Scott Camporeale wont apply for Adelaides coaching job.   ",
        "tweets.hashtags":"[]",
        "tweets.user_mentions":"[]",
        "tweets.urls":"['http:\/\/afl.to\/1gPir6A']",
        "tweets.user_name":"AFL",
        "tweets.followers_count":730959,
        "topics.title":"Crows don't feel cheated: Camporeale"
    },
    {
        "topic":"86ffe840-0a6b-4e7d-9490-e24636a3a214",
        "tweetID":647278825362034689,
        "relevancy":1,
        "tweets.created_at":"2015-09-25T05:17:52.000Z",
        "tweets.full_text":"Scott Walsh: It\u2019s OK for Adelaide Crows fans to feel cheated by Dangerfield\u2019s departure   ",
        "tweets.hashtags":"[]",
        "tweets.user_mentions":"[]",
        "tweets.urls":"['http:\/\/bit.ly\/1L9Wq0u']",
        "tweets.user_name":"theTiser",
        "tweets.followers_count":140958,
        "topics.title":"Crows don't feel cheated: Camporeale"
    }
]