{
    "topic":"79407845-619e-4ab4-8b06-eee52d11db49",
    "topics.content":"Heathrow expansion: Protesters take direct action against executives   By Gareth Furby  BBC London reporter     14 September 2015   From the section London     Image copyright     Image caption  Many residents of Harmondsworth oppose a third runway at Heathrow Airport as it could mean the demolition of the village    Home-owners in west London whose properties lie in the path of a proposed third runway for Heathrow have taken their fight to the people in charge.   Some residents of Harmondsworth, Hillingdon could have their properties compulsorily purchased for demolition.   In retaliation they targeted the director of corporate responsibilitys house by laying a giant plastic runway across his drive.   Matt Gorman said he was not happy about the incident and said his familys privacy had been invaded.      Image caption  Veronica and Phil Rumseys house could be demolished if the government decide to build a third runway    The protestors stunt came after the Airports Commission backed a third runway at Heathrow which is being considered by the government.        The group also targeted the property of the airports chief executive John Holland-Kaye.   Veronica Rumsey, who has lived in her house for 43 years said the action was to show we were here first.   Her neighbour, Neil Keveren, said they  were living without peace of mind and he would fight for his property.      He said: Im not leaving it and that is all there is to it. If it takes more direct action there will be more direct action.      Image caption  Neil Keveren was fined \u00a3600 after he blocked the tunnel which leads to Heathrow Airport terminals 1, 2 and 3    In July Mr Keveren was fined \u00a3600 for blocking the tunnel which leads to Heathrow Airport terminals 1, 2  and 3, but he said people need to know that we are going to go the whole hog.   Heathrow Airport said it had created a plan which had the local community at its core and included a compensation package of more than \u00a31bn for noise insulation and compulsory purchases.   In a statement it said: The protestors are a small minority...Heathrow expansion will create 40,000 new jobs in London and up to 180,000 jobs and \u00a3211bn of economic growth across the country.   John Stewart the chair of the main anti-Heathrow expansion group Hacan said: This just shows how angry people are.   The fact that ordinary residents are willing to go to these lengths is a signal of just how difficult it will be for the airport and any government to build a third runway at Heathrow.   BBC Inside Out London is on BBC One in the London region on Monday 14 September at 19:30 BST, nationwide on the BBC News Channel at 20:30 and on the BBC iPlayer for 28 days thereafter..  ",
    "topics.title":"Heathrow activists take direct action",
    "topics.media-type":"News",
    "topics.source":"BBC",
    "topics.published":"2015-09-14T07:07:16.000Z",
    "topic_tweets":20,
    "tweets.created_at_initial":"2015-02-09 10:33:59",
    "tweets.created_at_final":"2015-09-21 09:55:36",
    "tweets.time_interval":223.0
}