[
    {
        "topic":"79407845-619e-4ab4-8b06-eee52d11db49",
        "tweetID":639023458232455168,
        "relevancy":2,
        "tweets.created_at":"2015-02-09T10:33:59.000Z",
        "tweets.full_text":"\u2018A third runway at #Heathrow is our opportunity to keep #London as a world city     ",
        "tweets.hashtags":"['Heathrow', 'London']",
        "tweets.user_mentions":"['standardnews']",
        "tweets.urls":"['http:\/\/bit.ly\/1IIq8SA']",
        "tweets.user_name":"yourHeathrow",
        "tweets.followers_count":14426,
        "topics.title":"Heathrow activists take direct action"
    },
    {
        "topic":"79407845-619e-4ab4-8b06-eee52d11db49",
        "tweetID":639070006660198400,
        "relevancy":2,
        "tweets.created_at":"2015-02-09T13:38:57.000Z",
        "tweets.full_text":"We cant afford to turn our backs on the 40,000 jobs and 10,000 apprenticeships a 3rd runway at Heathrow would bring ht\u2026.  ",
        "tweets.hashtags":"[]",
        "tweets.user_mentions":"['GarethThomasMP']",
        "tweets.urls":"[]",
        "tweets.user_name":"yourHeathrow",
        "tweets.followers_count":14426,
        "topics.title":"Heathrow activists take direct action"
    },
    {
        "topic":"79407845-619e-4ab4-8b06-eee52d11db49",
        "tweetID":639072861320290304,
        "relevancy":2,
        "tweets.created_at":"2015-02-09T13:50:18.000Z",
        "tweets.full_text":"#HeathrowTrains - Disruption between London Paddington and Heathrow Airport expected until 21:00.  ",
        "tweets.hashtags":"['HeathrowTrains']",
        "tweets.user_mentions":"[]",
        "tweets.urls":"[]",
        "tweets.user_name":"nationalrailenq",
        "tweets.followers_count":1070327,
        "topics.title":"Heathrow activists take direct action"
    },
    {
        "topic":"79407845-619e-4ab4-8b06-eee52d11db49",
        "tweetID":639196981995438080,
        "relevancy":2,
        "tweets.created_at":"2015-02-09T22:03:30.000Z",
        "tweets.full_text":"#EalingBroadway Trains are now running normally between London Paddington and Heathrow Airport following a signalling problem..  ",
        "tweets.hashtags":"['EalingBroadway']",
        "tweets.user_mentions":"[]",
        "tweets.urls":"[]",
        "tweets.user_name":"nationalrailenq",
        "tweets.followers_count":1070327,
        "topics.title":"Heathrow activists take direct action"
    },
    {
        "topic":"79407845-619e-4ab4-8b06-eee52d11db49",
        "tweetID":639411694746386432,
        "relevancy":2,
        "tweets.created_at":"2015-03-09T12:16:42.000Z",
        "tweets.full_text":"\u2018A third runway at Heathrow is our opportunity to keep London as a world city, says airport boss #letbritainfly   ",
        "tweets.hashtags":"['letbritainfly']",
        "tweets.user_mentions":"['LetBritainFly']",
        "tweets.urls":"[]",
        "tweets.user_name":"yourHeathrow",
        "tweets.followers_count":14426,
        "topics.title":"Heathrow activists take direct action"
    },
    {
        "topic":"79407845-619e-4ab4-8b06-eee52d11db49",
        "tweetID":639501710994636801,
        "relevancy":2,
        "tweets.created_at":"2015-03-09T18:14:23.000Z",
        "tweets.full_text":"Zac claims the Government wont give the green light to Heathrow third runway. Some round George Osborne might disagree #estoryhustings.  ",
        "tweets.hashtags":"['estoryhustings']",
        "tweets.user_mentions":"[]",
        "tweets.urls":"[]",
        "tweets.user_name":"PippaCrerar",
        "tweets.followers_count":152036,
        "topics.title":"Heathrow activists take direct action"
    },
    {
        "topic":"79407845-619e-4ab4-8b06-eee52d11db49",
        "tweetID":640674703200395264,
        "relevancy":2,
        "tweets.created_at":"2015-06-09T23:55:27.000Z",
        "tweets.full_text":"New runway at Heathrow will fail on every level, says London Mayor   ",
        "tweets.hashtags":"[]",
        "tweets.user_mentions":"[]",
        "tweets.urls":"['http:\/\/reut.rs\/1PVv3F9']",
        "tweets.user_name":"ReutersUK",
        "tweets.followers_count":141968,
        "topics.title":"Heathrow activists take direct action"
    },
    {
        "topic":"79407845-619e-4ab4-8b06-eee52d11db49",
        "tweetID":640897104232189953,
        "relevancy":2,
        "tweets.created_at":"2015-07-09T14:39:11.000Z",
        "tweets.full_text":"PM: if theres a direct threat to British people, I will always take action.  ",
        "tweets.hashtags":"[]",
        "tweets.user_mentions":"[]",
        "tweets.urls":"[]",
        "tweets.user_name":"faisalislam",
        "tweets.followers_count":369700,
        "topics.title":"Heathrow activists take direct action"
    },
    {
        "topic":"79407845-619e-4ab4-8b06-eee52d11db49",
        "tweetID":641204771425255424,
        "relevancy":2,
        "tweets.created_at":"2015-08-09T11:01:45.000Z",
        "tweets.full_text":"Coalition against Heathrow Expansion will fight 3rd runway:      ",
        "tweets.hashtags":"[]",
        "tweets.user_mentions":"['windsorobserver', 'ExpressSeries']",
        "tweets.urls":"['http:\/\/adamafriyie.org\/index.php\/2015\/09\/08\/adam-afriyie-mp-backs-new-group-to-fight-heathrow-third-runway\/#.Ve60G9LBwXA']",
        "tweets.user_name":"AdamAfriyie",
        "tweets.followers_count":16472,
        "topics.title":"Heathrow activists take direct action"
    },
    {
        "topic":"79407845-619e-4ab4-8b06-eee52d11db49",
        "tweetID":641665097438507008,
        "relevancy":2,
        "tweets.created_at":"2015-09-09T17:30:55.000Z",
        "tweets.full_text":"Who benefits from a third runway at Heathrow The duty free shop questions Davies - YouTube   ",
        "tweets.hashtags":"[]",
        "tweets.user_mentions":"['GreenLondonAMs', 'DarrenJohnsonAM']",
        "tweets.urls":"[]",
        "tweets.user_name":"natalieben",
        "tweets.followers_count":168943,
        "topics.title":"Heathrow activists take direct action"
    },
    {
        "topic":"79407845-619e-4ab4-8b06-eee52d11db49",
        "tweetID":643324976767070208,
        "relevancy":2,
        "tweets.created_at":"2015-09-14T07:26:41.000Z",
        "tweets.full_text":"Protesters take direct action against the executives in charge of #Heathrow expansion    ",
        "tweets.hashtags":"['Heathrow']",
        "tweets.user_mentions":"[]",
        "tweets.urls":"['http:\/\/bbc.in\/1OpmOD3']",
        "tweets.user_name":"BBCLondonNews",
        "tweets.followers_count":177037,
        "topics.title":"Heathrow activists take direct action"
    },
    {
        "topic":"79407845-619e-4ab4-8b06-eee52d11db49",
        "tweetID":643329003747700736,
        "relevancy":2,
        "tweets.created_at":"2015-09-14T07:42:41.000Z",
        "tweets.full_text":"Protesters take direct action against the executives in charge of #Heathrow expansion    ",
        "tweets.hashtags":"['Heathrow']",
        "tweets.user_mentions":"['BBCLondonNews']",
        "tweets.urls":"['http:\/\/bbc.in\/1OpmOD3']",
        "tweets.user_name":"BBCRadioLondon",
        "tweets.followers_count":71432,
        "topics.title":"Heathrow activists take direct action"
    },
    {
        "topic":"79407845-619e-4ab4-8b06-eee52d11db49",
        "tweetID":643357992914690048,
        "relevancy":2,
        "tweets.created_at":"2015-09-14T09:37:53.000Z",
        "tweets.full_text":"Heres John McDonnell being suspended from the House after losing it completely over Heathrow expansion   ",
        "tweets.hashtags":"[]",
        "tweets.user_mentions":"[]",
        "tweets.urls":"['https:\/\/www.youtube.com\/watch?v=USoZ1f_FiOw']",
        "tweets.user_name":"IanDunt",
        "tweets.followers_count":314931,
        "topics.title":"Heathrow activists take direct action"
    },
    {
        "topic":"79407845-619e-4ab4-8b06-eee52d11db49",
        "tweetID":643452908986605568,
        "relevancy":2,
        "tweets.created_at":"2015-09-14T15:55:02.000Z",
        "tweets.full_text":"Could Corbyns election as Labour leader mean the end for Heathrows third runway, writes    ",
        "tweets.hashtags":"[]",
        "tweets.user_mentions":"['simonharrisitv']",
        "tweets.urls":"['http:\/\/www.itv.com\/news\/london\/2015-09-14\/could-corbyns-election-as-leader-mean-the-end-for-heathrows-third-runway\/']",
        "tweets.user_name":"itvlondon",
        "tweets.followers_count":86960,
        "topics.title":"Heathrow activists take direct action"
    },
    {
        "topic":"79407845-619e-4ab4-8b06-eee52d11db49",
        "tweetID":643455107087093760,
        "relevancy":2,
        "tweets.created_at":"2015-09-14T16:03:47.000Z",
        "tweets.full_text":"Could Corbyns election as Labour leader mean the end for Heathrows third runway   ",
        "tweets.hashtags":"[]",
        "tweets.user_mentions":"[]",
        "tweets.urls":"['http:\/\/www.itv.com\/news\/london\/2015-09-14\/could-corbyns-election-as-leader-mean-the-end-for-heathrows-third-runway\/']",
        "tweets.user_name":"simonharrisitv",
        "tweets.followers_count":5126,
        "topics.title":"Heathrow activists take direct action"
    },
    {
        "topic":"79407845-619e-4ab4-8b06-eee52d11db49",
        "tweetID":643663551681437696,
        "relevancy":2,
        "tweets.created_at":"2015-09-15T05:52:04.000Z",
        "tweets.full_text":"From  Opposing a third runway at Heathrow is not enough \u2013 we need to back an alternative   ",
        "tweets.hashtags":"[]",
        "tweets.user_mentions":"['AndrewBoff']",
        "tweets.urls":"['http:\/\/bit.ly\/1gnNRkg']",
        "tweets.user_name":"ConHome",
        "tweets.followers_count":99108,
        "topics.title":"Heathrow activists take direct action"
    },
    {
        "topic":"79407845-619e-4ab4-8b06-eee52d11db49",
        "tweetID":644406418242686976,
        "relevancy":1,
        "tweets.created_at":"2015-09-17T07:03:57.000Z",
        "tweets.full_text":"How Heathrow Airport cut down on flight delays   ",
        "tweets.hashtags":"[]",
        "tweets.user_mentions":"[]",
        "tweets.urls":"['http:\/\/on.wsj.com\/1UWyjqI']",
        "tweets.user_name":"R_Wall",
        "tweets.followers_count":11952,
        "topics.title":"Heathrow activists take direct action"
    },
    {
        "topic":"79407845-619e-4ab4-8b06-eee52d11db49",
        "tweetID":644426492538159104,
        "relevancy":2,
        "tweets.created_at":"2015-09-17T08:23:43.000Z",
        "tweets.full_text":"Inside Out shows direct action group  &amp; locals working together to stop #Heathrow expansion  #noifsnobuts.  ",
        "tweets.hashtags":"['Heathrow', 'noifsnobuts']",
        "tweets.user_mentions":"['planestupid']",
        "tweets.urls":"['http:\/\/www.bbc.co.uk\/programmes\/p032lnnc']",
        "tweets.user_name":"reclaimthepower",
        "tweets.followers_count":14987,
        "topics.title":"Heathrow activists take direct action"
    },
    {
        "topic":"79407845-619e-4ab4-8b06-eee52d11db49",
        "tweetID":644509876689965056,
        "relevancy":1,
        "tweets.created_at":"2015-09-17T13:55:03.000Z",
        "tweets.full_text":"A revolutionary way to cut down on delays has worked wonders at London\u2019s Heathrow Airport:   ",
        "tweets.hashtags":"[]",
        "tweets.user_mentions":"[]",
        "tweets.urls":"['http:\/\/on.wsj.com\/1KgJmD1']",
        "tweets.user_name":"WSJ",
        "tweets.followers_count":18503580,
        "topics.title":"Heathrow activists take direct action"
    },
    {
        "topic":"79407845-619e-4ab4-8b06-eee52d11db49",
        "tweetID":645899168540659712,
        "relevancy":2,
        "tweets.created_at":"2015-09-21T09:55:36.000Z",
        "tweets.full_text":"ICYMI: Labours Heathrow third runway policy has shifted from support to a blank sheet of paper:     ",
        "tweets.hashtags":"[]",
        "tweets.user_mentions":"[]",
        "tweets.urls":"['http:\/\/www.thetimes.co.uk\/tto\/news\/politics\/article4561784.ece']",
        "tweets.user_name":"michaelsavage",
        "tweets.followers_count":32144,
        "topics.title":"Heathrow activists take direct action"
    }
]