[
    {
        "topic":"94daebe1-46be-4efc-bbf8-22733d228e41",
        "tweetID":638520619215228928,
        "relevancy":1,
        "tweets.created_at":"2015-01-09T01:15:53.000Z",
        "tweets.full_text":"Angela Merkel says refugee crisis as challenging as reunifying Germany   ",
        "tweets.hashtags":"[]",
        "tweets.user_mentions":"[]",
        "tweets.urls":"['http:\/\/dnai.in\/cSox']",
        "tweets.user_name":"dna",
        "tweets.followers_count":2215980,
        "topics.title":"Migrants head for Croatia to avoid Hungarian fence"
    },
    {
        "topic":"94daebe1-46be-4efc-bbf8-22733d228e41",
        "tweetID":638530819817107456,
        "relevancy":1,
        "tweets.created_at":"2015-01-09T01:56:25.000Z",
        "tweets.full_text":"Angela Merkel says refugee crisis as challenging as reunifying Germany   ",
        "tweets.hashtags":"[]",
        "tweets.user_mentions":"['dna']",
        "tweets.urls":"['http:\/\/dnai.in\/cSox']",
        "tweets.user_name":"calamur",
        "tweets.followers_count":64565,
        "topics.title":"Migrants head for Croatia to avoid Hungarian fence"
    },
    {
        "topic":"94daebe1-46be-4efc-bbf8-22733d228e41",
        "tweetID":639428312788369408,
        "relevancy":1,
        "tweets.created_at":"2015-03-09T13:22:44.000Z",
        "tweets.full_text":"175 kilometres of razor wire fence along the Hungary Serbia border completed yet thousands of migrants undeterred   ",
        "tweets.hashtags":"[]",
        "tweets.user_mentions":"['PhilWilliamsABC']",
        "tweets.urls":"[]",
        "tweets.user_name":"leysie",
        "tweets.followers_count":7651,
        "topics.title":"Migrants head for Croatia to avoid Hungarian fence"
    },
    {
        "topic":"94daebe1-46be-4efc-bbf8-22733d228e41",
        "tweetID":640479438178779136,
        "relevancy":1,
        "tweets.created_at":"2015-06-09T10:59:32.000Z",
        "tweets.full_text":"Europes conscience in the face of a refugee crisis   ",
        "tweets.hashtags":"[]",
        "tweets.user_mentions":"['Newsweek']",
        "tweets.urls":"['http:\/\/bit.ly\/1JW7mYM']",
        "tweets.user_name":"Diarrakai",
        "tweets.followers_count":3191,
        "topics.title":"Migrants head for Croatia to avoid Hungarian fence"
    },
    {
        "topic":"94daebe1-46be-4efc-bbf8-22733d228e41",
        "tweetID":641000167290834944,
        "relevancy":1,
        "tweets.created_at":"2015-07-09T21:28:43.000Z",
        "tweets.full_text":"Shiny, new - razor sharp, the barbed wire fence on the Serbian-Hungarian border. #Hungary #Serbia #SyrianRefugees   ",
        "tweets.hashtags":"['Hungary', 'Serbia', 'SyrianRefugees']",
        "tweets.user_mentions":"[]",
        "tweets.urls":"[]",
        "tweets.user_name":"mollymhunter",
        "tweets.followers_count":10280,
        "topics.title":"Migrants head for Croatia to avoid Hungarian fence"
    },
    {
        "topic":"94daebe1-46be-4efc-bbf8-22733d228e41",
        "tweetID":643237485338693637,
        "relevancy":1,
        "tweets.created_at":"2015-09-14T01:39:01.000Z",
        "tweets.full_text":"Germany to introduce temporary controls on its border with Austria to cope with the influx of migrants.  ",
        "tweets.hashtags":"[]",
        "tweets.user_mentions":"[]",
        "tweets.urls":"[]",
        "tweets.user_name":"airnewsalerts",
        "tweets.followers_count":2609104,
        "topics.title":"Migrants head for Croatia to avoid Hungarian fence"
    },
    {
        "topic":"94daebe1-46be-4efc-bbf8-22733d228e41",
        "tweetID":643760090403598336,
        "relevancy":1,
        "tweets.created_at":"2015-09-15T12:15:40.000Z",
        "tweets.full_text":"Migrant crisis: #Hungary declares emergency at Serbia border.  ",
        "tweets.hashtags":"['Hungary']",
        "tweets.user_mentions":"[]",
        "tweets.urls":"[]",
        "tweets.user_name":"airnewsalerts",
        "tweets.followers_count":2609104,
        "topics.title":"Migrants head for Croatia to avoid Hungarian fence"
    },
    {
        "topic":"94daebe1-46be-4efc-bbf8-22733d228e41",
        "tweetID":643771557811236864,
        "relevancy":2,
        "tweets.created_at":"2015-09-15T13:01:14.000Z",
        "tweets.full_text":"Angela Merkel urges an emergency summit of EU leaders on the refugee crisis   ",
        "tweets.hashtags":"[]",
        "tweets.user_mentions":"[]",
        "tweets.urls":"['http:\/\/bloom.bg\/1isnhbT']",
        "tweets.user_name":"business",
        "tweets.followers_count":6961689,
        "topics.title":"Migrants head for Croatia to avoid Hungarian fence"
    },
    {
        "topic":"94daebe1-46be-4efc-bbf8-22733d228e41",
        "tweetID":643801088697761793,
        "relevancy":1,
        "tweets.created_at":"2015-09-15T14:58:35.000Z",
        "tweets.full_text":"Hungary plans to build razor-wire fence along part of its border with Romania. Romania says it goes against the spirit of the EU.#migrants.  ",
        "tweets.hashtags":"['migrants']",
        "tweets.user_mentions":"[]",
        "tweets.urls":"[]",
        "tweets.user_name":"gavinhewitt01",
        "tweets.followers_count":42426,
        "topics.title":"Migrants head for Croatia to avoid Hungarian fence"
    },
    {
        "topic":"94daebe1-46be-4efc-bbf8-22733d228e41",
        "tweetID":643801534048899072,
        "relevancy":2,
        "tweets.created_at":"2015-09-15T15:00:21.000Z",
        "tweets.full_text":"Hungary plans to build razor-wire fence along part of its border with Romania. Romania says it goes against the spirit \u2026.  ",
        "tweets.hashtags":"[]",
        "tweets.user_mentions":"['BBCGavinHewitt']",
        "tweets.urls":"[]",
        "tweets.user_name":"janinel83",
        "tweets.followers_count":1926,
        "topics.title":"Migrants head for Croatia to avoid Hungarian fence"
    },
    {
        "topic":"94daebe1-46be-4efc-bbf8-22733d228e41",
        "tweetID":643844423911084032,
        "relevancy":1,
        "tweets.created_at":"2015-09-15T17:50:47.000Z",
        "tweets.full_text":"Serbia says unable to handle migrant\u00a0influx   ",
        "tweets.hashtags":"[]",
        "tweets.user_mentions":"[]",
        "tweets.urls":"['http:\/\/sofiaglobe.com\/2015\/09\/15\/serbia-says-unable-to-handle-migrant-influx\/']",
        "tweets.user_name":"TheSofiaGlobe",
        "tweets.followers_count":3091,
        "topics.title":"Migrants head for Croatia to avoid Hungarian fence"
    },
    {
        "topic":"94daebe1-46be-4efc-bbf8-22733d228e41",
        "tweetID":643971104072011776,
        "relevancy":1,
        "tweets.created_at":"2015-09-16T02:14:10.000Z",
        "tweets.full_text":"Refugee crisis: Thousands left stranded with the way into Hungary blocked by razor wire   ",
        "tweets.hashtags":"[]",
        "tweets.user_mentions":"[]",
        "tweets.urls":"['http:\/\/ind.pn\/1QEBzkS']",
        "tweets.user_name":"IndyWorld",
        "tweets.followers_count":34623,
        "topics.title":"Migrants head for Croatia to avoid Hungarian fence"
    },
    {
        "topic":"94daebe1-46be-4efc-bbf8-22733d228e41",
        "tweetID":644014121906761728,
        "relevancy":1,
        "tweets.created_at":"2015-09-16T05:05:06.000Z",
        "tweets.full_text":"Migrants head to Croatia to avoid Hungarian fence. Click here for more on this story:    ",
        "tweets.hashtags":"[]",
        "tweets.user_mentions":"[]",
        "tweets.urls":"['http:\/\/goo.gl\/YhJRQC']",
        "tweets.user_name":"JacaNews",
        "tweets.followers_count":355520,
        "topics.title":"Migrants head for Croatia to avoid Hungarian fence"
    },
    {
        "topic":"94daebe1-46be-4efc-bbf8-22733d228e41",
        "tweetID":644015547341012992,
        "relevancy":1,
        "tweets.created_at":"2015-09-16T05:10:46.000Z",
        "tweets.full_text":"Migrants Head for Croatia to Avoid Hungarian Fence #World   ",
        "tweets.hashtags":"['World']",
        "tweets.user_mentions":"[]",
        "tweets.urls":"['http:\/\/www.naharnet.com\/stories\/en\/189877']",
        "tweets.user_name":"Naharnet",
        "tweets.followers_count":79968,
        "topics.title":"Migrants head for Croatia to avoid Hungarian fence"
    },
    {
        "topic":"94daebe1-46be-4efc-bbf8-22733d228e41",
        "tweetID":644019570576093185,
        "relevancy":2,
        "tweets.created_at":"2015-09-16T05:26:45.000Z",
        "tweets.full_text":"Buses in Serbia are preparing to take refugees to the Croatian border after Hungary blocked off its frontier with a razor-wire fence.  ",
        "tweets.hashtags":"[]",
        "tweets.user_mentions":"[]",
        "tweets.urls":"[]",
        "tweets.user_name":"TodayFMNews",
        "tweets.followers_count":27505,
        "topics.title":"Migrants head for Croatia to avoid Hungarian fence"
    },
    {
        "topic":"94daebe1-46be-4efc-bbf8-22733d228e41",
        "tweetID":644026117247078400,
        "relevancy":2,
        "tweets.created_at":"2015-09-16T05:52:46.000Z",
        "tweets.full_text":"1st group of#refugees (30-40 mostly from #Syria, #Afghanistan) arrived to Sid, the #Serbia-n-#Croatia-n border today.   ",
        "tweets.hashtags":"['Syria', 'Afghanistan', 'Serbia', 'Croatia']",
        "tweets.user_mentions":"[]",
        "tweets.urls":"['http:\/\/www.aljazeera.com\/news\/2015\/09\/refugees-seeking-routes-border-closures-150916045558970.html']",
        "tweets.user_name":"panyiszabolcs",
        "tweets.followers_count":18230,
        "topics.title":"Migrants head for Croatia to avoid Hungarian fence"
    },
    {
        "topic":"94daebe1-46be-4efc-bbf8-22733d228e41",
        "tweetID":644026325020352512,
        "relevancy":1,
        "tweets.created_at":"2015-09-16T05:53:35.000Z",
        "tweets.full_text":"#Migrants Head for #Croatia to Avoid #Hungarian Fence \u2014    ",
        "tweets.hashtags":"['Migrants', 'Croatia', 'Hungarian']",
        "tweets.user_mentions":"[]",
        "tweets.urls":"['http:\/\/www.naharnet.com\/stories\/en\/189877']",
        "tweets.user_name":"RandaHabib",
        "tweets.followers_count":36117,
        "topics.title":"Migrants head for Croatia to avoid Hungarian fence"
    },
    {
        "topic":"94daebe1-46be-4efc-bbf8-22733d228e41",
        "tweetID":644027046465806336,
        "relevancy":2,
        "tweets.created_at":"2015-09-16T05:56:27.000Z",
        "tweets.full_text":"Migrants head to Croatia to avoid Hungarian fence   ",
        "tweets.hashtags":"[]",
        "tweets.user_mentions":"[]",
        "tweets.urls":"['http:\/\/bit.ly\/1MaJ6WS']",
        "tweets.user_name":"JacaNews",
        "tweets.followers_count":355520,
        "topics.title":"Migrants head for Croatia to avoid Hungarian fence"
    },
    {
        "topic":"94daebe1-46be-4efc-bbf8-22733d228e41",
        "tweetID":644032262430937088,
        "relevancy":2,
        "tweets.created_at":"2015-09-16T06:17:11.000Z",
        "tweets.full_text":"1st group of#refugees (30-40 mostly from #Syria, #Afghanistan) arrived to Sid, the #Serbia-n-#Croatia-n border today. ht\u2026.  ",
        "tweets.hashtags":"['Syria', 'Afghanistan', 'Serbia', 'Croatia']",
        "tweets.user_mentions":"['panyiszabolcs']",
        "tweets.urls":"[]",
        "tweets.user_name":"enough14",
        "tweets.followers_count":20375,
        "topics.title":"Migrants head for Croatia to avoid Hungarian fence"
    },
    {
        "topic":"94daebe1-46be-4efc-bbf8-22733d228e41",
        "tweetID":644035494561599488,
        "relevancy":2,
        "tweets.created_at":"2015-09-16T06:30:02.000Z",
        "tweets.full_text":"Migrants head for Croatia to avoid Hungarian fence   ",
        "tweets.hashtags":"[]",
        "tweets.user_mentions":"[]",
        "tweets.urls":"['http:\/\/n.mynews.ly\/!MB.C3szj']",
        "tweets.user_name":"dromografos",
        "tweets.followers_count":31676,
        "topics.title":"Migrants head for Croatia to avoid Hungarian fence"
    },
    {
        "topic":"94daebe1-46be-4efc-bbf8-22733d228e41",
        "tweetID":644037273986711552,
        "relevancy":2,
        "tweets.created_at":"2015-09-16T06:37:06.000Z",
        "tweets.full_text":"Migrants head for Croatia to avoid Hungarian fence    ",
        "tweets.hashtags":"[]",
        "tweets.user_mentions":"[]",
        "tweets.urls":"['http:\/\/rplr.co\/1FeWPfu']",
        "tweets.user_name":"rapplerdotcom",
        "tweets.followers_count":3423856,
        "topics.title":"Migrants head for Croatia to avoid Hungarian fence"
    },
    {
        "topic":"94daebe1-46be-4efc-bbf8-22733d228e41",
        "tweetID":644041580664487936,
        "relevancy":2,
        "tweets.created_at":"2015-09-16T06:54:13.000Z",
        "tweets.full_text":"First group of migrants reaches Serbias border with Croatia - a new route into the European Union   ",
        "tweets.hashtags":"[]",
        "tweets.user_mentions":"[]",
        "tweets.urls":"['http:\/\/bbc.in\/1F26Z3m']",
        "tweets.user_name":"BBCWorld",
        "tweets.followers_count":30822206,
        "topics.title":"Migrants head for Croatia to avoid Hungarian fence"
    },
    {
        "topic":"94daebe1-46be-4efc-bbf8-22733d228e41",
        "tweetID":644042434003922944,
        "relevancy":1,
        "tweets.created_at":"2015-09-16T06:57:36.000Z",
        "tweets.full_text":"HaveeruOnline - Migrants head for Croatia to avoid Hungarian fence   ",
        "tweets.hashtags":"[]",
        "tweets.user_mentions":"[]",
        "tweets.urls":"['http:\/\/www.haveeru.com.mv\/world\/62338']",
        "tweets.user_name":"haveerueng",
        "tweets.followers_count":6646,
        "topics.title":"Migrants head for Croatia to avoid Hungarian fence"
    },
    {
        "topic":"94daebe1-46be-4efc-bbf8-22733d228e41",
        "tweetID":644044643588526080,
        "relevancy":2,
        "tweets.created_at":"2015-09-16T07:06:23.000Z",
        "tweets.full_text":"2, 400 at #Serbia #Hungary border says  ..but now bus companies taking people directly to Sid on #Croatia border.  ",
        "tweets.hashtags":"['Serbia', 'Hungary', 'Croatia']",
        "tweets.user_mentions":"['Refugees']",
        "tweets.urls":"[]",
        "tweets.user_name":"bbclysedoucet",
        "tweets.followers_count":171459,
        "topics.title":"Migrants head for Croatia to avoid Hungarian fence"
    },
    {
        "topic":"94daebe1-46be-4efc-bbf8-22733d228e41",
        "tweetID":644048134558064640,
        "relevancy":1,
        "tweets.created_at":"2015-09-16T07:20:15.000Z",
        "tweets.full_text":"Migrants head for Croatia to avoid Hungarian fence    ",
        "tweets.hashtags":"[]",
        "tweets.user_mentions":"[]",
        "tweets.urls":"['http:\/\/bit.ly\/1OdTVup']",
        "tweets.user_name":"TimesLIVE",
        "tweets.followers_count":1523702,
        "topics.title":"Migrants head for Croatia to avoid Hungarian fence"
    },
    {
        "topic":"94daebe1-46be-4efc-bbf8-22733d228e41",
        "tweetID":644055947762139136,
        "relevancy":2,
        "tweets.created_at":"2015-09-16T07:51:18.000Z",
        "tweets.full_text":"A group of 30 to 40 migrants on Tuesday night boarded buses for Croatia via the Serbian town of Sid as Hungary...   ",
        "tweets.hashtags":"[]",
        "tweets.user_mentions":"[]",
        "tweets.urls":"['http:\/\/fb.me\/2krBC577U']",
        "tweets.user_name":"SABreakingNews",
        "tweets.followers_count":793991,
        "topics.title":"Migrants head for Croatia to avoid Hungarian fence"
    },
    {
        "topic":"94daebe1-46be-4efc-bbf8-22733d228e41",
        "tweetID":644058332030865408,
        "relevancy":2,
        "tweets.created_at":"2015-09-16T08:00:47.000Z",
        "tweets.full_text":"Migrants head for Croatia to avoid Hungarian fence    ",
        "tweets.hashtags":"[]",
        "tweets.user_mentions":"[]",
        "tweets.urls":"['http:\/\/tw.gs\/34W6CY']",
        "tweets.user_name":"DunyaNews",
        "tweets.followers_count":1994356,
        "topics.title":"Migrants head for Croatia to avoid Hungarian fence"
    },
    {
        "topic":"94daebe1-46be-4efc-bbf8-22733d228e41",
        "tweetID":644064214701731840,
        "relevancy":2,
        "tweets.created_at":"2015-09-16T08:24:09.000Z",
        "tweets.full_text":"Latest on migrants crisis: Migrants turn to Croatia for new EU entry after Hungary closes border with Serbia   ",
        "tweets.hashtags":"[]",
        "tweets.user_mentions":"[]",
        "tweets.urls":"['http:\/\/apne.ws\/1QFb6nh']",
        "tweets.user_name":"AP",
        "tweets.followers_count":15026366,
        "topics.title":"Migrants head for Croatia to avoid Hungarian fence"
    },
    {
        "topic":"94daebe1-46be-4efc-bbf8-22733d228e41",
        "tweetID":644064843373412352,
        "relevancy":2,
        "tweets.created_at":"2015-09-16T08:26:39.000Z",
        "tweets.full_text":"Migrants turn to Croatia for new EU entry after Hungary closes border with Serbia   ",
        "tweets.hashtags":"[]",
        "tweets.user_mentions":"['AP']",
        "tweets.urls":"['http:\/\/apne.ws\/1QFb6nh']",
        "tweets.user_name":"Heeger",
        "tweets.followers_count":3366,
        "topics.title":"Migrants head for Croatia to avoid Hungarian fence"
    },
    {
        "topic":"94daebe1-46be-4efc-bbf8-22733d228e41",
        "tweetID":644064986864713729,
        "relevancy":1,
        "tweets.created_at":"2015-09-16T08:27:13.000Z",
        "tweets.full_text":"Migrants continue to breach Hungarys razor-wire fence along Serbian border   ",
        "tweets.hashtags":"[]",
        "tweets.user_mentions":"[]",
        "tweets.urls":"['http:\/\/glbn.ca\/SgTqV']",
        "tweets.user_name":"globalnewsto",
        "tweets.followers_count":230671,
        "topics.title":"Migrants head for Croatia to avoid Hungarian fence"
    },
    {
        "topic":"94daebe1-46be-4efc-bbf8-22733d228e41",
        "tweetID":644066672190484484,
        "relevancy":2,
        "tweets.created_at":"2015-09-16T08:33:55.000Z",
        "tweets.full_text":"Avoiding Hungary, migrants leave Serbia for Croatia: Croatia has become Europes latest transit country for mi...   ",
        "tweets.hashtags":"[]",
        "tweets.user_mentions":"[]",
        "tweets.urls":"['http:\/\/bit.ly\/1Yb1mWS']",
        "tweets.user_name":"dw_europe",
        "tweets.followers_count":32061,
        "topics.title":"Migrants head for Croatia to avoid Hungarian fence"
    },
    {
        "topic":"94daebe1-46be-4efc-bbf8-22733d228e41",
        "tweetID":644072083815825408,
        "relevancy":2,
        "tweets.created_at":"2015-09-16T08:55:25.000Z",
        "tweets.full_text":"Were at the Serbia-Croatia border, fast becoming the new entry point to EU after Hungary shut border.  ",
        "tweets.hashtags":"[]",
        "tweets.user_mentions":"[]",
        "tweets.urls":"[]",
        "tweets.user_name":"EricWRandolph",
        "tweets.followers_count":4680,
        "topics.title":"Migrants head for Croatia to avoid Hungarian fence"
    },
    {
        "topic":"94daebe1-46be-4efc-bbf8-22733d228e41",
        "tweetID":644072139486797824,
        "relevancy":2,
        "tweets.created_at":"2015-09-16T08:55:38.000Z",
        "tweets.full_text":"Were at the Serbia-Croatia border, fast becoming the new entry point to EU after Hungary shut border.  ",
        "tweets.hashtags":"[]",
        "tweets.user_mentions":"['EricWRandolph']",
        "tweets.urls":"[]",
        "tweets.user_name":"amnestypress",
        "tweets.followers_count":42844,
        "topics.title":"Migrants head for Croatia to avoid Hungarian fence"
    },
    {
        "topic":"94daebe1-46be-4efc-bbf8-22733d228e41",
        "tweetID":644109263334440960,
        "relevancy":1,
        "tweets.created_at":"2015-09-16T11:23:10.000Z",
        "tweets.full_text":"Migrant crisis: Syrian refugees face minefields threat at Croatia-Serbia border   ",
        "tweets.hashtags":"[]",
        "tweets.user_mentions":"[]",
        "tweets.urls":"['http:\/\/ibt.uk\/A006NPV']",
        "tweets.user_name":"GianlucaMezzo",
        "tweets.followers_count":6045,
        "topics.title":"Migrants head for Croatia to avoid Hungarian fence"
    },
    {
        "topic":"94daebe1-46be-4efc-bbf8-22733d228e41",
        "tweetID":644173834904408066,
        "relevancy":1,
        "tweets.created_at":"2015-09-16T15:39:45.000Z",
        "tweets.full_text":"Romania cross with Hungary, Hungary cross with Serbia; Serbia cross with Hungary - fallout mounting over migrant rush..  ",
        "tweets.hashtags":"[]",
        "tweets.user_mentions":"['bbcdavideades']",
        "tweets.urls":"[]",
        "tweets.user_name":"BBCWorld",
        "tweets.followers_count":30822206,
        "topics.title":"Migrants head for Croatia to avoid Hungarian fence"
    },
    {
        "topic":"94daebe1-46be-4efc-bbf8-22733d228e41",
        "tweetID":644272213428957184,
        "relevancy":1,
        "tweets.created_at":"2015-09-16T22:10:40.000Z",
        "tweets.full_text":"Hungary declares migrant emergency at Serbia border    ",
        "tweets.hashtags":"[]",
        "tweets.user_mentions":"[]",
        "tweets.urls":"['http:\/\/www.dailytrust.com.ng\/news\/international\/hungary-declares-migrant-emergency-at-serbia-border\/110908.html']",
        "tweets.user_name":"daily_trust",
        "tweets.followers_count":1692753,
        "topics.title":"Migrants head for Croatia to avoid Hungarian fence"
    },
    {
        "topic":"94daebe1-46be-4efc-bbf8-22733d228e41",
        "tweetID":644370263027658752,
        "relevancy":1,
        "tweets.created_at":"2015-09-17T04:40:17.000Z",
        "tweets.full_text":"#Migrants head for Croatia to avoid Hungarian fence  #refugeescrisis #refugeeswelcome   ",
        "tweets.hashtags":"['Migrants', 'refugeescrisis', 'refugeeswelcome']",
        "tweets.user_mentions":"[]",
        "tweets.urls":"['http:\/\/goo.gl\/ZVr1Rm']",
        "tweets.user_name":"CapitalFMKenya",
        "tweets.followers_count":1530771,
        "topics.title":"Migrants head for Croatia to avoid Hungarian fence"
    },
    {
        "topic":"94daebe1-46be-4efc-bbf8-22733d228e41",
        "tweetID":644394637482967040,
        "relevancy":1,
        "tweets.created_at":"2015-09-17T06:17:08.000Z",
        "tweets.full_text":"We have the latest from #Hungary after clashes between migrants and riot police on the border with Serbia..  ",
        "tweets.hashtags":"['Hungary']",
        "tweets.user_mentions":"[]",
        "tweets.urls":"[]",
        "tweets.user_name":"BBCgmu",
        "tweets.followers_count":42522,
        "topics.title":"Migrants head for Croatia to avoid Hungarian fence"
    },
    {
        "topic":"94daebe1-46be-4efc-bbf8-22733d228e41",
        "tweetID":644432660798922752,
        "relevancy":1,
        "tweets.created_at":"2015-09-17T08:48:13.000Z",
        "tweets.full_text":"Stranded at Hungarys barbed wire border   ",
        "tweets.hashtags":"[]",
        "tweets.user_mentions":"['MairavZ']",
        "tweets.urls":"['http:\/\/972mag.com\/refugee-crisis-stranded-at-hungarys-barbed-wire-border\/111745\/']",
        "tweets.user_name":"972mag",
        "tweets.followers_count":77821,
        "topics.title":"Migrants head for Croatia to avoid Hungarian fence"
    },
    {
        "topic":"94daebe1-46be-4efc-bbf8-22733d228e41",
        "tweetID":644441674802839553,
        "relevancy":1,
        "tweets.created_at":"2015-09-17T09:24:03.000Z",
        "tweets.full_text":"Migrant Flow Into Croatia From Serbia Swells   ",
        "tweets.hashtags":"[]",
        "tweets.user_mentions":"[]",
        "tweets.urls":"['http:\/\/on.wsj.com\/1QI1yHT']",
        "tweets.user_name":"WSJworld",
        "tweets.followers_count":181377,
        "topics.title":"Migrants head for Croatia to avoid Hungarian fence"
    },
    {
        "topic":"94daebe1-46be-4efc-bbf8-22733d228e41",
        "tweetID":644521983548477440,
        "relevancy":2,
        "tweets.created_at":"2015-09-17T14:43:10.000Z",
        "tweets.full_text":"Thousands of migrants are entering Europe through Croatia after Hungary sealed off its southern border with Serbia   ",
        "tweets.hashtags":"[]",
        "tweets.user_mentions":"[]",
        "tweets.urls":"[]",
        "tweets.user_name":"PA",
        "tweets.followers_count":136743,
        "topics.title":"Migrants head for Croatia to avoid Hungarian fence"
    },
    {
        "topic":"94daebe1-46be-4efc-bbf8-22733d228e41",
        "tweetID":644774527621312520,
        "relevancy":1,
        "tweets.created_at":"2015-09-18T07:26:41.000Z",
        "tweets.full_text":"According to Croatian media, #Hungary has begun construction of another fence along the border with #Croatia..  ",
        "tweets.hashtags":"['Hungary', 'Croatia']",
        "tweets.user_mentions":"[]",
        "tweets.urls":"[]",
        "tweets.user_name":"Balkanist",
        "tweets.followers_count":29953,
        "topics.title":"Migrants head for Croatia to avoid Hungarian fence"
    },
    {
        "topic":"94daebe1-46be-4efc-bbf8-22733d228e41",
        "tweetID":644802198656929793,
        "relevancy":1,
        "tweets.created_at":"2015-09-18T09:16:38.000Z",
        "tweets.full_text":"#migrantcrisis in #Europe: #Croatia closes border crossing with #Serbia  &amp; #Hungary builds border fence with Croatia    ",
        "tweets.hashtags":"['migrantcrisis', 'Europe', 'Croatia', 'Serbia', 'Hungary']",
        "tweets.user_mentions":"[]",
        "tweets.urls":"['http:\/\/www.bbc.com\/news\/world-europe-34286432']",
        "tweets.user_name":"Farah_SamT",
        "tweets.followers_count":4401,
        "topics.title":"Migrants head for Croatia to avoid Hungarian fence"
    },
    {
        "topic":"94daebe1-46be-4efc-bbf8-22733d228e41",
        "tweetID":645282479801245696,
        "relevancy":2,
        "tweets.created_at":"2015-09-19T17:05:06.000Z",
        "tweets.full_text":"A refugee family walks along the cemetery on the border with Croatia, outside Sid, Serbia,  More than\u2026   ",
        "tweets.hashtags":"[]",
        "tweets.user_mentions":"[]",
        "tweets.urls":"['https:\/\/instagram.com\/p\/70eXLljn3g\/']",
        "tweets.user_name":"SergeyPonomarev",
        "tweets.followers_count":12362,
        "topics.title":"Migrants head for Croatia to avoid Hungarian fence"
    },
    {
        "topic":"94daebe1-46be-4efc-bbf8-22733d228e41",
        "tweetID":645283981928239104,
        "relevancy":2,
        "tweets.created_at":"2015-09-19T17:11:04.000Z",
        "tweets.full_text":"A refugee family walks along the cemetery on the border with Croatia, outside Sid, Serbia,  More than\u2026   ",
        "tweets.hashtags":"[]",
        "tweets.user_mentions":"['SergeyPonomarev']",
        "tweets.urls":"[]",
        "tweets.user_name":"JeromeTaylor",
        "tweets.followers_count":37896,
        "topics.title":"Migrants head for Croatia to avoid Hungarian fence"
    },
    {
        "topic":"94daebe1-46be-4efc-bbf8-22733d228e41",
        "tweetID":645580275536261120,
        "relevancy":1,
        "tweets.created_at":"2015-09-20T12:48:26.000Z",
        "tweets.full_text":"The ministers of interior of #Serbia and #Hungary have agreed the border crossing Horgos 1 to be opened,  reports.  ",
        "tweets.hashtags":"['Serbia', 'Hungary']",
        "tweets.user_mentions":"['RTS_Vesti']",
        "tweets.urls":"[]",
        "tweets.user_name":"AdelinaMarini",
        "tweets.followers_count":3284,
        "topics.title":"Migrants head for Croatia to avoid Hungarian fence"
    },
    {
        "topic":"94daebe1-46be-4efc-bbf8-22733d228e41",
        "tweetID":645896140014030849,
        "relevancy":1,
        "tweets.created_at":"2015-09-21T09:43:34.000Z",
        "tweets.full_text":"Hungary: Migrant situation extraordinary   ",
        "tweets.hashtags":"[]",
        "tweets.user_mentions":"[]",
        "tweets.urls":"['http:\/\/on.wptz.com\/1iIcdrg']",
        "tweets.user_name":"MyNBC5",
        "tweets.followers_count":35856,
        "topics.title":"Migrants head for Croatia to avoid Hungarian fence"
    },
    {
        "topic":"94daebe1-46be-4efc-bbf8-22733d228e41",
        "tweetID":645898098292625408,
        "relevancy":1,
        "tweets.created_at":"2015-09-21T09:51:21.000Z",
        "tweets.full_text":"Hungary: Migrant situation extraordinary   ",
        "tweets.hashtags":"[]",
        "tweets.user_mentions":"[]",
        "tweets.urls":"['http:\/\/www.4029tv.com\/national\/hungary-migrant-situation-extraordinary\/35387574?utm_source=dlvr.it&utm_medium=twitter&utm_campaign=4029news']",
        "tweets.user_name":"4029news",
        "tweets.followers_count":67462,
        "topics.title":"Migrants head for Croatia to avoid Hungarian fence"
    },
    {
        "topic":"94daebe1-46be-4efc-bbf8-22733d228e41",
        "tweetID":645898129179480064,
        "relevancy":1,
        "tweets.created_at":"2015-09-21T09:51:28.000Z",
        "tweets.full_text":"Hungary: Migrant situation extraordinary   ",
        "tweets.hashtags":"[]",
        "tweets.user_mentions":"[]",
        "tweets.urls":"['http:\/\/on.kmbc.com\/1gFEbC3']",
        "tweets.user_name":"kmbc",
        "tweets.followers_count":175288,
        "topics.title":"Migrants head for Croatia to avoid Hungarian fence"
    },
    {
        "topic":"94daebe1-46be-4efc-bbf8-22733d228e41",
        "tweetID":645898149203079168,
        "relevancy":1,
        "tweets.created_at":"2015-09-21T09:51:33.000Z",
        "tweets.full_text":"Hungary: Migrant situation extraordinary   ",
        "tweets.hashtags":"[]",
        "tweets.user_mentions":"[]",
        "tweets.urls":"['http:\/\/on.wesh.com\/1iIcUk4']",
        "tweets.user_name":"WESH",
        "tweets.followers_count":217888,
        "topics.title":"Migrants head for Croatia to avoid Hungarian fence"
    },
    {
        "topic":"94daebe1-46be-4efc-bbf8-22733d228e41",
        "tweetID":645899606430056448,
        "relevancy":1,
        "tweets.created_at":"2015-09-21T09:57:21.000Z",
        "tweets.full_text":"Hungary: Migrant situation extraordinary   ",
        "tweets.hashtags":"[]",
        "tweets.user_mentions":"[]",
        "tweets.urls":"['http:\/\/on.kcra.com\/1iIdrT9']",
        "tweets.user_name":"kcranews",
        "tweets.followers_count":234814,
        "topics.title":"Migrants head for Croatia to avoid Hungarian fence"
    },
    {
        "topic":"94daebe1-46be-4efc-bbf8-22733d228e41",
        "tweetID":645899912710746112,
        "relevancy":1,
        "tweets.created_at":"2015-09-21T09:58:34.000Z",
        "tweets.full_text":"Hungary: Migrant situation extraordinary   ",
        "tweets.hashtags":"[]",
        "tweets.user_mentions":"[]",
        "tweets.urls":"['http:\/\/on.wlky.com\/1gFFa4Y']",
        "tweets.user_name":"WLKY",
        "tweets.followers_count":126369,
        "topics.title":"Migrants head for Croatia to avoid Hungarian fence"
    },
    {
        "topic":"94daebe1-46be-4efc-bbf8-22733d228e41",
        "tweetID":647362200387125248,
        "relevancy":1,
        "tweets.created_at":"2015-09-25T10:49:10.000Z",
        "tweets.full_text":"With #EU Commissioner  at #Refugees reception center in Sid #Serbia #refugeecrisis   ",
        "tweets.hashtags":"['EU', 'Refugees', 'Serbia', 'refugeecrisis']",
        "tweets.user_mentions":"['avucic', 'JHahnEU']",
        "tweets.urls":"[]",
        "tweets.user_name":"JHahnEU",
        "tweets.followers_count":76635,
        "topics.title":"Migrants head for Croatia to avoid Hungarian fence"
    },
    {
        "topic":"94daebe1-46be-4efc-bbf8-22733d228e41",
        "tweetID":647403918394327040,
        "relevancy":1,
        "tweets.created_at":"2015-09-25T13:34:56.000Z",
        "tweets.full_text":"#Croatia, #Serbia trade barbs as Hungary builds new migrant barrier    ",
        "tweets.hashtags":"['Croatia', 'Serbia']",
        "tweets.user_mentions":"[]",
        "tweets.urls":"['http:\/\/bit.ly\/1jhC49j']",
        "tweets.user_name":"HDNER",
        "tweets.followers_count":279937,
        "topics.title":"Migrants head for Croatia to avoid Hungarian fence"
    },
    {
        "topic":"94daebe1-46be-4efc-bbf8-22733d228e41",
        "tweetID":647497717824905216,
        "relevancy":1,
        "tweets.created_at":"2015-09-25T19:47:40.000Z",
        "tweets.full_text":"Croatia: Croatia steps back in Serbia migrant row after EU intervention   ",
        "tweets.hashtags":"[]",
        "tweets.user_mentions":"[]",
        "tweets.urls":"['http:\/\/dlvr.it\/CGNXk7']",
        "tweets.user_name":"AidNews",
        "tweets.followers_count":22236,
        "topics.title":"Migrants head for Croatia to avoid Hungarian fence"
    },
    {
        "topic":"94daebe1-46be-4efc-bbf8-22733d228e41",
        "tweetID":648137530232049665,
        "relevancy":1,
        "tweets.created_at":"2015-09-27T14:10:03.000Z",
        "tweets.full_text":"Croatia, Serbia calm migrant border tensions after EU wades in |    ",
        "tweets.hashtags":"[]",
        "tweets.user_mentions":"[]",
        "tweets.urls":"['http:\/\/bit.ly\/1Vhxkwk']",
        "tweets.user_name":"PhilippineStar",
        "tweets.followers_count":923617,
        "topics.title":"Migrants head for Croatia to avoid Hungarian fence"
    }
]