[
    {
        "topic":"79bb22c6-539f-4dd7-af2e-4d8672599d17",
        "tweetID":641466476462014464,
        "relevancy":1,
        "tweets.created_at":"2015-09-09T04:21:40.000Z",
        "tweets.full_text":"Novak Djokovic lost his mind -- and his shirt -- after dropping a set at the US Open. WATCH:   ",
        "tweets.hashtags":"[]",
        "tweets.user_mentions":"[]",
        "tweets.urls":"['http:\/\/es.pn\/1Fx63P2']",
        "tweets.user_name":"espn",
        "tweets.followers_count":36460684,
        "topics.title":"Djokovic's Warrior Spirit Defeats Uprising"
    },
    {
        "topic":"79bb22c6-539f-4dd7-af2e-4d8672599d17",
        "tweetID":643205159967948800,
        "relevancy":2,
        "tweets.created_at":"2015-09-13T23:30:34.000Z",
        "tweets.full_text":"Novak Djokovic is the edge of one hell of a blade, though.  ",
        "tweets.hashtags":"[]",
        "tweets.user_mentions":"[]",
        "tweets.urls":"[]",
        "tweets.user_name":"bruce_arthur",
        "tweets.followers_count":146504,
        "topics.title":"Djokovic's Warrior Spirit Defeats Uprising"
    },
    {
        "topic":"79bb22c6-539f-4dd7-af2e-4d8672599d17",
        "tweetID":643206533719834624,
        "relevancy":1,
        "tweets.created_at":"2015-09-13T23:36:02.000Z",
        "tweets.full_text":"Djokovics right elbow bleeding after that nasty fall.  ",
        "tweets.hashtags":"[]",
        "tweets.user_mentions":"[]",
        "tweets.urls":"[]",
        "tweets.user_name":"christophclarey",
        "tweets.followers_count":50063,
        "topics.title":"Djokovic's Warrior Spirit Defeats Uprising"
    },
    {
        "topic":"79bb22c6-539f-4dd7-af2e-4d8672599d17",
        "tweetID":643217924111638528,
        "relevancy":1,
        "tweets.created_at":"2015-09-14T00:21:18.000Z",
        "tweets.full_text":"Roger Federer has come back from a set down to win 4 Grand Slam finals.  ",
        "tweets.hashtags":"[]",
        "tweets.user_mentions":"[]",
        "tweets.urls":"[]",
        "tweets.user_name":"ESPNStatsInfo",
        "tweets.followers_count":1719310,
        "topics.title":"Djokovic's Warrior Spirit Defeats Uprising"
    },
    {
        "topic":"79bb22c6-539f-4dd7-af2e-4d8672599d17",
        "tweetID":643239214511976452,
        "relevancy":2,
        "tweets.created_at":"2015-09-14T01:45:54.000Z",
        "tweets.full_text":"Federer misses a backhand he had to have, Djokovic breaks, Djokovic points to his temple. Giant moment..  ",
        "tweets.hashtags":"[]",
        "tweets.user_mentions":"[]",
        "tweets.urls":"[]",
        "tweets.user_name":"bruce_arthur",
        "tweets.followers_count":146504,
        "topics.title":"Djokovic's Warrior Spirit Defeats Uprising"
    },
    {
        "topic":"79bb22c6-539f-4dd7-af2e-4d8672599d17",
        "tweetID":643253433127038976,
        "relevancy":2,
        "tweets.created_at":"2015-09-14T02:42:24.000Z",
        "tweets.full_text":"Novak Djokovic is the US Open Champion! Djokovic defeats Federer in 4 thrilling sets to win his 2nd US Open title.   ",
        "tweets.hashtags":"[]",
        "tweets.user_mentions":"['SportsCenter']",
        "tweets.urls":"[]",
        "tweets.user_name":"NewsBayshore",
        "tweets.followers_count":12013,
        "topics.title":"Djokovic's Warrior Spirit Defeats Uprising"
    },
    {
        "topic":"79bb22c6-539f-4dd7-af2e-4d8672599d17",
        "tweetID":643253524097318916,
        "relevancy":2,
        "tweets.created_at":"2015-09-14T02:42:45.000Z",
        "tweets.full_text":"Djokovic wins in four sets. He shows great mental fortitude to beat Federer and the crowd. It is his 10th major title, and 3rd of the year..  ",
        "tweets.hashtags":"[]",
        "tweets.user_mentions":"[]",
        "tweets.urls":"[]",
        "tweets.user_name":"DavidWaldstein",
        "tweets.followers_count":8778,
        "topics.title":"Djokovic's Warrior Spirit Defeats Uprising"
    },
    {
        "topic":"79bb22c6-539f-4dd7-af2e-4d8672599d17",
        "tweetID":643254314320982016,
        "relevancy":2,
        "tweets.created_at":"2015-09-14T02:45:54.000Z",
        "tweets.full_text":"#13S Novak Djokovic is the US Open Champion! Djokovic defeats Federer in 4 thrilling sets   via   ",
        "tweets.hashtags":"['13S']",
        "tweets.user_mentions":"['SportsCenter']",
        "tweets.urls":"[]",
        "tweets.user_name":"ReporteYa",
        "tweets.followers_count":930237,
        "topics.title":"Djokovic's Warrior Spirit Defeats Uprising"
    },
    {
        "topic":"79bb22c6-539f-4dd7-af2e-4d8672599d17",
        "tweetID":643254485435961344,
        "relevancy":2,
        "tweets.created_at":"2015-09-14T02:46:35.000Z",
        "tweets.full_text":"Novak Djokovic defeats Roger Federer in US Open final, earning his 10th Grand Slam title -    ",
        "tweets.hashtags":"[]",
        "tweets.user_mentions":"['nytimes']",
        "tweets.urls":"['http:\/\/nyti.ms\/1KkFgek']",
        "tweets.user_name":"BreakingNews",
        "tweets.followers_count":9706508,
        "topics.title":"Djokovic's Warrior Spirit Defeats Uprising"
    },
    {
        "topic":"79bb22c6-539f-4dd7-af2e-4d8672599d17",
        "tweetID":643256633758457857,
        "relevancy":2,
        "tweets.created_at":"2015-09-14T02:55:07.000Z",
        "tweets.full_text":"Djokovics total prize for winning US Open: $3.8 million dollars.  ",
        "tweets.hashtags":"[]",
        "tweets.user_mentions":"[]",
        "tweets.urls":"[]",
        "tweets.user_name":"christophclarey",
        "tweets.followers_count":50063,
        "topics.title":"Djokovic's Warrior Spirit Defeats Uprising"
    },
    {
        "topic":"79bb22c6-539f-4dd7-af2e-4d8672599d17",
        "tweetID":643257625845612545,
        "relevancy":2,
        "tweets.created_at":"2015-09-14T02:59:03.000Z",
        "tweets.full_text":"Novak Djokovic: 9th major title in the last 5 years; more than any other 2 players combined over that span.  ",
        "tweets.hashtags":"[]",
        "tweets.user_mentions":"[]",
        "tweets.urls":"[]",
        "tweets.user_name":"ESPNStatsInfo",
        "tweets.followers_count":1719310,
        "topics.title":"Djokovic's Warrior Spirit Defeats Uprising"
    },
    {
        "topic":"79bb22c6-539f-4dd7-af2e-4d8672599d17",
        "tweetID":643259389617397760,
        "relevancy":2,
        "tweets.created_at":"2015-09-14T03:06:04.000Z",
        "tweets.full_text":"Novak Djokovic wins 2015 US Open mens final: Novak Djokovic wins 2015 US Open men\u2019s final   ",
        "tweets.hashtags":"[]",
        "tweets.user_mentions":"[]",
        "tweets.urls":"['http:\/\/dlvr.it\/C8B37b']",
        "tweets.user_name":"_Santa_Barbara",
        "tweets.followers_count":14791,
        "topics.title":"Djokovic's Warrior Spirit Defeats Uprising"
    },
    {
        "topic":"79bb22c6-539f-4dd7-af2e-4d8672599d17",
        "tweetID":643261755154669568,
        "relevancy":2,
        "tweets.created_at":"2015-09-14T03:15:28.000Z",
        "tweets.full_text":"Playing against probably the best player in the history of the game adds a little more pressure. - Novak Djokovic   ",
        "tweets.hashtags":"[]",
        "tweets.user_mentions":"[]",
        "tweets.urls":"['http:\/\/es.pn\/1OoZntM']",
        "tweets.user_name":"espn",
        "tweets.followers_count":36460684,
        "topics.title":"Djokovic's Warrior Spirit Defeats Uprising"
    },
    {
        "topic":"79bb22c6-539f-4dd7-af2e-4d8672599d17",
        "tweetID":643264524657762304,
        "relevancy":1,
        "tweets.created_at":"2015-09-14T03:26:28.000Z",
        "tweets.full_text":"Novak Djokovic Is No. 1, Like It or Not    ",
        "tweets.hashtags":"[]",
        "tweets.user_mentions":"['NYTStyles']",
        "tweets.urls":"['http:\/\/mobile.nytimes.com\/2015\/09\/11\/fashion\/mens-style\/novak-djokovic-how-to-be-a-champion.html?referrer=']",
        "tweets.user_name":"marclacey",
        "tweets.followers_count":22696,
        "topics.title":"Djokovic's Warrior Spirit Defeats Uprising"
    },
    {
        "topic":"79bb22c6-539f-4dd7-af2e-4d8672599d17",
        "tweetID":643280871831633920,
        "relevancy":2,
        "tweets.created_at":"2015-09-14T04:31:26.000Z",
        "tweets.full_text":"Federer played his trademark aggressive game against the deadliest counter- puncher in Djokovic. The diff: Novak saved 19 break-points..  ",
        "tweets.hashtags":"[]",
        "tweets.user_mentions":"[]",
        "tweets.urls":"[]",
        "tweets.user_name":"JhaSanjay",
        "tweets.followers_count":556766,
        "topics.title":"Djokovic's Warrior Spirit Defeats Uprising"
    },
    {
        "topic":"79bb22c6-539f-4dd7-af2e-4d8672599d17",
        "tweetID":643282582352850945,
        "relevancy":2,
        "tweets.created_at":"2015-09-14T04:38:13.000Z",
        "tweets.full_text":"Djokovic said he hugged actor Gerard Butler in his box after the match and yelled; This is Sparta!.  ",
        "tweets.hashtags":"[]",
        "tweets.user_mentions":"[]",
        "tweets.urls":"[]",
        "tweets.user_name":"christophclarey",
        "tweets.followers_count":50063,
        "topics.title":"Djokovic's Warrior Spirit Defeats Uprising"
    },
    {
        "topic":"79bb22c6-539f-4dd7-af2e-4d8672599d17",
        "tweetID":643286301022679040,
        "relevancy":2,
        "tweets.created_at":"2015-09-14T04:53:00.000Z",
        "tweets.full_text":"Novak Djokovic wins second US open crown    ",
        "tweets.hashtags":"[]",
        "tweets.user_mentions":"[]",
        "tweets.urls":"['http:\/\/bit.ly\/1EX2VBl']",
        "tweets.user_name":"NewsX",
        "tweets.followers_count":577883,
        "topics.title":"Djokovic's Warrior Spirit Defeats Uprising"
    },
    {
        "topic":"79bb22c6-539f-4dd7-af2e-4d8672599d17",
        "tweetID":643294122221002752,
        "relevancy":2,
        "tweets.created_at":"2015-09-14T05:24:05.000Z",
        "tweets.full_text":"U.S. Open 2015: Novak Djokovic wins title   ",
        "tweets.hashtags":"[]",
        "tweets.user_mentions":"[]",
        "tweets.urls":"['http:\/\/on.wlwt.com\/1i9UHv5']",
        "tweets.user_name":"WLWT",
        "tweets.followers_count":136513,
        "topics.title":"Djokovic's Warrior Spirit Defeats Uprising"
    },
    {
        "topic":"79bb22c6-539f-4dd7-af2e-4d8672599d17",
        "tweetID":643295124244402176,
        "relevancy":2,
        "tweets.created_at":"2015-09-14T05:28:04.000Z",
        "tweets.full_text":"U.S. Open 2015: Novak Djokovic wins title   ",
        "tweets.hashtags":"[]",
        "tweets.user_mentions":"[]",
        "tweets.urls":"['http:\/\/on.wxii.com\/1ioYcym']",
        "tweets.user_name":"WXII",
        "tweets.followers_count":125839,
        "topics.title":"Djokovic's Warrior Spirit Defeats Uprising"
    },
    {
        "topic":"79bb22c6-539f-4dd7-af2e-4d8672599d17",
        "tweetID":643308556171804672,
        "relevancy":2,
        "tweets.created_at":"2015-09-14T06:21:26.000Z",
        "tweets.full_text":"Novak Djokovic defeats Roger Federer to win the U.S. Open! It is his 10th major title   ",
        "tweets.hashtags":"[]",
        "tweets.user_mentions":"[]",
        "tweets.urls":"['http:\/\/fb.me\/4m5fs4j3x']",
        "tweets.user_name":"TheZimbabwean",
        "tweets.followers_count":17419,
        "topics.title":"Djokovic's Warrior Spirit Defeats Uprising"
    },
    {
        "topic":"79bb22c6-539f-4dd7-af2e-4d8672599d17",
        "tweetID":643405116482019328,
        "relevancy":2,
        "tweets.created_at":"2015-09-14T12:45:08.000Z",
        "tweets.full_text":"Gerard Butler fired me up to win #USOpen, says Novak Djokovic    ",
        "tweets.hashtags":"['USOpen']",
        "tweets.user_mentions":"[]",
        "tweets.urls":"['http:\/\/dlyr.ec\/hZ3Ac5']",
        "tweets.user_name":"Daily_Record",
        "tweets.followers_count":133057,
        "topics.title":"Djokovic's Warrior Spirit Defeats Uprising"
    },
    {
        "topic":"79bb22c6-539f-4dd7-af2e-4d8672599d17",
        "tweetID":643428784075616256,
        "relevancy":2,
        "tweets.created_at":"2015-09-14T14:19:11.000Z",
        "tweets.full_text":"VIDEO: Novak Djokovic declares This is Sparta!\u201d with Gerard Butler at     ",
        "tweets.hashtags":"[]",
        "tweets.user_mentions":"['usopen']",
        "tweets.urls":"['http:\/\/ble.ac\/1iJfOEV']",
        "tweets.user_name":"BleacherReport",
        "tweets.followers_count":9411148,
        "topics.title":"Djokovic's Warrior Spirit Defeats Uprising"
    },
    {
        "topic":"79bb22c6-539f-4dd7-af2e-4d8672599d17",
        "tweetID":643450414306713600,
        "relevancy":2,
        "tweets.created_at":"2015-09-14T15:45:08.000Z",
        "tweets.full_text":"This.. is.. SPAWatch Gerard Butler and Novak Djokovics celebration after US Open win     ",
        "tweets.hashtags":"[]",
        "tweets.user_mentions":"[]",
        "tweets.urls":"['http:\/\/dlyr.ec\/BuKVio']",
        "tweets.user_name":"Daily_Record",
        "tweets.followers_count":133057,
        "topics.title":"Djokovic's Warrior Spirit Defeats Uprising"
    },
    {
        "topic":"79bb22c6-539f-4dd7-af2e-4d8672599d17",
        "tweetID":643634034074120192,
        "relevancy":1,
        "tweets.created_at":"2015-09-15T03:54:46.000Z",
        "tweets.full_text":" Absolutely. Interesting to hear Djokovics point of view.  ",
        "tweets.hashtags":"[]",
        "tweets.user_mentions":"['TennS4Ever']",
        "tweets.urls":"[]",
        "tweets.user_name":"christophclarey",
        "tweets.followers_count":50063,
        "topics.title":"Djokovic's Warrior Spirit Defeats Uprising"
    },
    {
        "topic":"79bb22c6-539f-4dd7-af2e-4d8672599d17",
        "tweetID":643737622553210880,
        "relevancy":2,
        "tweets.created_at":"2015-09-15T10:46:23.000Z",
        "tweets.full_text":"Watch Novak Djokovic, Gerard Butler shout out loud This is Sparta    ",
        "tweets.hashtags":"[]",
        "tweets.user_mentions":"['ETribuneSports']",
        "tweets.urls":"['http:\/\/tribune.com.pk\/story\/957101\/this-is-sparta-is-us-open-champ-djokovics-battle-cry\/']",
        "tweets.user_name":"etribune",
        "tweets.followers_count":996859,
        "topics.title":"Djokovic's Warrior Spirit Defeats Uprising"
    },
    {
        "topic":"79bb22c6-539f-4dd7-af2e-4d8672599d17",
        "tweetID":643787118142181376,
        "relevancy":1,
        "tweets.created_at":"2015-09-15T14:03:04.000Z",
        "tweets.full_text":"Why can\u2019t Novak Djokovic get some respect    ",
        "tweets.hashtags":"[]",
        "tweets.user_mentions":"[]",
        "tweets.urls":"['http:\/\/nyti.ms\/1Ot33KM']",
        "tweets.user_name":"nytimes",
        "tweets.followers_count":49133916,
        "topics.title":"Djokovic's Warrior Spirit Defeats Uprising"
    },
    {
        "topic":"79bb22c6-539f-4dd7-af2e-4d8672599d17",
        "tweetID":643989634859401217,
        "relevancy":1,
        "tweets.created_at":"2015-09-16T03:27:48.000Z",
        "tweets.full_text":"Why Can\u2019t Novak Djokovic Get Some Respect   ",
        "tweets.hashtags":"[]",
        "tweets.user_mentions":"[]",
        "tweets.urls":"['https:\/\/lnkd.in\/eczgTMr']",
        "tweets.user_name":"PranayGupte",
        "tweets.followers_count":68120,
        "topics.title":"Djokovic's Warrior Spirit Defeats Uprising"
    },
    {
        "topic":"79bb22c6-539f-4dd7-af2e-4d8672599d17",
        "tweetID":644080961622290433,
        "relevancy":2,
        "tweets.created_at":"2015-09-16T09:30:42.000Z",
        "tweets.full_text":"\u2018This is Sparta!\u2019 Djokovic and Gerard Butler celebrate #USOpen win with war cry.  #9News   ",
        "tweets.hashtags":"['USOpen', '9News']",
        "tweets.user_mentions":"[]",
        "tweets.urls":"['http:\/\/www.9news.com.au\/world\/2015\/09\/16\/16\/17\/djokovic-and-gerard-butler-celebrate-us-open-win-with-war-cry']",
        "tweets.user_name":"9NewsAUS",
        "tweets.followers_count":616114,
        "topics.title":"Djokovic's Warrior Spirit Defeats Uprising"
    }
]