[
    {
        "topic":"62821356-38aa-4ed6-90d8-1c32a2e99a8e",
        "tweetID":638784920559730688,
        "relevancy":2,
        "tweets.created_at":"2015-01-09T18:46:07.000Z",
        "tweets.full_text":"Escaped horrors of #Syria 4 nightmare in #Budapest, many 1000s will sleep outside in heat as police block station   ",
        "tweets.hashtags":"['Syria', 'Budapest']",
        "tweets.user_mentions":"['bouckap']",
        "tweets.urls":"[]",
        "tweets.user_name":"hrw",
        "tweets.followers_count":4551550,
        "topics.title":"A nation divided - Hungarians loathe and help refugees"
    },
    {
        "topic":"62821356-38aa-4ed6-90d8-1c32a2e99a8e",
        "tweetID":638968946113257472,
        "relevancy":2,
        "tweets.created_at":"2015-02-09T06:57:22.000Z",
        "tweets.full_text":"#Keleti station #Budapest, police block access as 1000s of #Syrianrefugees stranded outside, standoff continues.   ",
        "tweets.hashtags":"['Keleti', 'Budapest', 'Syrianrefugees']",
        "tweets.user_mentions":"['bouckap']",
        "tweets.urls":"[]",
        "tweets.user_name":"fergalkeane47",
        "tweets.followers_count":59958,
        "topics.title":"A nation divided - Hungarians loathe and help refugees"
    },
    {
        "topic":"62821356-38aa-4ed6-90d8-1c32a2e99a8e",
        "tweetID":638974279795777536,
        "relevancy":2,
        "tweets.created_at":"2015-02-09T07:18:34.000Z",
        "tweets.full_text":"Hundreds refugees camp out in continued standoff outside Budapest rail station    ",
        "tweets.hashtags":"[]",
        "tweets.user_mentions":"['AJENews']",
        "tweets.urls":"['http:\/\/aje.io\/7v5b']",
        "tweets.user_name":"AJEnglish",
        "tweets.followers_count":6604191,
        "topics.title":"A nation divided - Hungarians loathe and help refugees"
    },
    {
        "topic":"62821356-38aa-4ed6-90d8-1c32a2e99a8e",
        "tweetID":639010510722232320,
        "relevancy":2,
        "tweets.created_at":"2015-02-09T09:42:32.000Z",
        "tweets.full_text":"Police reinforce positions by  Budapest station as volume of refugees increases by the hour    ",
        "tweets.hashtags":"[]",
        "tweets.user_mentions":"[]",
        "tweets.urls":"['http:\/\/www.itv.com\/news\/story\/2015-09-02\/thousands-of-migrants-remain-stranded-at-budapest-train-station\/']",
        "tweets.user_name":"itvnews",
        "tweets.followers_count":2389558,
        "topics.title":"A nation divided - Hungarians loathe and help refugees"
    },
    {
        "topic":"62821356-38aa-4ed6-90d8-1c32a2e99a8e",
        "tweetID":639043397773340672,
        "relevancy":2,
        "tweets.created_at":"2015-02-09T11:53:13.000Z",
        "tweets.full_text":"#migrants seek shelter in #budapest station   ",
        "tweets.hashtags":"['migrants', 'budapest']",
        "tweets.user_mentions":"[]",
        "tweets.urls":"[]",
        "tweets.user_name":"charliecbs",
        "tweets.followers_count":5067,
        "topics.title":"A nation divided - Hungarians loathe and help refugees"
    },
    {
        "topic":"62821356-38aa-4ed6-90d8-1c32a2e99a8e",
        "tweetID":639144195538722816,
        "relevancy":1,
        "tweets.created_at":"2015-02-09T18:33:45.000Z",
        "tweets.full_text":"THOUSANDS OF HUNGARIANS RALLY AGAINST GOVT MIGRANT STEPS: HIRTV.  ",
        "tweets.hashtags":"[]",
        "tweets.user_mentions":"[]",
        "tweets.urls":"[]",
        "tweets.user_name":"zerohedge",
        "tweets.followers_count":876790,
        "topics.title":"A nation divided - Hungarians loathe and help refugees"
    },
    {
        "topic":"62821356-38aa-4ed6-90d8-1c32a2e99a8e",
        "tweetID":639227995945893889,
        "relevancy":1,
        "tweets.created_at":"2015-03-09T00:06:45.000Z",
        "tweets.full_text":"  it would be wrong to say all the people on the move in Europe are refugees. And wrong to say all migrants..  ",
        "tweets.hashtags":"[]",
        "tweets.user_mentions":"['HulbertMathew', 'markrusselluk']",
        "tweets.urls":"[]",
        "tweets.user_name":"chrisshipitv",
        "tweets.followers_count":73713,
        "topics.title":"A nation divided - Hungarians loathe and help refugees"
    },
    {
        "topic":"62821356-38aa-4ed6-90d8-1c32a2e99a8e",
        "tweetID":639402525184163841,
        "relevancy":1,
        "tweets.created_at":"2015-03-09T11:40:16.000Z",
        "tweets.full_text":"A nation destroyed (and a civil war ignored) in Syria: How the refugee crisis started.   ",
        "tweets.hashtags":"[]",
        "tweets.user_mentions":"[]",
        "tweets.urls":"[]",
        "tweets.user_name":"ianbremmer",
        "tweets.followers_count":555937,
        "topics.title":"A nation divided - Hungarians loathe and help refugees"
    },
    {
        "topic":"62821356-38aa-4ed6-90d8-1c32a2e99a8e",
        "tweetID":639405555715457024,
        "relevancy":1,
        "tweets.created_at":"2015-03-09T11:52:18.000Z",
        "tweets.full_text":"How the refugee crisis started.   ",
        "tweets.hashtags":"[]",
        "tweets.user_mentions":"['ianbremmer']",
        "tweets.urls":"[]",
        "tweets.user_name":"Mr_Mahony",
        "tweets.followers_count":788,
        "topics.title":"A nation divided - Hungarians loathe and help refugees"
    },
    {
        "topic":"62821356-38aa-4ed6-90d8-1c32a2e99a8e",
        "tweetID":639748867467161600,
        "relevancy":2,
        "tweets.created_at":"2015-04-09T10:36:30.000Z",
        "tweets.full_text":"A child from #syria blows soap bubbles in front of #keleti station in #budapest. So many children\u2026   ",
        "tweets.hashtags":"['syria', 'keleti', 'budapest']",
        "tweets.user_mentions":"[]",
        "tweets.urls":"['https:\/\/instagram.com\/p\/7NJ9xES7Mr\/']",
        "tweets.user_name":"Lavanga",
        "tweets.followers_count":1689,
        "topics.title":"A nation divided - Hungarians loathe and help refugees"
    },
    {
        "topic":"62821356-38aa-4ed6-90d8-1c32a2e99a8e",
        "tweetID":639757674150785024,
        "relevancy":2,
        "tweets.created_at":"2015-04-09T11:11:30.000Z",
        "tweets.full_text":"Refugees leave Budapest station on walk to Austrian border, Reuters report   ",
        "tweets.hashtags":"[]",
        "tweets.user_mentions":"[]",
        "tweets.urls":"['http:\/\/www.itv.com\/news\/update\/2015-09-04\/refugees-leave-budapest-station-on-walk-to-austria\/']",
        "tweets.user_name":"itvnews",
        "tweets.followers_count":2389558,
        "topics.title":"A nation divided - Hungarians loathe and help refugees"
    },
    {
        "topic":"62821356-38aa-4ed6-90d8-1c32a2e99a8e",
        "tweetID":639758303740891136,
        "relevancy":2,
        "tweets.created_at":"2015-04-09T11:14:00.000Z",
        "tweets.full_text":"Hungarians urge \u2018quick solution\u2019 for migrant\u00a0crisis   ",
        "tweets.hashtags":"[]",
        "tweets.user_mentions":"[]",
        "tweets.urls":"['http:\/\/sofiaglobe.com\/2015\/09\/04\/hungarians-urge-quick-solution-for-migrant-crisis\/']",
        "tweets.user_name":"TheSofiaGlobe",
        "tweets.followers_count":3091,
        "topics.title":"A nation divided - Hungarians loathe and help refugees"
    },
    {
        "topic":"62821356-38aa-4ed6-90d8-1c32a2e99a8e",
        "tweetID":639964128182972416,
        "relevancy":2,
        "tweets.created_at":"2015-05-09T00:51:52.000Z",
        "tweets.full_text":"They walked like that from the central station in Budapest. Walked for eight and more hours..  ",
        "tweets.hashtags":"[]",
        "tweets.user_mentions":"['bbcmatthewprice']",
        "tweets.urls":"[]",
        "tweets.user_name":"HebaFarooq",
        "tweets.followers_count":20285,
        "topics.title":"A nation divided - Hungarians loathe and help refugees"
    },
    {
        "topic":"62821356-38aa-4ed6-90d8-1c32a2e99a8e",
        "tweetID":639998983650185217,
        "relevancy":1,
        "tweets.created_at":"2015-05-09T03:10:22.000Z",
        "tweets.full_text":"Austria to let refugees in from Hungary: The Austrian chancellor has said his country and...  #srilanka #GenElecSL.  ",
        "tweets.hashtags":"['srilanka', 'GenElecSL']",
        "tweets.user_mentions":"[]",
        "tweets.urls":"['http:\/\/bit.ly\/1Xss0tK']",
        "tweets.user_name":"lankawire",
        "tweets.followers_count":6433,
        "topics.title":"A nation divided - Hungarians loathe and help refugees"
    },
    {
        "topic":"62821356-38aa-4ed6-90d8-1c32a2e99a8e",
        "tweetID":640089169713307648,
        "relevancy":2,
        "tweets.created_at":"2015-05-09T09:08:44.000Z",
        "tweets.full_text":"Hundreds of #refugees arrived at the railway station in #Budapest #Hungary #Europe   ",
        "tweets.hashtags":"['refugees', 'Budapest', 'Hungary', 'Europe']",
        "tweets.user_mentions":"[]",
        "tweets.urls":"['https:\/\/instagram.com\/p\/7Pkt-ytVmQ\/']",
        "tweets.user_name":"PierreCrom",
        "tweets.followers_count":5926,
        "topics.title":"A nation divided - Hungarians loathe and help refugees"
    },
    {
        "topic":"62821356-38aa-4ed6-90d8-1c32a2e99a8e",
        "tweetID":640089891045511168,
        "relevancy":1,
        "tweets.created_at":"2015-05-09T09:11:36.000Z",
        "tweets.full_text":"Refugees in Budapest board buses bound for Austrian border, Reuters news agency says   ",
        "tweets.hashtags":"[]",
        "tweets.user_mentions":"['itvnews']",
        "tweets.urls":"['http:\/\/www.itv.com\/news\/story\/2015-09-04\/hungary-sends-buses-to-take-migrants-to-austrian-border\/']",
        "tweets.user_name":"PeterAdamSmith",
        "tweets.followers_count":25563,
        "topics.title":"A nation divided - Hungarians loathe and help refugees"
    },
    {
        "topic":"62821356-38aa-4ed6-90d8-1c32a2e99a8e",
        "tweetID":640099907995574273,
        "relevancy":2,
        "tweets.created_at":"2015-05-09T09:51:25.000Z",
        "tweets.full_text":"Another march towards the Austrian border has started from Budapest station. A thousand or more#migrants.  ",
        "tweets.hashtags":"[]",
        "tweets.user_mentions":"[]",
        "tweets.urls":"[]",
        "tweets.user_name":"gavinhewitt01",
        "tweets.followers_count":42426,
        "topics.title":"A nation divided - Hungarians loathe and help refugees"
    },
    {
        "topic":"62821356-38aa-4ed6-90d8-1c32a2e99a8e",
        "tweetID":640105750019375104,
        "relevancy":2,
        "tweets.created_at":"2015-05-09T10:14:38.000Z",
        "tweets.full_text":"Reuters witness reports several hundred migrants have left #Keleti railway station in Budapest and are heading for Vienna\u2026.  ",
        "tweets.hashtags":"['Keleti']",
        "tweets.user_mentions":"['SkyNewsBreak']",
        "tweets.urls":"[]",
        "tweets.user_name":"jamessmat",
        "tweets.followers_count":445062,
        "topics.title":"A nation divided - Hungarians loathe and help refugees"
    },
    {
        "topic":"62821356-38aa-4ed6-90d8-1c32a2e99a8e",
        "tweetID":640106982586884097,
        "relevancy":2,
        "tweets.created_at":"2015-05-09T10:19:31.000Z",
        "tweets.full_text":"  ",
        "tweets.hashtags":"['Budapest', 'Keleti', 'Vienna']",
        "tweets.user_mentions":"['CBCAlerts', 'Reuters']",
        "tweets.urls":"[]",
        "tweets.user_name":"CBCNL",
        "tweets.followers_count":123181,
        "topics.title":"A nation divided - Hungarians loathe and help refugees"
    },
    {
        "topic":"62821356-38aa-4ed6-90d8-1c32a2e99a8e",
        "tweetID":640115812330770433,
        "relevancy":2,
        "tweets.created_at":"2015-05-09T10:54:37.000Z",
        "tweets.full_text":"  ",
        "tweets.hashtags":"[]",
        "tweets.user_mentions":"['AP']",
        "tweets.urls":"['http:\/\/apne.ws\/1KRBQAm']",
        "tweets.user_name":"HALDROB",
        "tweets.followers_count":1177,
        "topics.title":"A nation divided - Hungarians loathe and help refugees"
    },
    {
        "topic":"62821356-38aa-4ed6-90d8-1c32a2e99a8e",
        "tweetID":640133024261259264,
        "relevancy":2,
        "tweets.created_at":"2015-05-09T12:03:00.000Z",
        "tweets.full_text":"A nation divided: Hungarians loathe and help #refugees  #Hungary #refugeecrisis   ",
        "tweets.hashtags":"['refugees', 'Hungary', 'refugeecrisis']",
        "tweets.user_mentions":"[]",
        "tweets.urls":"['http:\/\/tmsnrt.rs\/1OkGben']",
        "tweets.user_name":"TRF_Stories",
        "tweets.followers_count":80594,
        "topics.title":"A nation divided - Hungarians loathe and help refugees"
    },
    {
        "topic":"62821356-38aa-4ed6-90d8-1c32a2e99a8e",
        "tweetID":640145885737955328,
        "relevancy":2,
        "tweets.created_at":"2015-05-09T12:54:07.000Z",
        "tweets.full_text":"Hungarians loathe and help #refugees  #Hungary #refugeecrisis   ",
        "tweets.hashtags":"['refugees', 'Hungary', 'refugeecrisis']",
        "tweets.user_mentions":"['AlertNet']",
        "tweets.urls":"['http:\/\/tmsnrt.rs\/1OkGben']",
        "tweets.user_name":"terischultz",
        "tweets.followers_count":10476,
        "topics.title":"A nation divided - Hungarians loathe and help refugees"
    },
    {
        "topic":"62821356-38aa-4ed6-90d8-1c32a2e99a8e",
        "tweetID":640252195431034880,
        "relevancy":2,
        "tweets.created_at":"2015-05-09T19:56:33.000Z",
        "tweets.full_text":"A nation divided - Hungarians loathe and help refugees   ",
        "tweets.hashtags":"[]",
        "tweets.user_mentions":"[]",
        "tweets.urls":"['http:\/\/dlvr.it\/C47pC1']",
        "tweets.user_name":"ChannelNewsAsia",
        "tweets.followers_count":995557,
        "topics.title":"A nation divided - Hungarians loathe and help refugees"
    },
    {
        "topic":"62821356-38aa-4ed6-90d8-1c32a2e99a8e",
        "tweetID":640254402641678341,
        "relevancy":2,
        "tweets.created_at":"2015-05-09T20:05:19.000Z",
        "tweets.full_text":"A nation divided - Hungarians loathe and help #refugees   ",
        "tweets.hashtags":"['refugees']",
        "tweets.user_mentions":"[]",
        "tweets.urls":"['http:\/\/uk.reuters.com\/article\/idUKKCN0R50F320150905']",
        "tweets.user_name":"cate_long",
        "tweets.followers_count":23330,
        "topics.title":"A nation divided - Hungarians loathe and help refugees"
    },
    {
        "topic":"62821356-38aa-4ed6-90d8-1c32a2e99a8e",
        "tweetID":640300056160047104,
        "relevancy":1,
        "tweets.created_at":"2015-05-09T23:06:44.000Z",
        "tweets.full_text":". says a rich, prosperous, confident nation like Australia can help 20,000 more Syrian refugees #australianagenda.  ",
        "tweets.hashtags":"['australianagenda']",
        "tweets.user_mentions":"['RichardDiNatale']",
        "tweets.urls":"[]",
        "tweets.user_name":"SkyNewsAust",
        "tweets.followers_count":515531,
        "topics.title":"A nation divided - Hungarians loathe and help refugees"
    },
    {
        "topic":"62821356-38aa-4ed6-90d8-1c32a2e99a8e",
        "tweetID":640357265011118085,
        "relevancy":2,
        "tweets.created_at":"2015-06-09T02:54:03.000Z",
        "tweets.full_text":"A nation divided: Hungarians loathe and help #refugees  #Hungary #refugeecrisis   ",
        "tweets.hashtags":"['refugees', 'Hungary', 'refugeecrisis']",
        "tweets.user_mentions":"[]",
        "tweets.urls":"['http:\/\/tmsnrt.rs\/1OkGben']",
        "tweets.user_name":"TRF_Stories",
        "tweets.followers_count":80594,
        "topics.title":"A nation divided - Hungarians loathe and help refugees"
    },
    {
        "topic":"62821356-38aa-4ed6-90d8-1c32a2e99a8e",
        "tweetID":640448687056023552,
        "relevancy":1,
        "tweets.created_at":"2015-06-09T08:57:20.000Z",
        "tweets.full_text":"At last a few are beginning to write about (some of the) complexity and the lack of due diligence in coverage of refugees and migrants.....  ",
        "tweets.hashtags":"[]",
        "tweets.user_mentions":"[]",
        "tweets.urls":"[]",
        "tweets.user_name":"digitaldjeli",
        "tweets.followers_count":7184,
        "topics.title":"A nation divided - Hungarians loathe and help refugees"
    },
    {
        "topic":"62821356-38aa-4ed6-90d8-1c32a2e99a8e",
        "tweetID":640592633803374592,
        "relevancy":2,
        "tweets.created_at":"2015-06-09T18:29:20.000Z",
        "tweets.full_text":"Ordinary Germans and Hungarians greet refugees, provide them with food and water  Video.  ",
        "tweets.hashtags":"[]",
        "tweets.user_mentions":"[]",
        "tweets.urls":"['http:\/\/on.fb.me\/1JZGKux']",
        "tweets.user_name":"Elizrael",
        "tweets.followers_count":67946,
        "topics.title":"A nation divided - Hungarians loathe and help refugees"
    },
    {
        "topic":"62821356-38aa-4ed6-90d8-1c32a2e99a8e",
        "tweetID":640726007746592768,
        "relevancy":1,
        "tweets.created_at":"2015-07-09T03:19:19.000Z",
        "tweets.full_text":"Migrant crisis: Austria to end emergency migrant measures   ",
        "tweets.hashtags":"[]",
        "tweets.user_mentions":"[]",
        "tweets.urls":"['http:\/\/www.bbc.co.uk\/news\/world-europe-34169726']",
        "tweets.user_name":"karenenglish06",
        "tweets.followers_count":2467,
        "topics.title":"A nation divided - Hungarians loathe and help refugees"
    },
    {
        "topic":"62821356-38aa-4ed6-90d8-1c32a2e99a8e",
        "tweetID":640867423181238273,
        "relevancy":1,
        "tweets.created_at":"2015-07-09T12:41:15.000Z",
        "tweets.full_text":"European migrant crisis: Pope Francis to welcome migrant families at Vatican   ",
        "tweets.hashtags":"[]",
        "tweets.user_mentions":"[]",
        "tweets.urls":"['http:\/\/go.fox2now.com\/1JMuxWi']",
        "tweets.user_name":"FOX2now",
        "tweets.followers_count":242786,
        "topics.title":"A nation divided - Hungarians loathe and help refugees"
    },
    {
        "topic":"62821356-38aa-4ed6-90d8-1c32a2e99a8e",
        "tweetID":641142972214571008,
        "relevancy":1,
        "tweets.created_at":"2015-08-09T06:56:11.000Z",
        "tweets.full_text":"Germany faces massive anti-migrant vs. pro-migrant standoff  #refugeecrisis   ",
        "tweets.hashtags":"['refugeecrisis']",
        "tweets.user_mentions":"[]",
        "tweets.urls":"['http:\/\/on.rt.com\/6qt8']",
        "tweets.user_name":"RT_com",
        "tweets.followers_count":3007523,
        "topics.title":"A nation divided - Hungarians loathe and help refugees"
    },
    {
        "topic":"62821356-38aa-4ed6-90d8-1c32a2e99a8e",
        "tweetID":641338992407920641,
        "relevancy":1,
        "tweets.created_at":"2015-08-09T19:55:05.000Z",
        "tweets.full_text":"Labours civil war   ",
        "tweets.hashtags":"[]",
        "tweets.user_mentions":"[]",
        "tweets.urls":"['http:\/\/www.peterblack.blogspot.co.uk\/2015\/09\/is-labour-about-to-embark-on-civil-war.html']",
        "tweets.user_name":"peterblackwales",
        "tweets.followers_count":5023,
        "topics.title":"A nation divided - Hungarians loathe and help refugees"
    },
    {
        "topic":"62821356-38aa-4ed6-90d8-1c32a2e99a8e",
        "tweetID":641373596376547328,
        "relevancy":1,
        "tweets.created_at":"2015-08-09T22:12:36.000Z",
        "tweets.full_text":"A top German official said the country is expected to take in as many as 800,000 migrants by the end of 2015:   ",
        "tweets.hashtags":"[]",
        "tweets.user_mentions":"[]",
        "tweets.urls":"['http:\/\/thebea.st\/1NftgM3']",
        "tweets.user_name":"thedailybeast",
        "tweets.followers_count":1320897,
        "topics.title":"A nation divided - Hungarians loathe and help refugees"
    },
    {
        "topic":"62821356-38aa-4ed6-90d8-1c32a2e99a8e",
        "tweetID":643673680829149184,
        "relevancy":2,
        "tweets.created_at":"2015-09-15T06:32:19.000Z",
        "tweets.full_text":"  I am a migrant, there is no migrant crisis #watchyourlanguage #refugeeswelcome.  ",
        "tweets.hashtags":"['watchyourlanguage', 'refugeeswelcome']",
        "tweets.user_mentions":"['BBCGaryR', 'BBCNews']",
        "tweets.urls":"[]",
        "tweets.user_name":"Christia_Allard",
        "tweets.followers_count":10372,
        "topics.title":"A nation divided - Hungarians loathe and help refugees"
    },
    {
        "topic":"62821356-38aa-4ed6-90d8-1c32a2e99a8e",
        "tweetID":643703241939767296,
        "relevancy":2,
        "tweets.created_at":"2015-09-15T08:29:46.000Z",
        "tweets.full_text":"#Migrants In Transit: Escaping #War And #Poverty In #Budapest:   via   ",
        "tweets.hashtags":"['Migrants', 'War', 'Poverty', 'Budapest']",
        "tweets.user_mentions":"['GandharaRFE']",
        "tweets.urls":"['http:\/\/gandhara.rferl.org\/media\/photogallery\/budapest-migrants-keleti-railway-station-\/27249030.html']",
        "tweets.user_name":"sid_abu",
        "tweets.followers_count":8047,
        "topics.title":"A nation divided - Hungarians loathe and help refugees"
    },
    {
        "topic":"62821356-38aa-4ed6-90d8-1c32a2e99a8e",
        "tweetID":643704631818891264,
        "relevancy":2,
        "tweets.created_at":"2015-09-15T08:35:18.000Z",
        "tweets.full_text":"#Migrants In Transit: Escaping #War And #Poverty In Budapest:    ",
        "tweets.hashtags":"['Migrants', 'War', 'Poverty']",
        "tweets.user_mentions":"[]",
        "tweets.urls":"['http:\/\/gandhara.rferl.org\/media\/photogallery\/budapest-migrants-keleti-railway-station-\/27249030.html']",
        "tweets.user_name":"GandharaRFE",
        "tweets.followers_count":7377,
        "topics.title":"A nation divided - Hungarians loathe and help refugees"
    },
    {
        "topic":"62821356-38aa-4ed6-90d8-1c32a2e99a8e",
        "tweetID":643806355950841856,
        "relevancy":1,
        "tweets.created_at":"2015-09-15T15:19:31.000Z",
        "tweets.full_text":"Its not a civil war. Syria is a civil war. #Labour.  ",
        "tweets.hashtags":"['Labour']",
        "tweets.user_mentions":"['MediaWatchLFF']",
        "tweets.urls":"[]",
        "tweets.user_name":"LeftFootFwd",
        "tweets.followers_count":63289,
        "topics.title":"A nation divided - Hungarians loathe and help refugees"
    },
    {
        "topic":"62821356-38aa-4ed6-90d8-1c32a2e99a8e",
        "tweetID":645153659790213120,
        "relevancy":1,
        "tweets.created_at":"2015-09-19T08:33:13.000Z",
        "tweets.full_text":"Civil War! #APCC #apccmanila #AsiaPOPComicon   ",
        "tweets.hashtags":"['APCC', 'apccmanila', 'AsiaPOPComicon']",
        "tweets.user_mentions":"[]",
        "tweets.urls":"['https:\/\/instagram.com\/p\/7zjxiCCShx\/']",
        "tweets.user_name":"jamsisante",
        "tweets.followers_count":33992,
        "topics.title":"A nation divided - Hungarians loathe and help refugees"
    },
    {
        "topic":"62821356-38aa-4ed6-90d8-1c32a2e99a8e",
        "tweetID":645309879624814592,
        "relevancy":1,
        "tweets.created_at":"2015-09-19T18:53:59.000Z",
        "tweets.full_text":"Austria says its expecting ten-thousand migrants and refugees to arrive in the country by the end of the day..  ",
        "tweets.hashtags":"[]",
        "tweets.user_mentions":"[]",
        "tweets.urls":"[]",
        "tweets.user_name":"SAfmnews",
        "tweets.followers_count":596456,
        "topics.title":"A nation divided - Hungarians loathe and help refugees"
    },
    {
        "topic":"62821356-38aa-4ed6-90d8-1c32a2e99a8e",
        "tweetID":645898045331083264,
        "relevancy":2,
        "tweets.created_at":"2015-09-21T09:51:08.000Z",
        "tweets.full_text":"Hungary: Migrant situation extraordinary   ",
        "tweets.hashtags":"[]",
        "tweets.user_mentions":"[]",
        "tweets.urls":"['http:\/\/on.kitv.com\/1gFE6Ov']",
        "tweets.user_name":"KITV4",
        "tweets.followers_count":43746,
        "topics.title":"A nation divided - Hungarians loathe and help refugees"
    },
    {
        "topic":"62821356-38aa-4ed6-90d8-1c32a2e99a8e",
        "tweetID":645899284974473216,
        "relevancy":2,
        "tweets.created_at":"2015-09-21T09:56:04.000Z",
        "tweets.full_text":"Hungary: Migrant situation extraordinary   ",
        "tweets.hashtags":"[]",
        "tweets.user_mentions":"[]",
        "tweets.urls":"['http:\/\/on.wmtw.com\/1iIdkXG']",
        "tweets.user_name":"WMTWTV",
        "tweets.followers_count":87618,
        "topics.title":"A nation divided - Hungarians loathe and help refugees"
    },
    {
        "topic":"62821356-38aa-4ed6-90d8-1c32a2e99a8e",
        "tweetID":646268120252973056,
        "relevancy":1,
        "tweets.created_at":"2015-09-22T10:21:41.000Z",
        "tweets.full_text":"Video: 3 women show the harsh life of undocumented, migrant domestic workers. Do you know people in this situation   ",
        "tweets.hashtags":"[]",
        "tweets.user_mentions":"[]",
        "tweets.urls":"['https:\/\/www.youtube.com\/watch?v=v1GY6ItQVaM']",
        "tweets.user_name":"UNHumanRights",
        "tweets.followers_count":3184150,
        "topics.title":"A nation divided - Hungarians loathe and help refugees"
    }
]