[
    {
        "topic":"58b85ce5-7701-4010-a7f1-246880d1a980",
        "tweetID":641236837608980480,
        "relevancy":1,
        "tweets.created_at":"2015-08-09T13:09:10.000Z",
        "tweets.full_text":"Intelling to create 250 jobs in Northern Ireland    ",
        "tweets.hashtags":"[]",
        "tweets.user_mentions":"[]",
        "tweets.urls":"['http:\/\/www.irishtimes.com\/business\/retail-and-services\/intelling-to-create-250-jobs-in-northern-ireland-1.2344419']",
        "tweets.user_name":"IrishTimesBiz",
        "tweets.followers_count":75406,
        "topics.title":"Geoscience Ireland Companies Create over 130 New Jobs since January 2015"
    },
    {
        "topic":"58b85ce5-7701-4010-a7f1-246880d1a980",
        "tweetID":643726464261582849,
        "relevancy":1,
        "tweets.created_at":"2015-09-15T10:02:03.000Z",
        "tweets.full_text":"NOW: Intl experience in managing oil &amp; gas resources. Converting natural resources into engine of development\u201d  live   ",
        "tweets.hashtags":"[]",
        "tweets.user_mentions":"[]",
        "tweets.urls":"['http:\/\/uacrisis.org\/steam\/#']",
        "tweets.user_name":"uacrisis",
        "tweets.followers_count":15110,
        "topics.title":"Geoscience Ireland Companies Create over 130 New Jobs since January 2015"
    },
    {
        "topic":"58b85ce5-7701-4010-a7f1-246880d1a980",
        "tweetID":643741894611181568,
        "relevancy":1,
        "tweets.created_at":"2015-09-15T11:03:22.000Z",
        "tweets.full_text":"Ireland is the top destination in the world by quality and value of investments -    ",
        "tweets.hashtags":"[]",
        "tweets.user_mentions":"[]",
        "tweets.urls":"['http:\/\/bit.ly\/1UREfS2']",
        "tweets.user_name":"IDAIRELAND",
        "tweets.followers_count":69102,
        "topics.title":"Geoscience Ireland Companies Create over 130 New Jobs since January 2015"
    },
    {
        "topic":"58b85ce5-7701-4010-a7f1-246880d1a980",
        "tweetID":644596515831447552,
        "relevancy":2,
        "tweets.created_at":"2015-09-17T19:39:20.000Z",
        "tweets.full_text":"Taoiseach - Together, we helped create 125,000 extra jobs since 2012. Together, we made Ireland Europe\u2019s fastest growing economy   ",
        "tweets.hashtags":"[]",
        "tweets.user_mentions":"['ibec_irl']",
        "tweets.urls":"[]",
        "tweets.user_name":"merrionstreet",
        "tweets.followers_count":56539,
        "topics.title":"Geoscience Ireland Companies Create over 130 New Jobs since January 2015"
    },
    {
        "topic":"58b85ce5-7701-4010-a7f1-246880d1a980",
        "tweetID":646686054314065920,
        "relevancy":1,
        "tweets.created_at":"2015-09-23T14:02:24.000Z",
        "tweets.full_text":"Vedanta retrenches nearly 4,000 jobs in India since January   ",
        "tweets.hashtags":"[]",
        "tweets.user_mentions":"[]",
        "tweets.urls":"['http:\/\/mintne.ws\/1JpwJlc']",
        "tweets.user_name":"livemint",
        "tweets.followers_count":1941466,
        "topics.title":"Geoscience Ireland Companies Create over 130 New Jobs since January 2015"
    },
    {
        "topic":"58b85ce5-7701-4010-a7f1-246880d1a980",
        "tweetID":646972631959343104,
        "relevancy":1,
        "tweets.created_at":"2015-09-24T09:01:10.000Z",
        "tweets.full_text":"The development is supported by the Department of Jobs, Enterprise and Innovation through IDA Ireland.   ",
        "tweets.hashtags":"[]",
        "tweets.user_mentions":"['NIITLtd']",
        "tweets.urls":"[]",
        "tweets.user_name":"IDAIRELAND",
        "tweets.followers_count":69102,
        "topics.title":"Geoscience Ireland Companies Create over 130 New Jobs since January 2015"
    },
    {
        "topic":"58b85ce5-7701-4010-a7f1-246880d1a980",
        "tweetID":647517677582426112,
        "relevancy":1,
        "tweets.created_at":"2015-09-25T21:06:59.000Z",
        "tweets.full_text":"Of  the judges said: A great example of how companies are thriving in providing for the sustainable economy\u201d #rba15.  ",
        "tweets.hashtags":"['rba15']",
        "tweets.user_mentions":"['Novelis']",
        "tweets.urls":"[]",
        "tweets.user_name":"REvents_SustBiz",
        "tweets.followers_count":32081,
        "topics.title":"Geoscience Ireland Companies Create over 130 New Jobs since January 2015"
    },
    {
        "topic":"58b85ce5-7701-4010-a7f1-246880d1a980",
        "tweetID":648058374131720193,
        "relevancy":1,
        "tweets.created_at":"2015-09-27T08:55:31.000Z",
        "tweets.full_text":"Surely the future of Northern Ireland is for the people of Northern Ireland, not the people of Ireland, to decide.  ",
        "tweets.hashtags":"[]",
        "tweets.user_mentions":"[]",
        "tweets.urls":"[]",
        "tweets.user_name":"JGForsyth",
        "tweets.followers_count":92763,
        "topics.title":"Geoscience Ireland Companies Create over 130 New Jobs since January 2015"
    },
    {
        "topic":"58b85ce5-7701-4010-a7f1-246880d1a980",
        "tweetID":648876594711412736,
        "relevancy":2,
        "tweets.created_at":"2015-09-29T15:06:50.000Z",
        "tweets.full_text":"IBM to create 110 jobs in Ireland    ",
        "tweets.hashtags":"[]",
        "tweets.user_mentions":"[]",
        "tweets.urls":"['http:\/\/www.rte.ie\/news\/business\/2015\/0929\/731164-ibm-jobs\/']",
        "tweets.user_name":"willgoodbody",
        "tweets.followers_count":23530,
        "topics.title":"Geoscience Ireland Companies Create over 130 New Jobs since January 2015"
    }
]