{
    "topic":"9ce6dea5-1d7e-4648-bcc4-c53d3d4e4558",
    "topics.content":"A cricket fan has painstakingly hand-built a plastic miniature stadium in memory of Australian batsman Phillip Hughes.   Shaminder Singh bought parts from around the world, spending nearly 3,000 pounds and seven months putting his creation together at his Coventry home..  ",
    "topics.title":"A stadium for Hughes",
    "topics.media-type":"News",
    "topics.source":"Bangladesh Daily Star",
    "topics.published":"2015-06-09T20:08:13.000Z",
    "topic_tweets":6,
    "tweets.created_at_initial":"2015-04-09 11:00:08",
    "tweets.created_at_final":"2015-04-09 13:10:37",
    "tweets.time_interval":0.0
}