[
    {
        "topic":"c8005766-131a-441a-bd69-00adaa3901f7",
        "tweetID":638720739194105856,
        "relevancy":2,
        "tweets.created_at":"2015-01-09T14:31:05.000Z",
        "tweets.full_text":"Green groups launch multi-million dollar attack on GOP senators on climate rule:    ",
        "tweets.hashtags":"[]",
        "tweets.user_mentions":"[]",
        "tweets.urls":"['http:\/\/hill.cm\/zbMQDCe']",
        "tweets.user_name":"thehill",
        "tweets.followers_count":4108996,
        "topics.title":"Environmental philanthropist Rob Purves warns that green groups under attack"
    },
    {
        "topic":"c8005766-131a-441a-bd69-00adaa3901f7",
        "tweetID":638840012654686208,
        "relevancy":1,
        "tweets.created_at":"2015-01-09T22:25:02.000Z",
        "tweets.full_text":"  ",
        "tweets.hashtags":"['ohsen']",
        "tweets.user_mentions":"['brianrhester', 'robportman']",
        "tweets.urls":"[]",
        "tweets.user_name":"OHDems",
        "tweets.followers_count":38351,
        "topics.title":"Environmental philanthropist Rob Purves warns that green groups under attack"
    },
    {
        "topic":"c8005766-131a-441a-bd69-00adaa3901f7",
        "tweetID":640545894241312768,
        "relevancy":1,
        "tweets.created_at":"2015-06-09T15:23:36.000Z",
        "tweets.full_text":" A Green supporter Rob...I knew that....whats that say about CBC vote compass.  ",
        "tweets.hashtags":"[]",
        "tweets.user_mentions":"['rgstone1']",
        "tweets.urls":"[]",
        "tweets.user_name":"Agridome",
        "tweets.followers_count":17375,
        "topics.title":"Environmental philanthropist Rob Purves warns that green groups under attack"
    },
    {
        "topic":"c8005766-131a-441a-bd69-00adaa3901f7",
        "tweetID":640748658317615104,
        "relevancy":1,
        "tweets.created_at":"2015-07-09T04:49:19.000Z",
        "tweets.full_text":"Break out in green this holiday week: With the September school holidays under way, agencies and green groups ...   ",
        "tweets.hashtags":"[]",
        "tweets.user_mentions":"[]",
        "tweets.urls":"['http:\/\/bit.ly\/1K0dpM9']",
        "tweets.user_name":"sglatest",
        "tweets.followers_count":265,
        "topics.title":"Environmental philanthropist Rob Purves warns that green groups under attack"
    },
    {
        "topic":"c8005766-131a-441a-bd69-00adaa3901f7",
        "tweetID":643488543449419776,
        "relevancy":1,
        "tweets.created_at":"2015-09-14T18:16:38.000Z",
        "tweets.full_text":"Environmental groups appeal $225 million Exxon settlement   ",
        "tweets.hashtags":"[]",
        "tweets.user_mentions":"[]",
        "tweets.urls":"['http:\/\/dlvr.it\/C8ZPzF']",
        "tweets.user_name":"WHYYNews",
        "tweets.followers_count":38896,
        "topics.title":"Environmental philanthropist Rob Purves warns that green groups under attack"
    },
    {
        "topic":"c8005766-131a-441a-bd69-00adaa3901f7",
        "tweetID":644377504900231172,
        "relevancy":1,
        "tweets.created_at":"2015-09-17T05:09:03.000Z",
        "tweets.full_text":"Green groups want #EPD boss #AnissaWong replaced   ",
        "tweets.hashtags":"['EPD', 'AnissaWong']",
        "tweets.user_mentions":"[]",
        "tweets.urls":"['http:\/\/news.rthk.hk\/rthk\/en\/component\/k2\/1211922-20150917.htm']",
        "tweets.user_name":"rthk_enews",
        "tweets.followers_count":130711,
        "topics.title":"Environmental philanthropist Rob Purves warns that green groups under attack"
    },
    {
        "topic":"c8005766-131a-441a-bd69-00adaa3901f7",
        "tweetID":644883843099455488,
        "relevancy":2,
        "tweets.created_at":"2015-09-18T14:41:04.000Z",
        "tweets.full_text":"Environmental philanthropist Rob Purves warns that green groups under attack: An unlikely environmentalist lea...   ",
        "tweets.hashtags":"[]",
        "tweets.user_mentions":"[]",
        "tweets.urls":"['http:\/\/bit.ly\/1Yk73l9']",
        "tweets.user_name":"smhnews",
        "tweets.followers_count":2639,
        "topics.title":"Environmental philanthropist Rob Purves warns that green groups under attack"
    },
    {
        "topic":"c8005766-131a-441a-bd69-00adaa3901f7",
        "tweetID":644979772653727744,
        "relevancy":1,
        "tweets.created_at":"2015-09-18T21:02:15.000Z",
        "tweets.full_text":"Environmental groups voice outrage after BC gov quietly green lights logging in the #Walbran valley.    ",
        "tweets.hashtags":"['Walbran']",
        "tweets.user_mentions":"['CTVNewsScott', 'wildernews']",
        "tweets.urls":"[]",
        "tweets.user_name":"CTVNewsVI",
        "tweets.followers_count":68155,
        "topics.title":"Environmental philanthropist Rob Purves warns that green groups under attack"
    },
    {
        "topic":"c8005766-131a-441a-bd69-00adaa3901f7",
        "tweetID":644982229341470721,
        "relevancy":1,
        "tweets.created_at":"2015-09-18T21:12:01.000Z",
        "tweets.full_text":"Canandaigua Lake plagued by blue-green algae, lots of it.  via  photo by    ",
        "tweets.hashtags":"[]",
        "tweets.user_mentions":"['SOrr1']",
        "tweets.urls":"['http:\/\/www.democratandchronicle.com\/story\/news\/2015\/09\/18\/blue-green-algae-still-plague-canandaigua-lake\/72403412\/']",
        "tweets.user_name":"snorris85",
        "tweets.followers_count":1262,
        "topics.title":"Environmental philanthropist Rob Purves warns that green groups under attack"
    },
    {
        "topic":"c8005766-131a-441a-bd69-00adaa3901f7",
        "tweetID":645858904757243905,
        "relevancy":2,
        "tweets.created_at":"2015-09-21T07:15:37.000Z",
        "tweets.full_text":"Green groups call on Malcolm Turnbull to keep tax-deductible status   ",
        "tweets.hashtags":"[]",
        "tweets.user_mentions":"[]",
        "tweets.urls":"['http:\/\/d.gu.com\/CCvMvv']",
        "tweets.user_name":"guardianeco",
        "tweets.followers_count":494538,
        "topics.title":"Environmental philanthropist Rob Purves warns that green groups under attack"
    },
    {
        "topic":"c8005766-131a-441a-bd69-00adaa3901f7",
        "tweetID":645858995354345473,
        "relevancy":2,
        "tweets.created_at":"2015-09-21T07:15:58.000Z",
        "tweets.full_text":"Green groups call on Malcolm Turnbull to keep tax-deductible status   ",
        "tweets.hashtags":"[]",
        "tweets.user_mentions":"[]",
        "tweets.urls":"['http:\/\/trib.al\/vnVR9nm']",
        "tweets.user_name":"GuardianAus",
        "tweets.followers_count":282255,
        "topics.title":"Environmental philanthropist Rob Purves warns that green groups under attack"
    },
    {
        "topic":"c8005766-131a-441a-bd69-00adaa3901f7",
        "tweetID":645891976584232960,
        "relevancy":2,
        "tweets.created_at":"2015-09-21T09:27:01.000Z",
        "tweets.full_text":"Green groups call on Malcolm Turnbull to keep tax-deductible status, end the \u2018ideological attack  \u2026.  ",
        "tweets.hashtags":"[]",
        "tweets.user_mentions":"['FoEAustralia']",
        "tweets.urls":"['http:\/\/www.theguardian.com\/environment\/2015\/sep\/21\/green-groups-call-on-malcolm-turnbull-to-keep-tax-deductible-status']",
        "tweets.user_name":"ChristineMilne",
        "tweets.followers_count":83387,
        "topics.title":"Environmental philanthropist Rob Purves warns that green groups under attack"
    },
    {
        "topic":"c8005766-131a-441a-bd69-00adaa3901f7",
        "tweetID":649185345041530880,
        "relevancy":1,
        "tweets.created_at":"2015-09-30T11:33:42.000Z",
        "tweets.full_text":"Environmental goods are products that directly contribute to protection of the environment and help mitigate climate change. #EGA.  ",
        "tweets.hashtags":"['EGA']",
        "tweets.user_mentions":"[]",
        "tweets.urls":"[]",
        "tweets.user_name":"Trade_EU",
        "tweets.followers_count":54231,
        "topics.title":"Environmental philanthropist Rob Purves warns that green groups under attack"
    }
]