{
    "topic":"0db352b5-25b0-46fc-84a2-2a9845c9b585",
    "topics.content":"Company \u2013 Transfer of shares. The Chancery Division allowed the claimants application for declaratory relief that, among other things, a share transfer carried out by the first defendant, purportedly with the consent of his father, the first claimant, had been fraudulent and should be set aside. Having regard to the evidence, including expert evidence on the law of the Seychelles, the claimants were entitled to the relief sought..  ",
    "topics.title":"Van Collem and others v Van Collem and others",
    "topics.media-type":"News",
    "topics.source":"LexisPSL Private Client",
    "topics.published":"2015-09-09T04:00:00.000Z",
    "topic_tweets":10,
    "tweets.created_at_initial":"2015-03-09 18:29:53",
    "tweets.created_at_final":"2015-09-28 14:14:42",
    "tweets.time_interval":202.0
}