[
    {
        "topic":"0db352b5-25b0-46fc-84a2-2a9845c9b585",
        "tweetID":639505610736824320,
        "relevancy":1,
        "tweets.created_at":"2015-03-09T18:29:53.000Z",
        "tweets.full_text":"From the archives: Refugee claimant jailed with no charge, no sentence, no oversight    ",
        "tweets.hashtags":"[]",
        "tweets.user_mentions":"[]",
        "tweets.urls":"['http:\/\/globalnews.ca\/news\/1618257\/im-not-a-criminal-jailed-with-no-charge-no-sentence-no-oversight\/']",
        "tweets.user_name":"globalnewsto",
        "tweets.followers_count":230671,
        "topics.title":"Van Collem and others v Van Collem and others"
    },
    {
        "topic":"0db352b5-25b0-46fc-84a2-2a9845c9b585",
        "tweetID":639505611126915072,
        "relevancy":1,
        "tweets.created_at":"2015-03-09T18:29:53.000Z",
        "tweets.full_text":"From the archives: Refugee claimant jailed with no charge, no sentence, no oversight    ",
        "tweets.hashtags":"[]",
        "tweets.user_mentions":"[]",
        "tweets.urls":"['http:\/\/globalnews.ca\/news\/1618257\/im-not-a-criminal-jailed-with-no-charge-no-sentence-no-oversight\/']",
        "tweets.user_name":"Global_NB",
        "tweets.followers_count":17728,
        "topics.title":"Van Collem and others v Van Collem and others"
    },
    {
        "topic":"0db352b5-25b0-46fc-84a2-2a9845c9b585",
        "tweetID":639505611168837632,
        "relevancy":1,
        "tweets.created_at":"2015-03-09T18:29:53.000Z",
        "tweets.full_text":"From the archives: Refugee claimant jailed with no charge, no sentence, no oversight    ",
        "tweets.hashtags":"[]",
        "tweets.user_mentions":"[]",
        "tweets.urls":"['http:\/\/globalnews.ca\/news\/1618257\/im-not-a-criminal-jailed-with-no-charge-no-sentence-no-oversight\/']",
        "tweets.user_name":"globalwinnipeg",
        "tweets.followers_count":52723,
        "topics.title":"Van Collem and others v Van Collem and others"
    },
    {
        "topic":"0db352b5-25b0-46fc-84a2-2a9845c9b585",
        "tweetID":640806764691255296,
        "relevancy":1,
        "tweets.created_at":"2015-07-09T08:40:12.000Z",
        "tweets.full_text":"  They do have an arguable case, you know..  ",
        "tweets.hashtags":"[]",
        "tweets.user_mentions":"['PeatWorrier', 'Cllr_Matt_Kerr', 'dhothersall']",
        "tweets.urls":"[]",
        "tweets.user_name":"dhothersall",
        "tweets.followers_count":11184,
        "topics.title":"Van Collem and others v Van Collem and others"
    },
    {
        "topic":"0db352b5-25b0-46fc-84a2-2a9845c9b585",
        "tweetID":640878468926951424,
        "relevancy":2,
        "tweets.created_at":"2015-07-09T13:25:08.000Z",
        "tweets.full_text":"The public breathed a sigh of relief and with the believe that the others would also soon be rescued moved on  #511DaysOfChibokGirlsAbduction.  ",
        "tweets.hashtags":"['511DaysOfChibokGirlsAbduction']",
        "tweets.user_mentions":"[]",
        "tweets.urls":"[]",
        "tweets.user_name":"AishaYesufu",
        "tweets.followers_count":763328,
        "topics.title":"Van Collem and others v Van Collem and others"
    },
    {
        "topic":"0db352b5-25b0-46fc-84a2-2a9845c9b585",
        "tweetID":640966441978757120,
        "relevancy":1,
        "tweets.created_at":"2015-07-09T19:14:43.000Z",
        "tweets.full_text":"If they had meant to scapegoat 1 Minister to save the rest of the 9, it would imply that somehow evidence on others was leaked #Egypt.  ",
        "tweets.hashtags":"['Egypt']",
        "tweets.user_mentions":"[]",
        "tweets.urls":"[]",
        "tweets.user_name":"OmarKamel",
        "tweets.followers_count":6499,
        "topics.title":"Van Collem and others v Van Collem and others"
    },
    {
        "topic":"0db352b5-25b0-46fc-84a2-2a9845c9b585",
        "tweetID":641652367767793664,
        "relevancy":1,
        "tweets.created_at":"2015-09-09T16:40:20.000Z",
        "tweets.full_text":" The application has not yet been processed, kindly indicate the date of application. ^EM.  ",
        "tweets.hashtags":"[]",
        "tweets.user_mentions":"['lgaitiu']",
        "tweets.urls":"[]",
        "tweets.user_name":"KenyaPower_Care",
        "tweets.followers_count":1029216,
        "topics.title":"Van Collem and others v Van Collem and others"
    },
    {
        "topic":"0db352b5-25b0-46fc-84a2-2a9845c9b585",
        "tweetID":642944661380710400,
        "relevancy":2,
        "tweets.created_at":"2015-09-13T06:15:27.000Z",
        "tweets.full_text":" That position assumes the others were electable. No evidence of that.     ",
        "tweets.hashtags":"[]",
        "tweets.user_mentions":"['MikeDwyerMike', 'mihirssharma', 'rkarnad', 'MrSamratX']",
        "tweets.urls":"[]",
        "tweets.user_name":"OmarWaraich",
        "tweets.followers_count":154930,
        "topics.title":"Van Collem and others v Van Collem and others"
    },
    {
        "topic":"0db352b5-25b0-46fc-84a2-2a9845c9b585",
        "tweetID":646090529244073984,
        "relevancy":1,
        "tweets.created_at":"2015-09-21T22:36:00.000Z",
        "tweets.full_text":" Whew! Thats a relief. ;).  ",
        "tweets.hashtags":"[]",
        "tweets.user_mentions":"[]",
        "tweets.urls":"[]",
        "tweets.user_name":"Xbox",
        "tweets.followers_count":15563566,
        "topics.title":"Van Collem and others v Van Collem and others"
    },
    {
        "topic":"0db352b5-25b0-46fc-84a2-2a9845c9b585",
        "tweetID":648501089264869376,
        "relevancy":2,
        "tweets.created_at":"2015-09-28T14:14:42.000Z",
        "tweets.full_text":"BanKiMoon: Four years of diplomatic paralysis by the Security Council and others have allowed the crisis to spin out of control..  ",
        "tweets.hashtags":"[]",
        "tweets.user_mentions":"[]",
        "tweets.urls":"[]",
        "tweets.user_name":"benmoran",
        "tweets.followers_count":3411,
        "topics.title":"Van Collem and others v Van Collem and others"
    }
]