{
    "topic":"8c014427-87f3-4686-880c-a7ee6e14cc89",
    "topics.content":"The Fed\u2019s decision not to raise interest rates hinges critically on its view of inflation. The only reason to raise rates\u2014ever\u2014is to deal with inflation. Here are three things the Fed knows about inflation.  ",
    "topics.title":"The Fed's View Of Inflation: 3 Ideas That Drove Their Decision Not To Tighten",
    "topics.media-type":"News",
    "topics.source":"Forbes.com",
    "topics.published":"2015-09-17T19:46:00.000Z",
    "topic_tweets":37,
    "tweets.created_at_initial":"2015-01-09 18:35:06",
    "tweets.created_at_final":"2015-12-09 08:22:12",
    "tweets.time_interval":333.0
}