[
    {
        "topic":"8c014427-87f3-4686-880c-a7ee6e14cc89",
        "tweetID":638782146065395712,
        "relevancy":1,
        "tweets.created_at":"2015-01-09T18:35:06.000Z",
        "tweets.full_text":"Inflation a reason to keep rates fairly low: Feds Rosengren   ",
        "tweets.hashtags":"[]",
        "tweets.user_mentions":"[]",
        "tweets.urls":"['http:\/\/dlvr.it\/C25fRv']",
        "tweets.user_name":"ChannelNewsAsia",
        "tweets.followers_count":995557,
        "topics.title":"The Fed's View Of Inflation: 3 Ideas That Drove Their Decision Not To Tighten"
    },
    {
        "topic":"8c014427-87f3-4686-880c-a7ee6e14cc89",
        "tweetID":639300193377103872,
        "relevancy":1,
        "tweets.created_at":"2015-03-09T04:53:38.000Z",
        "tweets.full_text":"On CNBC-TV18 ANZ Research: There Is A Case For US Fed Rate Hike In September   ",
        "tweets.hashtags":"[]",
        "tweets.user_mentions":"['CNBCTV18Live']",
        "tweets.urls":"[]",
        "tweets.user_name":"CNBCTV18Live",
        "tweets.followers_count":958525,
        "topics.title":"The Fed's View Of Inflation: 3 Ideas That Drove Their Decision Not To Tighten"
    },
    {
        "topic":"8c014427-87f3-4686-880c-a7ee6e14cc89",
        "tweetID":640543122594922497,
        "relevancy":1,
        "tweets.created_at":"2015-06-09T15:12:35.000Z",
        "tweets.full_text":"The Feds upcoming decision has been complicated by 3 things   ",
        "tweets.hashtags":"[]",
        "tweets.user_mentions":"[]",
        "tweets.urls":"['http:\/\/read.bi\/1IRP1v6']",
        "tweets.user_name":"businessinsider",
        "tweets.followers_count":3205117,
        "topics.title":"The Fed's View Of Inflation: 3 Ideas That Drove Their Decision Not To Tighten"
    },
    {
        "topic":"8c014427-87f3-4686-880c-a7ee6e14cc89",
        "tweetID":642614170605613056,
        "relevancy":1,
        "tweets.created_at":"2015-12-09T08:22:12.000Z",
        "tweets.full_text":"Weak U.S. consumer sentiment, tame inflation muddy Fed rate outlook    ",
        "tweets.hashtags":"[]",
        "tweets.user_mentions":"[]",
        "tweets.urls":"['http:\/\/tw.gs\/33Sfg4']",
        "tweets.user_name":"DunyaNews",
        "tweets.followers_count":1994356,
        "topics.title":"The Fed's View Of Inflation: 3 Ideas That Drove Their Decision Not To Tighten"
    },
    {
        "topic":"8c014427-87f3-4686-880c-a7ee6e14cc89",
        "tweetID":643253206764548096,
        "relevancy":1,
        "tweets.created_at":"2015-09-14T02:41:30.000Z",
        "tweets.full_text":"MARKET INTERNALS : Key Events This Week: #CPI Inflation for India; #FOMC rate decision.  ",
        "tweets.hashtags":"['CPI', 'FOMC']",
        "tweets.user_mentions":"[]",
        "tweets.urls":"[]",
        "tweets.user_name":"ETMarkets",
        "tweets.followers_count":473120,
        "topics.title":"The Fed's View Of Inflation: 3 Ideas That Drove Their Decision Not To Tighten"
    },
    {
        "topic":"8c014427-87f3-4686-880c-a7ee6e14cc89",
        "tweetID":643779571771441153,
        "relevancy":2,
        "tweets.created_at":"2015-09-15T13:33:05.000Z",
        "tweets.full_text":"One of the Feds twin mandates - controlling inflation - hardly suggests the need to lift rates   ",
        "tweets.hashtags":"[]",
        "tweets.user_mentions":"[]",
        "tweets.urls":"[]",
        "tweets.user_name":"WestWingReport",
        "tweets.followers_count":380885,
        "topics.title":"The Fed's View Of Inflation: 3 Ideas That Drove Their Decision Not To Tighten"
    },
    {
        "topic":"8c014427-87f3-4686-880c-a7ee6e14cc89",
        "tweetID":643876072077983745,
        "relevancy":1,
        "tweets.created_at":"2015-09-15T19:56:32.000Z",
        "tweets.full_text":"Inflation collapse \u2013 should central banks raise interest rates or not   ",
        "tweets.hashtags":"[]",
        "tweets.user_mentions":"[]",
        "tweets.urls":"['http:\/\/gu.com\/p\/4cdc3']",
        "tweets.user_name":"BusinessDesk",
        "tweets.followers_count":120618,
        "topics.title":"The Fed's View Of Inflation: 3 Ideas That Drove Their Decision Not To Tighten"
    },
    {
        "topic":"8c014427-87f3-4686-880c-a7ee6e14cc89",
        "tweetID":643909059293409280,
        "relevancy":1,
        "tweets.created_at":"2015-09-15T22:07:37.000Z",
        "tweets.full_text":"Calmly awaiting the Feds decision.   ",
        "tweets.hashtags":"[]",
        "tweets.user_mentions":"[]",
        "tweets.urls":"[]",
        "tweets.user_name":"pdacosta",
        "tweets.followers_count":139644,
        "topics.title":"The Fed's View Of Inflation: 3 Ideas That Drove Their Decision Not To Tighten"
    },
    {
        "topic":"8c014427-87f3-4686-880c-a7ee6e14cc89",
        "tweetID":644180202738876417,
        "relevancy":1,
        "tweets.created_at":"2015-09-16T16:05:03.000Z",
        "tweets.full_text":"Weak U.S. inflation complicates Fed rate decision   ",
        "tweets.hashtags":"[]",
        "tweets.user_mentions":"[]",
        "tweets.urls":"['http:\/\/reut.rs\/1W2Ivey']",
        "tweets.user_name":"jennablan",
        "tweets.followers_count":67989,
        "topics.title":"The Fed's View Of Inflation: 3 Ideas That Drove Their Decision Not To Tighten"
    },
    {
        "topic":"8c014427-87f3-4686-880c-a7ee6e14cc89",
        "tweetID":644196943212605440,
        "relevancy":1,
        "tweets.created_at":"2015-09-16T17:11:34.000Z",
        "tweets.full_text":"Weak US inflation complicates Fed rate decision    ",
        "tweets.hashtags":"[]",
        "tweets.user_mentions":"[]",
        "tweets.urls":"['http:\/\/www.irishtimes.com\/business\/economy\/weak-us-inflation-complicates-fed-rate-decision-1.2354182']",
        "tweets.user_name":"IrishTimesBiz",
        "tweets.followers_count":75406,
        "topics.title":"The Fed's View Of Inflation: 3 Ideas That Drove Their Decision Not To Tighten"
    },
    {
        "topic":"8c014427-87f3-4686-880c-a7ee6e14cc89",
        "tweetID":644300884197793792,
        "relevancy":1,
        "tweets.created_at":"2015-09-17T00:04:35.000Z",
        "tweets.full_text":"What to Watch Thursday: Will the Fed Raise Interest Rates   ",
        "tweets.hashtags":"[]",
        "tweets.user_mentions":"[]",
        "tweets.urls":"['http:\/\/dlvr.it\/C9mg87']",
        "tweets.user_name":"TheStreetTV",
        "tweets.followers_count":11768,
        "topics.title":"The Fed's View Of Inflation: 3 Ideas That Drove Their Decision Not To Tighten"
    },
    {
        "topic":"8c014427-87f3-4686-880c-a7ee6e14cc89",
        "tweetID":644511145030778880,
        "relevancy":2,
        "tweets.created_at":"2015-09-17T14:00:06.000Z",
        "tweets.full_text":"Now on   Will the Fed raise interest rates today   ",
        "tweets.hashtags":"[]",
        "tweets.user_mentions":"[]",
        "tweets.urls":"['http:\/\/wsbradio.com', 'http:\/\/bit.ly\/1LjcrQi']",
        "tweets.user_name":"wsbradio",
        "tweets.followers_count":47493,
        "topics.title":"The Fed's View Of Inflation: 3 Ideas That Drove Their Decision Not To Tighten"
    },
    {
        "topic":"8c014427-87f3-4686-880c-a7ee6e14cc89",
        "tweetID":644555588580544512,
        "relevancy":2,
        "tweets.created_at":"2015-09-17T16:56:42.000Z",
        "tweets.full_text":"I think the fed is not going to raise interest rates today Jeffrey Gundlach   ",
        "tweets.hashtags":"[]",
        "tweets.user_mentions":"['CNBC']",
        "tweets.urls":"[]",
        "tweets.user_name":"SaraEisen",
        "tweets.followers_count":123035,
        "topics.title":"The Fed's View Of Inflation: 3 Ideas That Drove Their Decision Not To Tighten"
    },
    {
        "topic":"8c014427-87f3-4686-880c-a7ee6e14cc89",
        "tweetID":644572643182686208,
        "relevancy":2,
        "tweets.created_at":"2015-09-17T18:04:28.000Z",
        "tweets.full_text":"NEW: Fed leaves key interest rate unchanged, citing low inflation.   ",
        "tweets.hashtags":"[]",
        "tweets.user_mentions":"[]",
        "tweets.urls":"['http:\/\/trib.al\/ZtnS74V']",
        "tweets.user_name":"NECN",
        "tweets.followers_count":98896,
        "topics.title":"The Fed's View Of Inflation: 3 Ideas That Drove Their Decision Not To Tighten"
    },
    {
        "topic":"8c014427-87f3-4686-880c-a7ee6e14cc89",
        "tweetID":644573727926190081,
        "relevancy":2,
        "tweets.created_at":"2015-09-17T18:08:46.000Z",
        "tweets.full_text":"Fed says appropriate to raise Fed funds rate when it is reasonably confident that inflation will move back to its 2%\u2026.  ",
        "tweets.hashtags":"[]",
        "tweets.user_mentions":"[]",
        "tweets.urls":"[]",
        "tweets.user_name":"TheStreet",
        "tweets.followers_count":753638,
        "topics.title":"The Fed's View Of Inflation: 3 Ideas That Drove Their Decision Not To Tighten"
    },
    {
        "topic":"8c014427-87f3-4686-880c-a7ee6e14cc89",
        "tweetID":644573850085261313,
        "relevancy":2,
        "tweets.created_at":"2015-09-17T18:09:16.000Z",
        "tweets.full_text":"MORE: Fed leaves key interest rate unchanged, citing low inflation   ",
        "tweets.hashtags":"[]",
        "tweets.user_mentions":"[]",
        "tweets.urls":"['http:\/\/6abc.cm\/1QkJPWj']",
        "tweets.user_name":"6abc",
        "tweets.followers_count":875947,
        "topics.title":"The Fed's View Of Inflation: 3 Ideas That Drove Their Decision Not To Tighten"
    },
    {
        "topic":"8c014427-87f3-4686-880c-a7ee6e14cc89",
        "tweetID":644574548390768641,
        "relevancy":2,
        "tweets.created_at":"2015-09-17T18:12:02.000Z",
        "tweets.full_text":"Fed leaves key interest rate unchanged, citing low inflation:   ",
        "tweets.hashtags":"[]",
        "tweets.user_mentions":"[]",
        "tweets.urls":"['http:\/\/www.kansascity.com\/news\/business\/article35590479.html#storylink=twt_staff']",
        "tweets.user_name":"KCStar",
        "tweets.followers_count":292785,
        "topics.title":"The Fed's View Of Inflation: 3 Ideas That Drove Their Decision Not To Tighten"
    },
    {
        "topic":"8c014427-87f3-4686-880c-a7ee6e14cc89",
        "tweetID":644575639974969344,
        "relevancy":2,
        "tweets.created_at":"2015-09-17T18:16:22.000Z",
        "tweets.full_text":"The Fed will not raise interest rates   ",
        "tweets.hashtags":"[]",
        "tweets.user_mentions":"['TheAtlantic']",
        "tweets.urls":"['http:\/\/theatln.tc\/1LjTEED']",
        "tweets.user_name":"NathanEagle",
        "tweets.followers_count":2571,
        "topics.title":"The Fed's View Of Inflation: 3 Ideas That Drove Their Decision Not To Tighten"
    },
    {
        "topic":"8c014427-87f3-4686-880c-a7ee6e14cc89",
        "tweetID":644575685747445761,
        "relevancy":2,
        "tweets.created_at":"2015-09-17T18:16:33.000Z",
        "tweets.full_text":"Fed leaves key interest rate unchanged, citing low inflation: The Federal Reserve is keeping U.S. interest rates at\u2026   ",
        "tweets.hashtags":"[]",
        "tweets.user_mentions":"[]",
        "tweets.urls":"['http:\/\/boston.cityandpress.com\/node\/10187493']",
        "tweets.user_name":"Boston_CP",
        "tweets.followers_count":2897,
        "topics.title":"The Fed's View Of Inflation: 3 Ideas That Drove Their Decision Not To Tighten"
    },
    {
        "topic":"8c014427-87f3-4686-880c-a7ee6e14cc89",
        "tweetID":644582522794328064,
        "relevancy":2,
        "tweets.created_at":"2015-09-17T18:43:43.000Z",
        "tweets.full_text":"The Fed says it wants to see more progress on the job market and inflation before it raises interest rates.   ",
        "tweets.hashtags":"[]",
        "tweets.user_mentions":"['FoxBusiness']",
        "tweets.urls":"[]",
        "tweets.user_name":"DavidMDrucker",
        "tweets.followers_count":46147,
        "topics.title":"The Fed's View Of Inflation: 3 Ideas That Drove Their Decision Not To Tighten"
    },
    {
        "topic":"8c014427-87f3-4686-880c-a7ee6e14cc89",
        "tweetID":644582526636396544,
        "relevancy":2,
        "tweets.created_at":"2015-09-17T18:43:44.000Z",
        "tweets.full_text":"Fed leaves key interest rate unchanged, citing low inflation   ",
        "tweets.hashtags":"[]",
        "tweets.user_mentions":"[]",
        "tweets.urls":"['http:\/\/shout.lt\/bc1d4']",
        "tweets.user_name":"KCBD11",
        "tweets.followers_count":22500,
        "topics.title":"The Fed's View Of Inflation: 3 Ideas That Drove Their Decision Not To Tighten"
    },
    {
        "topic":"8c014427-87f3-4686-880c-a7ee6e14cc89",
        "tweetID":644585406789459968,
        "relevancy":1,
        "tweets.created_at":"2015-09-17T18:55:11.000Z",
        "tweets.full_text":"Yellen notes the Fed is way below its inflation target....  ",
        "tweets.hashtags":"[]",
        "tweets.user_mentions":"[]",
        "tweets.urls":"[]",
        "tweets.user_name":"davidgaffen",
        "tweets.followers_count":13108,
        "topics.title":"The Fed's View Of Inflation: 3 Ideas That Drove Their Decision Not To Tighten"
    },
    {
        "topic":"8c014427-87f3-4686-880c-a7ee6e14cc89",
        "tweetID":644591969994346496,
        "relevancy":1,
        "tweets.created_at":"2015-09-17T19:21:16.000Z",
        "tweets.full_text":"not good policy to slam on the brakes by lifting interest rates sharply if inflation accelerates.  ",
        "tweets.hashtags":"[]",
        "tweets.user_mentions":"['PDavidsonusat']",
        "tweets.urls":"[]",
        "tweets.user_name":"Leila1H",
        "tweets.followers_count":17939,
        "topics.title":"The Fed's View Of Inflation: 3 Ideas That Drove Their Decision Not To Tighten"
    },
    {
        "topic":"8c014427-87f3-4686-880c-a7ee6e14cc89",
        "tweetID":644601186641969152,
        "relevancy":2,
        "tweets.created_at":"2015-09-17T19:57:53.000Z",
        "tweets.full_text":"NOW: #Dow closing down this afternoon despite Fed decision not to raise key interest rates..  ",
        "tweets.hashtags":"['Dow']",
        "tweets.user_mentions":"[]",
        "tweets.urls":"[]",
        "tweets.user_name":"newsbell",
        "tweets.followers_count":3314,
        "topics.title":"The Fed's View Of Inflation: 3 Ideas That Drove Their Decision Not To Tighten"
    },
    {
        "topic":"8c014427-87f3-4686-880c-a7ee6e14cc89",
        "tweetID":644632561734537216,
        "relevancy":2,
        "tweets.created_at":"2015-09-17T22:02:34.000Z",
        "tweets.full_text":"Trending: Fed leaves key interest rate unchanged, citing low inflation    ",
        "tweets.hashtags":"[]",
        "tweets.user_mentions":"[]",
        "tweets.urls":"['http:\/\/bit.ly\/1KtDQOX']",
        "tweets.user_name":"WCVB",
        "tweets.followers_count":309884,
        "topics.title":"The Fed's View Of Inflation: 3 Ideas That Drove Their Decision Not To Tighten"
    },
    {
        "topic":"8c014427-87f3-4686-880c-a7ee6e14cc89",
        "tweetID":644794779658661888,
        "relevancy":1,
        "tweets.created_at":"2015-09-18T08:47:09.000Z",
        "tweets.full_text":"US Fed Chair Yellen: October remains a possibility for a rate hike    ",
        "tweets.hashtags":"[]",
        "tweets.user_mentions":"[]",
        "tweets.urls":"['http:\/\/s.nikkei.com\/1FkpGPG']",
        "tweets.user_name":"NikkeiAsia",
        "tweets.followers_count":231640,
        "topics.title":"The Fed's View Of Inflation: 3 Ideas That Drove Their Decision Not To Tighten"
    },
    {
        "topic":"8c014427-87f3-4686-880c-a7ee6e14cc89",
        "tweetID":644864824761970688,
        "relevancy":1,
        "tweets.created_at":"2015-09-18T13:25:29.000Z",
        "tweets.full_text":"Interesting note from BAML. Not thrilled by the Feds decision.   ",
        "tweets.hashtags":"[]",
        "tweets.user_mentions":"['RobinWigg']",
        "tweets.urls":"[]",
        "tweets.user_name":"DavidKeo",
        "tweets.followers_count":7944,
        "topics.title":"The Fed's View Of Inflation: 3 Ideas That Drove Their Decision Not To Tighten"
    },
    {
        "topic":"8c014427-87f3-4686-880c-a7ee6e14cc89",
        "tweetID":644962390044508160,
        "relevancy":1,
        "tweets.created_at":"2015-09-18T19:53:11.000Z",
        "tweets.full_text":"The Fed should raise its inflation target, says   via   ",
        "tweets.hashtags":"[]",
        "tweets.user_mentions":"['clive_crook', 'BV']",
        "tweets.urls":"['http:\/\/bv.ms\/1ODWNzW']",
        "tweets.user_name":"davidjshipley",
        "tweets.followers_count":8245,
        "topics.title":"The Fed's View Of Inflation: 3 Ideas That Drove Their Decision Not To Tighten"
    },
    {
        "topic":"8c014427-87f3-4686-880c-a7ee6e14cc89",
        "tweetID":645159109826711552,
        "relevancy":2,
        "tweets.created_at":"2015-09-19T08:54:52.000Z",
        "tweets.full_text":"US Fed rate decision keeps markets volatile -    ",
        "tweets.hashtags":"[]",
        "tweets.user_mentions":"[]",
        "tweets.urls":"['http:\/\/www.dailynewsegypt.com\/2015\/09\/18\/us-fed-rate-decision-keeps-markets-volatile\/']",
        "tweets.user_name":"DailyNewsEgypt",
        "tweets.followers_count":279684,
        "topics.title":"The Fed's View Of Inflation: 3 Ideas That Drove Their Decision Not To Tighten"
    },
    {
        "topic":"8c014427-87f3-4686-880c-a7ee6e14cc89",
        "tweetID":645809178699792384,
        "relevancy":2,
        "tweets.created_at":"2015-09-21T03:58:01.000Z",
        "tweets.full_text":"Wall Street doesnt know what to make of the Feds decision   ",
        "tweets.hashtags":"[]",
        "tweets.user_mentions":"[]",
        "tweets.urls":"['http:\/\/bit.ly\/1inoT61']",
        "tweets.user_name":"TheStreet",
        "tweets.followers_count":753638,
        "topics.title":"The Fed's View Of Inflation: 3 Ideas That Drove Their Decision Not To Tighten"
    },
    {
        "topic":"8c014427-87f3-4686-880c-a7ee6e14cc89",
        "tweetID":645915461029261314,
        "relevancy":1,
        "tweets.created_at":"2015-09-21T11:00:21.000Z",
        "tweets.full_text":"Why the FEDs decision not to raise interest rates may not be good news for emerging markets:   ",
        "tweets.hashtags":"[]",
        "tweets.user_mentions":"[]",
        "tweets.urls":"['http:\/\/bit.ly\/1MlEFIU']",
        "tweets.user_name":"finweek",
        "tweets.followers_count":42590,
        "topics.title":"The Fed's View Of Inflation: 3 Ideas That Drove Their Decision Not To Tighten"
    },
    {
        "topic":"8c014427-87f3-4686-880c-a7ee6e14cc89",
        "tweetID":646431544886738944,
        "relevancy":1,
        "tweets.created_at":"2015-09-22T21:11:05.000Z",
        "tweets.full_text":"Futures speculators guess right on U.S. Fed rate hold  #Finance.  ",
        "tweets.hashtags":"['Finance']",
        "tweets.user_mentions":"[]",
        "tweets.urls":"['http:\/\/dlvr.it\/CDnxps']",
        "tweets.user_name":"AsiaPacNews",
        "tweets.followers_count":7866,
        "topics.title":"The Fed's View Of Inflation: 3 Ideas That Drove Their Decision Not To Tighten"
    },
    {
        "topic":"8c014427-87f3-4686-880c-a7ee6e14cc89",
        "tweetID":648536415345602560,
        "relevancy":1,
        "tweets.created_at":"2015-09-28T16:35:05.000Z",
        "tweets.full_text":"NY Fed chief: Rate hike coming this year   ",
        "tweets.hashtags":"[]",
        "tweets.user_mentions":"[]",
        "tweets.urls":"['http:\/\/on.kcra.com\/1NXsJ1H']",
        "tweets.user_name":"kcranews",
        "tweets.followers_count":234814,
        "topics.title":"The Fed's View Of Inflation: 3 Ideas That Drove Their Decision Not To Tighten"
    },
    {
        "topic":"8c014427-87f3-4686-880c-a7ee6e14cc89",
        "tweetID":648537418090479616,
        "relevancy":1,
        "tweets.created_at":"2015-09-28T16:39:04.000Z",
        "tweets.full_text":"NY Fed chief: Rate hike coming this year   ",
        "tweets.hashtags":"[]",
        "tweets.user_mentions":"[]",
        "tweets.urls":"['http:\/\/on.wgal.com\/1h3vVfi']",
        "tweets.user_name":"WGAL",
        "tweets.followers_count":129211,
        "topics.title":"The Fed's View Of Inflation: 3 Ideas That Drove Their Decision Not To Tighten"
    },
    {
        "topic":"8c014427-87f3-4686-880c-a7ee6e14cc89",
        "tweetID":648537423782129665,
        "relevancy":1,
        "tweets.created_at":"2015-09-28T16:39:05.000Z",
        "tweets.full_text":"NY Fed chief: Rate hike coming this year   ",
        "tweets.hashtags":"[]",
        "tweets.user_mentions":"[]",
        "tweets.urls":"['http:\/\/on.wpbf.com\/1h3vVMm']",
        "tweets.user_name":"WPBF25News",
        "tweets.followers_count":122539,
        "topics.title":"The Fed's View Of Inflation: 3 Ideas That Drove Their Decision Not To Tighten"
    },
    {
        "topic":"8c014427-87f3-4686-880c-a7ee6e14cc89",
        "tweetID":648576662519439360,
        "relevancy":1,
        "tweets.created_at":"2015-09-28T19:15:00.000Z",
        "tweets.full_text":"NY Fed chief: Rate hike coming this year -   ",
        "tweets.hashtags":"[]",
        "tweets.user_mentions":"[]",
        "tweets.urls":"['http:\/\/bit.ly\/1LXXQFY?utm_medium=social&utm_source=twitter_wjxt4']",
        "tweets.user_name":"wjxt4",
        "tweets.followers_count":181023,
        "topics.title":"The Fed's View Of Inflation: 3 Ideas That Drove Their Decision Not To Tighten"
    },
    {
        "topic":"8c014427-87f3-4686-880c-a7ee6e14cc89",
        "tweetID":648622016057073664,
        "relevancy":1,
        "tweets.created_at":"2015-09-28T22:15:14.000Z",
        "tweets.full_text":"NY Fed chief: Rate hike coming this year: A rate hike is still (probably) coming this year.   ",
        "tweets.hashtags":"[]",
        "tweets.user_mentions":"[]",
        "tweets.urls":"['http:\/\/bit.ly\/1jrBPsg']",
        "tweets.user_name":"ABC57News",
        "tweets.followers_count":17379,
        "topics.title":"The Fed's View Of Inflation: 3 Ideas That Drove Their Decision Not To Tighten"
    }
]