{
    "topic":"9d543c22-80f6-4172-8491-06e1c278d6ff",
    "topics.content":"BROOKSVILLE \u2014 An unidentified person died overnight when their car, a 1994 Ford Crown Victoria, crashed into a tree near Interstate 75 and burst into flames, Florida Highway Patrol troopers\u2026    BROOKSVILLE \u2014 An unidentified person died overnight when their car, a 1994 Ford Crown Victoria, crashed into a tree near Interstate 75 and burst into flames, Florida Highway Patrol troopers reported.   The Ford was driving south on Interstate 75, south of State Road 50, just before 3 a.m. Sunday when it left the road for unknown reasons and crashed, according to an FHP r\u2026.  ",
    "topics.title":"FHP: One person dead after car crashes into tree, catches fire on Interstate 75",
    "topics.media-type":"News",
    "topics.source":"MyInforms",
    "topics.published":"2015-09-27T15:09:12.000Z",
    "topic_tweets":29,
    "tweets.created_at_initial":"2015-01-09 04:23:05",
    "tweets.created_at_final":"2015-11-09 03:20:14",
    "tweets.time_interval":303.0
}