[
    {
        "topic":"9d543c22-80f6-4172-8491-06e1c278d6ff",
        "tweetID":638567729310511105,
        "relevancy":1,
        "tweets.created_at":"2015-01-09T04:23:05.000Z",
        "tweets.full_text":"2 dead after antique Ford car crashes into tree in Temple City   ",
        "tweets.hashtags":"[]",
        "tweets.user_mentions":"[]",
        "tweets.urls":"['http:\/\/lat.ms\/1htjIkD']",
        "tweets.user_name":"LANow",
        "tweets.followers_count":519373,
        "topics.title":"FHP: One person dead after car crashes into tree, catches fire on Interstate 75"
    },
    {
        "topic":"9d543c22-80f6-4172-8491-06e1c278d6ff",
        "tweetID":638572006997409792,
        "relevancy":1,
        "tweets.created_at":"2015-01-09T04:40:05.000Z",
        "tweets.full_text":"2 dead after antique Ford car crashes into tree in Temple City   ",
        "tweets.hashtags":"[]",
        "tweets.user_mentions":"[]",
        "tweets.urls":"['http:\/\/lat.ms\/1fSXVBL']",
        "tweets.user_name":"latimes",
        "tweets.followers_count":3784350,
        "topics.title":"FHP: One person dead after car crashes into tree, catches fire on Interstate 75"
    },
    {
        "topic":"9d543c22-80f6-4172-8491-06e1c278d6ff",
        "tweetID":638810566576971779,
        "relevancy":1,
        "tweets.created_at":"2015-01-09T20:28:02.000Z",
        "tweets.full_text":"An antique car smashes into a tree, bursts into flames killing two people   ",
        "tweets.hashtags":"[]",
        "tweets.user_mentions":"[]",
        "tweets.urls":"['http:\/\/4.nbcla.com\/6tGR1uI']",
        "tweets.user_name":"NBCLA",
        "tweets.followers_count":524689,
        "topics.title":"FHP: One person dead after car crashes into tree, catches fire on Interstate 75"
    },
    {
        "topic":"9d543c22-80f6-4172-8491-06e1c278d6ff",
        "tweetID":638832373321195520,
        "relevancy":1,
        "tweets.created_at":"2015-01-09T21:54:41.000Z",
        "tweets.full_text":"A 17-year-old girl has died after the car she was driving crashed into a tree near Grafton.  #7News.  ",
        "tweets.hashtags":"['7News']",
        "tweets.user_mentions":"[]",
        "tweets.urls":"['http:\/\/yhoo.it\/1ih4mjR']",
        "tweets.user_name":"7NewsSydney",
        "tweets.followers_count":342585,
        "topics.title":"FHP: One person dead after car crashes into tree, catches fire on Interstate 75"
    },
    {
        "topic":"9d543c22-80f6-4172-8491-06e1c278d6ff",
        "tweetID":639030438611275776,
        "relevancy":1,
        "tweets.created_at":"2015-02-09T11:01:43.000Z",
        "tweets.full_text":"Highway Patrol reporting wreck with injuries at 8484 Dorchester Road near Appian Way..  ",
        "tweets.hashtags":"[]",
        "tweets.user_mentions":"[]",
        "tweets.urls":"[]",
        "tweets.user_name":"postandcourier",
        "tweets.followers_count":140612,
        "topics.title":"FHP: One person dead after car crashes into tree, catches fire on Interstate 75"
    },
    {
        "topic":"9d543c22-80f6-4172-8491-06e1c278d6ff",
        "tweetID":639211281652711424,
        "relevancy":1,
        "tweets.created_at":"2015-02-09T23:00:20.000Z",
        "tweets.full_text":"What is the Highway Patrol Group    ",
        "tweets.hashtags":"[]",
        "tweets.user_mentions":"[]",
        "tweets.urls":"['http:\/\/bit.ly\/1L6oRXp']",
        "tweets.user_name":"ABSCBNNews",
        "tweets.followers_count":7278786,
        "topics.title":"FHP: One person dead after car crashes into tree, catches fire on Interstate 75"
    },
    {
        "topic":"9d543c22-80f6-4172-8491-06e1c278d6ff",
        "tweetID":639402211727015936,
        "relevancy":1,
        "tweets.created_at":"2015-03-09T11:39:01.000Z",
        "tweets.full_text":"Driver injured after semi flips along Briley Parkway early Thursday      ",
        "tweets.hashtags":"[]",
        "tweets.user_mentions":"['Tennessean']",
        "tweets.urls":"['http:\/\/tnne.ws\/1IN2tAo']",
        "tweets.user_name":"nataliealund",
        "tweets.followers_count":11074,
        "topics.title":"FHP: One person dead after car crashes into tree, catches fire on Interstate 75"
    },
    {
        "topic":"9d543c22-80f6-4172-8491-06e1c278d6ff",
        "tweetID":640305482528198656,
        "relevancy":1,
        "tweets.created_at":"2015-05-09T23:28:17.000Z",
        "tweets.full_text":"Ohio State Highway Patrol Investigating Fatal Crash   ",
        "tweets.hashtags":"[]",
        "tweets.user_mentions":"[]",
        "tweets.urls":"['http:\/\/bit.ly\/1Omc8mA']",
        "tweets.user_name":"WSAZnews",
        "tweets.followers_count":106521,
        "topics.title":"FHP: One person dead after car crashes into tree, catches fire on Interstate 75"
    },
    {
        "topic":"9d543c22-80f6-4172-8491-06e1c278d6ff",
        "tweetID":640312024891719681,
        "relevancy":1,
        "tweets.created_at":"2015-05-09T23:54:17.000Z",
        "tweets.full_text":"A woman has died today after her car crashed into a tree near York Road, north of Helena.    ",
        "tweets.hashtags":"[]",
        "tweets.user_mentions":"[]",
        "tweets.urls":"['http:\/\/bit.ly\/1IQV7fo?utm_medium=social&utm_source=twitter_KXLH']",
        "tweets.user_name":"KXLH",
        "tweets.followers_count":6763,
        "topics.title":"FHP: One person dead after car crashes into tree, catches fire on Interstate 75"
    },
    {
        "topic":"9d543c22-80f6-4172-8491-06e1c278d6ff",
        "tweetID":640991947033739264,
        "relevancy":1,
        "tweets.created_at":"2015-07-09T20:56:03.000Z",
        "tweets.full_text":"Highway Patrol identifies driver in fatal Cavalier County crash   ",
        "tweets.hashtags":"[]",
        "tweets.user_mentions":"[]",
        "tweets.urls":"['http:\/\/www.grandforksherald.com\/news\/region\/3833771-highway-patrol-identifies-driver-fatal-cavalier-county-crash']",
        "tweets.user_name":"gfherald",
        "tweets.followers_count":22184,
        "topics.title":"FHP: One person dead after car crashes into tree, catches fire on Interstate 75"
    },
    {
        "topic":"9d543c22-80f6-4172-8491-06e1c278d6ff",
        "tweetID":641410838117552128,
        "relevancy":1,
        "tweets.created_at":"2015-09-09T00:40:35.000Z",
        "tweets.full_text":"Florida Highway Patrol investigate deadly crash    ",
        "tweets.hashtags":"[]",
        "tweets.user_mentions":"[]",
        "tweets.urls":"['http:\/\/on.wesh.com\/1hViVZQ']",
        "tweets.user_name":"WESH",
        "tweets.followers_count":217888,
        "topics.title":"FHP: One person dead after car crashes into tree, catches fire on Interstate 75"
    },
    {
        "topic":"9d543c22-80f6-4172-8491-06e1c278d6ff",
        "tweetID":641416271842553856,
        "relevancy":1,
        "tweets.created_at":"2015-09-09T01:02:10.000Z",
        "tweets.full_text":"Video: Florida Highway Patrol investigating deadly crash    ",
        "tweets.hashtags":"[]",
        "tweets.user_mentions":"[]",
        "tweets.urls":"['http:\/\/on.wesh.com\/1hVlwCX']",
        "tweets.user_name":"WESH",
        "tweets.followers_count":217888,
        "topics.title":"FHP: One person dead after car crashes into tree, catches fire on Interstate 75"
    },
    {
        "topic":"9d543c22-80f6-4172-8491-06e1c278d6ff",
        "tweetID":642033631842697216,
        "relevancy":1,
        "tweets.created_at":"2015-10-09T17:55:20.000Z",
        "tweets.full_text":"A mans died after his Ford Focus crashed into a tree on the A759 in Ayrshire at around 12:30..  ",
        "tweets.hashtags":"[]",
        "tweets.user_mentions":"[]",
        "tweets.urls":"[]",
        "tweets.user_name":"RadioClydeNews",
        "tweets.followers_count":113665,
        "topics.title":"FHP: One person dead after car crashes into tree, catches fire on Interstate 75"
    },
    {
        "topic":"9d543c22-80f6-4172-8491-06e1c278d6ff",
        "tweetID":642042408872607745,
        "relevancy":1,
        "tweets.created_at":"2015-10-09T18:30:13.000Z",
        "tweets.full_text":"A man has died after a Ford Focus car crashed into a tree on the A759 near Dundonald in Ayrshire   ",
        "tweets.hashtags":"[]",
        "tweets.user_mentions":"[]",
        "tweets.urls":"['http:\/\/bbc.in\/1O41lR3']",
        "tweets.user_name":"BBCScotlandNews",
        "tweets.followers_count":517089,
        "topics.title":"FHP: One person dead after car crashes into tree, catches fire on Interstate 75"
    },
    {
        "topic":"9d543c22-80f6-4172-8491-06e1c278d6ff",
        "tweetID":642175792147902464,
        "relevancy":1,
        "tweets.created_at":"2015-11-09T03:20:14.000Z",
        "tweets.full_text":"One dead after fiery crash on Highway 404 in Markham: One person is dead after a car crashed into a light pole on\u2026   ",
        "tweets.hashtags":"[]",
        "tweets.user_mentions":"[]",
        "tweets.urls":"['http:\/\/toronto.cityandpress.com\/node\/10156771']",
        "tweets.user_name":"Toronto_CP",
        "tweets.followers_count":4591,
        "topics.title":"FHP: One person dead after car crashes into tree, catches fire on Interstate 75"
    },
    {
        "topic":"9d543c22-80f6-4172-8491-06e1c278d6ff",
        "tweetID":643839277374111744,
        "relevancy":1,
        "tweets.created_at":"2015-09-15T17:30:20.000Z",
        "tweets.full_text":"One person dead after car crashes head-on into a tour bus in Prince Georges County:   ",
        "tweets.hashtags":"[]",
        "tweets.user_mentions":"[]",
        "tweets.urls":"['http:\/\/cbsloc.al\/1idZhsb']",
        "tweets.user_name":"wjz",
        "tweets.followers_count":257012,
        "topics.title":"FHP: One person dead after car crashes into tree, catches fire on Interstate 75"
    },
    {
        "topic":"9d543c22-80f6-4172-8491-06e1c278d6ff",
        "tweetID":643885440685092864,
        "relevancy":1,
        "tweets.created_at":"2015-09-15T20:33:46.000Z",
        "tweets.full_text":"Crash blocking U.S. 95, Interstate 15 ramp    ",
        "tweets.hashtags":"[]",
        "tweets.user_mentions":"[]",
        "tweets.urls":"['http:\/\/bit.ly\/1iNar7V']",
        "tweets.user_name":"LasVegasSun",
        "tweets.followers_count":242669,
        "topics.title":"FHP: One person dead after car crashes into tree, catches fire on Interstate 75"
    },
    {
        "topic":"9d543c22-80f6-4172-8491-06e1c278d6ff",
        "tweetID":645452840459071493,
        "relevancy":1,
        "tweets.created_at":"2015-09-20T04:22:03.000Z",
        "tweets.full_text":"A man had a lucky escape when his car slammed into a tree and burst into flames at Woodcroft.    ",
        "tweets.hashtags":"[]",
        "tweets.user_mentions":"['MarkMooney7', '7NewsAdelaide']",
        "tweets.urls":"[]",
        "tweets.user_name":"7NewsAdelaide",
        "tweets.followers_count":87445,
        "topics.title":"FHP: One person dead after car crashes into tree, catches fire on Interstate 75"
    },
    {
        "topic":"9d543c22-80f6-4172-8491-06e1c278d6ff",
        "tweetID":645885937893949440,
        "relevancy":1,
        "tweets.created_at":"2015-09-21T09:03:02.000Z",
        "tweets.full_text":"One Person Dead After Crashing Into Tree |   #News19 #SCNews #SCTweets.  ",
        "tweets.hashtags":"['News19', 'SCNews', 'SCTweets']",
        "tweets.user_mentions":"[]",
        "tweets.urls":"['http:\/\/on.wltx.com\/1JkbfpR']",
        "tweets.user_name":"WLTX",
        "tweets.followers_count":120369,
        "topics.title":"FHP: One person dead after car crashes into tree, catches fire on Interstate 75"
    },
    {
        "topic":"9d543c22-80f6-4172-8491-06e1c278d6ff",
        "tweetID":645960904983605248,
        "relevancy":1,
        "tweets.created_at":"2015-09-21T14:00:55.000Z",
        "tweets.full_text":"UPDATE: One person dead after car strikes tree on I-26 near Ridgeville exit    ",
        "tweets.hashtags":"[]",
        "tweets.user_mentions":"[]",
        "tweets.urls":"['http:\/\/shout.lt\/bdczl']",
        "tweets.user_name":"Live5News",
        "tweets.followers_count":118815,
        "topics.title":"FHP: One person dead after car crashes into tree, catches fire on Interstate 75"
    },
    {
        "topic":"9d543c22-80f6-4172-8491-06e1c278d6ff",
        "tweetID":645964403989331968,
        "relevancy":1,
        "tweets.created_at":"2015-09-21T14:14:50.000Z",
        "tweets.full_text":"One person dead after car strikes tree on I-26 near Ridgeville exit    ",
        "tweets.hashtags":"[]",
        "tweets.user_mentions":"['Live5News']",
        "tweets.urls":"['http:\/\/shout.lt\/bdczl']",
        "tweets.user_name":"HarveJacobs",
        "tweets.followers_count":8911,
        "topics.title":"FHP: One person dead after car crashes into tree, catches fire on Interstate 75"
    },
    {
        "topic":"9d543c22-80f6-4172-8491-06e1c278d6ff",
        "tweetID":646036664872235009,
        "relevancy":1,
        "tweets.created_at":"2015-09-21T19:01:58.000Z",
        "tweets.full_text":"Two die after car crashes into tree -   ",
        "tweets.hashtags":"[]",
        "tweets.user_mentions":"[]",
        "tweets.urls":"['http:\/\/jamaica-gleaner.com\/node\/570307']",
        "tweets.user_name":"JamaicaGleaner",
        "tweets.followers_count":296289,
        "topics.title":"FHP: One person dead after car crashes into tree, catches fire on Interstate 75"
    },
    {
        "topic":"9d543c22-80f6-4172-8491-06e1c278d6ff",
        "tweetID":646080510419070976,
        "relevancy":1,
        "tweets.created_at":"2015-09-21T21:56:11.000Z",
        "tweets.full_text":"Bryan Diary Road remains closed in both directions from Seminole Blvd. to 109th Ave. in Largo, according to Florida Highway Patrol..  ",
        "tweets.hashtags":"[]",
        "tweets.user_mentions":"[]",
        "tweets.urls":"[]",
        "tweets.user_name":"WFLA",
        "tweets.followers_count":160867,
        "topics.title":"FHP: One person dead after car crashes into tree, catches fire on Interstate 75"
    },
    {
        "topic":"9d543c22-80f6-4172-8491-06e1c278d6ff",
        "tweetID":647531290997182464,
        "relevancy":1,
        "tweets.created_at":"2015-09-25T22:01:04.000Z",
        "tweets.full_text":"Traffic Alert: Car Crash at Windy Ridge Road and Interstate North Parkway blocking some of Windy Ridge. #Atlanta #georgia.  ",
        "tweets.hashtags":"['Atlanta', 'georgia']",
        "tweets.user_mentions":"[]",
        "tweets.urls":"[]",
        "tweets.user_name":"JamesSinko",
        "tweets.followers_count":3921,
        "topics.title":"FHP: One person dead after car crashes into tree, catches fire on Interstate 75"
    },
    {
        "topic":"9d543c22-80f6-4172-8491-06e1c278d6ff",
        "tweetID":647811741720555520,
        "relevancy":1,
        "tweets.created_at":"2015-09-26T16:35:29.000Z",
        "tweets.full_text":"Car crashes into Ventura building, catches fire. No reported injuries (via    ",
        "tweets.hashtags":"[]",
        "tweets.user_mentions":"['VenturaCityFD']",
        "tweets.urls":"[]",
        "tweets.user_name":"ABC7JulieSone",
        "tweets.followers_count":8034,
        "topics.title":"FHP: One person dead after car crashes into tree, catches fire on Interstate 75"
    },
    {
        "topic":"9d543c22-80f6-4172-8491-06e1c278d6ff",
        "tweetID":648054392785084416,
        "relevancy":1,
        "tweets.created_at":"2015-09-27T08:39:42.000Z",
        "tweets.full_text":"Two people have suffered serious injuries after their ute slammed into a tree near Gawler overnight. #9News   ",
        "tweets.hashtags":"['9News']",
        "tweets.user_mentions":"[]",
        "tweets.urls":"[]",
        "tweets.user_name":"9NewsAdel",
        "tweets.followers_count":83251,
        "topics.title":"FHP: One person dead after car crashes into tree, catches fire on Interstate 75"
    },
    {
        "topic":"9d543c22-80f6-4172-8491-06e1c278d6ff",
        "tweetID":648092981610700800,
        "relevancy":1,
        "tweets.created_at":"2015-09-27T11:13:02.000Z",
        "tweets.full_text":"A man has died after his car crashed into a tree and caught fire at Kingsholme in southeast Queensland.  STORY:   ",
        "tweets.hashtags":"[]",
        "tweets.user_mentions":"[]",
        "tweets.urls":"['http:\/\/yhoo.it\/1ViymIg']",
        "tweets.user_name":"7NewsMelbourne",
        "tweets.followers_count":149389,
        "topics.title":"FHP: One person dead after car crashes into tree, catches fire on Interstate 75"
    },
    {
        "topic":"9d543c22-80f6-4172-8491-06e1c278d6ff",
        "tweetID":648158607561768960,
        "relevancy":2,
        "tweets.created_at":"2015-09-27T15:33:48.000Z",
        "tweets.full_text":"FHP: One person dead after car crashes into tree, catches fire on Interstate 75   ",
        "tweets.hashtags":"[]",
        "tweets.user_mentions":"[]",
        "tweets.urls":"['http:\/\/tbtim.es\/p3c']",
        "tweets.user_name":"TB_Times",
        "tweets.followers_count":288783,
        "topics.title":"FHP: One person dead after car crashes into tree, catches fire on Interstate 75"
    },
    {
        "topic":"9d543c22-80f6-4172-8491-06e1c278d6ff",
        "tweetID":648969248727928832,
        "relevancy":1,
        "tweets.created_at":"2015-09-29T21:15:00.000Z",
        "tweets.full_text":"4 tractor-trailers involved in interstate crash:   ",
        "tweets.hashtags":"[]",
        "tweets.user_mentions":"[]",
        "tweets.urls":"['http:\/\/bit.ly\/1h8jYVs']",
        "tweets.user_name":"PhillyInquirer",
        "tweets.followers_count":418868,
        "topics.title":"FHP: One person dead after car crashes into tree, catches fire on Interstate 75"
    }
]