{
    "topic":"4433ef79-ce00-4ef3-b93d-f5d38901007d",
    "topics.content":"In order to see the content of this page, you will need to enable your cookies by following these steps:   iPhone   \u2022  Open Settings   \u2022  Touch on Safari   \u2022  Touch on Accept Cookies   \u2022  Select Always   Android   \u2022  Press the MENU button   \u2022  Tap on More   \u2022  Tap on Settings   \u2022  Check the Accept cookies\u201d option   Windows Phone   \u2022  Open Settings   \u2022  Check the allow cookies on my phone\u201d option   \u2022  Press back button to continue browsing.  ",
    "topics.title":"Farah first issue for new chief",
    "topics.media-type":"News",
    "topics.source":"The Australian",
    "topics.published":"2015-09-21T14:08:59.000Z",
    "topic_tweets":22,
    "tweets.created_at_initial":"2015-04-09 06:37:13",
    "tweets.created_at_final":"2015-12-09 08:39:54",
    "tweets.time_interval":244.0
}