[
    {
        "topic":"4433ef79-ce00-4ef3-b93d-f5d38901007d",
        "tweetID":639688650574336000,
        "relevancy":1,
        "tweets.created_at":"2015-04-09T06:37:13.000Z",
        "tweets.full_text":" Hmm okay. Can you check your network settings and see what your NAT setting is set to ^JZ.  ",
        "tweets.hashtags":"[]",
        "tweets.user_mentions":"['Lukiee_']",
        "tweets.urls":"[]",
        "tweets.user_name":"XboxSupport",
        "tweets.followers_count":1636628,
        "topics.title":"Farah first issue for new chief"
    },
    {
        "topic":"4433ef79-ce00-4ef3-b93d-f5d38901007d",
        "tweetID":640024727201939456,
        "relevancy":1,
        "tweets.created_at":"2015-05-09T04:52:40.000Z",
        "tweets.full_text":"  Hello Calid! B! Please over the icon of the game, press Option button&gt; Select check for update..  ",
        "tweets.hashtags":"[]",
        "tweets.user_mentions":"['calidb']",
        "tweets.urls":"[]",
        "tweets.user_name":"AskPlayStation",
        "tweets.followers_count":1630554,
        "topics.title":"Farah first issue for new chief"
    },
    {
        "topic":"4433ef79-ce00-4ef3-b93d-f5d38901007d",
        "tweetID":640652601671946240,
        "relevancy":2,
        "tweets.created_at":"2015-06-09T22:27:37.000Z",
        "tweets.full_text":"  the cache and cookies on your web browser ^SB.  ",
        "tweets.hashtags":"[]",
        "tweets.user_mentions":"['Prohibition1976']",
        "tweets.urls":"[]",
        "tweets.user_name":"ATVIAssist",
        "tweets.followers_count":1131838,
        "topics.title":"Farah first issue for new chief"
    },
    {
        "topic":"4433ef79-ce00-4ef3-b93d-f5d38901007d",
        "tweetID":641051555412639744,
        "relevancy":1,
        "tweets.created_at":"2015-08-09T00:52:55.000Z",
        "tweets.full_text":" Yep! Check power settings to enable instant on:  Then tap the power button to shutdown. ^CW.  ",
        "tweets.hashtags":"[]",
        "tweets.user_mentions":"[]",
        "tweets.urls":"['http:\/\/xbx.lv\/1fE0uWi']",
        "tweets.user_name":"XboxSupport",
        "tweets.followers_count":1636628,
        "topics.title":"Farah first issue for new chief"
    },
    {
        "topic":"4433ef79-ce00-4ef3-b93d-f5d38901007d",
        "tweetID":641148889203101700,
        "relevancy":1,
        "tweets.created_at":"2015-08-09T07:19:41.000Z",
        "tweets.full_text":" Hi,for gprs you can use the option of disabling mobile data from your phone,for mms you can disable mms settings on your phone...  ",
        "tweets.hashtags":"[]",
        "tweets.user_mentions":"['Snr_Genius']",
        "tweets.urls":"[]",
        "tweets.user_name":"SafaricomPLC",
        "tweets.followers_count":1537401,
        "topics.title":"Farah first issue for new chief"
    },
    {
        "topic":"4433ef79-ce00-4ef3-b93d-f5d38901007d",
        "tweetID":641666007119978496,
        "relevancy":2,
        "tweets.created_at":"2015-09-09T17:34:32.000Z",
        "tweets.full_text":"Setting up a perimeter #roc.  ",
        "tweets.hashtags":"['roc']",
        "tweets.user_mentions":"[]",
        "tweets.urls":"[]",
        "tweets.user_name":"mcfw",
        "tweets.followers_count":42379,
        "topics.title":"Farah first issue for new chief"
    },
    {
        "topic":"4433ef79-ce00-4ef3-b93d-f5d38901007d",
        "tweetID":641980552673804289,
        "relevancy":1,
        "tweets.created_at":"2015-10-09T14:24:25.000Z",
        "tweets.full_text":"  Does 3D Touch have your dream Control Center tap to jump to WiFi Settings!.  ",
        "tweets.hashtags":"[]",
        "tweets.user_mentions":"['JoannaStern', 'gruber']",
        "tweets.urls":"[]",
        "tweets.user_name":"rjonesy",
        "tweets.followers_count":9480,
        "topics.title":"Farah first issue for new chief"
    },
    {
        "topic":"4433ef79-ce00-4ef3-b93d-f5d38901007d",
        "tweetID":642349881902931968,
        "relevancy":1,
        "tweets.created_at":"2015-11-09T14:52:00.000Z",
        "tweets.full_text":" Oh no, Oscar! Open Camera and tap Menu&gt;Settings&gt;General Settings&gt; Reset to Default, and then go to the phone Settings&gt;Apps&gt;.  ",
        "tweets.hashtags":"[]",
        "tweets.user_mentions":"['germany_oscar']",
        "tweets.urls":"[]",
        "tweets.user_name":"htc",
        "tweets.followers_count":2450300,
        "topics.title":"Farah first issue for new chief"
    },
    {
        "topic":"4433ef79-ce00-4ef3-b93d-f5d38901007d",
        "tweetID":642618624537178112,
        "relevancy":1,
        "tweets.created_at":"2015-12-09T08:39:54.000Z",
        "tweets.full_text":"Setting alarm for  buildup..  ",
        "tweets.hashtags":"[]",
        "tweets.user_mentions":"['FloydMayweather']",
        "tweets.urls":"[]",
        "tweets.user_name":"Hella_N",
        "tweets.followers_count":6119,
        "topics.title":"Farah first issue for new chief"
    },
    {
        "topic":"4433ef79-ce00-4ef3-b93d-f5d38901007d",
        "tweetID":643227214608244736,
        "relevancy":1,
        "tweets.created_at":"2015-09-14T00:58:13.000Z",
        "tweets.full_text":" Tap the hamburger in upper right, scroll to Switch Teams or go to Settings &gt; Teams. Both screens have add a team option..  ",
        "tweets.hashtags":"[]",
        "tweets.user_mentions":"['margarita']",
        "tweets.urls":"[]",
        "tweets.user_name":"chartier",
        "tweets.followers_count":9739,
        "topics.title":"Farah first issue for new chief"
    },
    {
        "topic":"4433ef79-ce00-4ef3-b93d-f5d38901007d",
        "tweetID":643481331930783745,
        "relevancy":1,
        "tweets.created_at":"2015-09-14T17:47:59.000Z",
        "tweets.full_text":" Thanks for sharing this info! Do your console setting match the recommended settings on   ^EZ.  ",
        "tweets.hashtags":"[]",
        "tweets.user_mentions":"[]",
        "tweets.urls":"['http:\/\/xbx.lv\/1AdKJO0']",
        "tweets.user_name":"XboxSupport",
        "tweets.followers_count":1636628,
        "topics.title":"Farah first issue for new chief"
    },
    {
        "topic":"4433ef79-ce00-4ef3-b93d-f5d38901007d",
        "tweetID":643506348081160192,
        "relevancy":1,
        "tweets.created_at":"2015-09-14T19:27:23.000Z",
        "tweets.full_text":" Hi, to enable the service from the Home screen,  -go to Settings.  -Tap the More tab.  -Tap Application Manager.....  ",
        "tweets.hashtags":"[]",
        "tweets.user_mentions":"['MwalimuOwenga']",
        "tweets.urls":"[]",
        "tweets.user_name":"SafaricomPLC",
        "tweets.followers_count":1537401,
        "topics.title":"Farah first issue for new chief"
    },
    {
        "topic":"4433ef79-ce00-4ef3-b93d-f5d38901007d",
        "tweetID":645944099766411268,
        "relevancy":1,
        "tweets.created_at":"2015-09-21T12:54:09.000Z",
        "tweets.full_text":" Glad to help. On Safe Mode, select option 4 Restore Default Settings:   ",
        "tweets.hashtags":"[]",
        "tweets.user_mentions":"['Johnnie92378639']",
        "tweets.urls":"['http:\/\/bit.ly\/1TRvPtf']",
        "tweets.user_name":"AskPlayStation",
        "tweets.followers_count":1630554,
        "topics.title":"Farah first issue for new chief"
    },
    {
        "topic":"4433ef79-ce00-4ef3-b93d-f5d38901007d",
        "tweetID":645945540149149696,
        "relevancy":1,
        "tweets.created_at":"2015-09-21T12:59:52.000Z",
        "tweets.full_text":" Hello Mathias. On Safe Mode, select option 2 Restore Default Settings:   ",
        "tweets.hashtags":"[]",
        "tweets.user_mentions":"[]",
        "tweets.urls":"['http:\/\/bit.ly\/1Lj7l7I']",
        "tweets.user_name":"AskPlayStation",
        "tweets.followers_count":1630554,
        "topics.title":"Farah first issue for new chief"
    },
    {
        "topic":"4433ef79-ce00-4ef3-b93d-f5d38901007d",
        "tweetID":645954456627113984,
        "relevancy":1,
        "tweets.created_at":"2015-09-21T13:35:18.000Z",
        "tweets.full_text":" Glad to help. On Safe Mode, select option 2 Restore Default Settings:   ",
        "tweets.hashtags":"[]",
        "tweets.user_mentions":"['lBo3of']",
        "tweets.urls":"['http:\/\/bit.ly\/1Lj7l7I']",
        "tweets.user_name":"AskPlayStation",
        "tweets.followers_count":1630554,
        "topics.title":"Farah first issue for new chief"
    },
    {
        "topic":"4433ef79-ce00-4ef3-b93d-f5d38901007d",
        "tweetID":646045059410972672,
        "relevancy":1,
        "tweets.created_at":"2015-09-21T19:35:19.000Z",
        "tweets.full_text":" Kindly set Safaricom APN \/settings as default on your device, then restart your phone to resolve this issue ^MW.  ",
        "tweets.hashtags":"[]",
        "tweets.user_mentions":"['emutevia']",
        "tweets.urls":"[]",
        "tweets.user_name":"SafaricomPLC",
        "tweets.followers_count":1537401,
        "topics.title":"Farah first issue for new chief"
    },
    {
        "topic":"4433ef79-ce00-4ef3-b93d-f5d38901007d",
        "tweetID":646052847306477569,
        "relevancy":1,
        "tweets.created_at":"2015-09-21T20:06:16.000Z",
        "tweets.full_text":" I see, with the Internet Explore app, if you press the View button, see option to check the Recent tab for history ^RZ.  ",
        "tweets.hashtags":"[]",
        "tweets.user_mentions":"[]",
        "tweets.urls":"[]",
        "tweets.user_name":"XboxSupport",
        "tweets.followers_count":1636628,
        "topics.title":"Farah first issue for new chief"
    },
    {
        "topic":"4433ef79-ce00-4ef3-b93d-f5d38901007d",
        "tweetID":646056280151429120,
        "relevancy":2,
        "tweets.created_at":"2015-09-21T20:19:54.000Z",
        "tweets.full_text":" Try clearing the cache\/cookies..  ",
        "tweets.hashtags":"[]",
        "tweets.user_mentions":"['jamie_sampson']",
        "tweets.urls":"[]",
        "tweets.user_name":"JetBlue",
        "tweets.followers_count":1935017,
        "topics.title":"Farah first issue for new chief"
    },
    {
        "topic":"4433ef79-ce00-4ef3-b93d-f5d38901007d",
        "tweetID":646068084386758656,
        "relevancy":1,
        "tweets.created_at":"2015-09-21T21:06:49.000Z",
        "tweets.full_text":" Glad to help. On Safe Mode, select option 4 Restore Default Settings:   ",
        "tweets.hashtags":"[]",
        "tweets.user_mentions":"[]",
        "tweets.urls":"['http:\/\/bit.ly\/1TRvPtf']",
        "tweets.user_name":"AskPlayStation",
        "tweets.followers_count":1630554,
        "topics.title":"Farah first issue for new chief"
    },
    {
        "topic":"4433ef79-ce00-4ef3-b93d-f5d38901007d",
        "tweetID":647452136704335873,
        "relevancy":1,
        "tweets.created_at":"2015-09-25T16:46:33.000Z",
        "tweets.full_text":" Its in additional settings!   ",
        "tweets.hashtags":"[]",
        "tweets.user_mentions":"['gabebw']",
        "tweets.urls":"[]",
        "tweets.user_name":"trello",
        "tweets.followers_count":188182,
        "topics.title":"Farah first issue for new chief"
    },
    {
        "topic":"4433ef79-ce00-4ef3-b93d-f5d38901007d",
        "tweetID":647714560690929664,
        "relevancy":1,
        "tweets.created_at":"2015-09-26T10:09:19.000Z",
        "tweets.full_text":" you can dim the light in the  option screen. Hold the PS button longer..  ",
        "tweets.hashtags":"[]",
        "tweets.user_mentions":"['_Mdk7_']",
        "tweets.urls":"[]",
        "tweets.user_name":"yosp",
        "tweets.followers_count":354398,
        "topics.title":"Farah first issue for new chief"
    },
    {
        "topic":"4433ef79-ce00-4ef3-b93d-f5d38901007d",
        "tweetID":649116021874278400,
        "relevancy":1,
        "tweets.created_at":"2015-09-30T06:58:14.000Z",
        "tweets.full_text":" ...(Your Network)&gt; Configure Network&gt; Additional Settings&gt; Advanced Settings. Hopefully that helps! ^AD.  ",
        "tweets.hashtags":"[]",
        "tweets.user_mentions":"['Jay_R_Dot']",
        "tweets.urls":"[]",
        "tweets.user_name":"XboxSupport",
        "tweets.followers_count":1636628,
        "topics.title":"Farah first issue for new chief"
    }
]