[
    {
        "topic":"7d81a98b-8483-4b4c-8c74-55d586f7d863",
        "tweetID":640836127801241604,
        "relevancy":1,
        "tweets.created_at":"2015-07-09T10:36:53.000Z",
        "tweets.full_text":"A new transgenic plant to produce biofuel: Triacylglycerols from plants can be used to produce environmentally...   ",
        "tweets.hashtags":"[]",
        "tweets.user_mentions":"[]",
        "tweets.urls":"['http:\/\/bit.ly\/1XAYq5y']",
        "tweets.user_name":"copyfxtrader",
        "tweets.followers_count":12048,
        "topics.title":"Can enantiomer ligands produce structurally distinct homochiral MOF?"
    },
    {
        "topic":"7d81a98b-8483-4b4c-8c74-55d586f7d863",
        "tweetID":644007204828368897,
        "relevancy":1,
        "tweets.created_at":"2015-09-16T04:37:37.000Z",
        "tweets.full_text":"Researchers in Wales synthesize methanol from crude glycerin: Researchers from Cardiff Catalysis Institute in ...   ",
        "tweets.hashtags":"[]",
        "tweets.user_mentions":"[]",
        "tweets.urls":"['http:\/\/bit.ly\/1QEQkEf']",
        "tweets.user_name":"copyfxtrader",
        "tweets.followers_count":12048,
        "topics.title":"Can enantiomer ligands produce structurally distinct homochiral MOF?"
    }
]