[
    {
        "topic":"07e1a288-d7e5-4565-8936-9ca9d246c423",
        "tweetID":640940100872892416,
        "relevancy":1,
        "tweets.created_at":"2015-07-09T17:30:02.000Z",
        "tweets.full_text":"TRENDING: Top news stories of the hour at the Grand Forks Herald   ",
        "tweets.hashtags":"[]",
        "tweets.user_mentions":"[]",
        "tweets.urls":"['http:\/\/bit.ly\/gfhtrending']",
        "tweets.user_name":"gfherald",
        "tweets.followers_count":22184,
        "topics.title":"Around Town: Men's Wearhouse coming to Columbia Mall [Grand Forks Herald]"
    },
    {
        "topic":"07e1a288-d7e5-4565-8936-9ca9d246c423",
        "tweetID":641649818255892484,
        "relevancy":2,
        "tweets.created_at":"2015-09-09T16:30:12.000Z",
        "tweets.full_text":"All the retailers. US stock movers: Barnes &amp; Noble, Quiksilver, Conns, Mens Wearhouse   ",
        "tweets.hashtags":"[]",
        "tweets.user_mentions":"[]",
        "tweets.urls":"['http:\/\/on.ft.com\/1ix6DHJ']",
        "tweets.user_name":"mamtabadkar",
        "tweets.followers_count":8962,
        "topics.title":"Around Town: Men's Wearhouse coming to Columbia Mall [Grand Forks Herald]"
    },
    {
        "topic":"07e1a288-d7e5-4565-8936-9ca9d246c423",
        "tweetID":643974857609248768,
        "relevancy":1,
        "tweets.created_at":"2015-09-16T02:29:05.000Z",
        "tweets.full_text":"Will this new venture bring ousted Mens Wearhouse founder George Zimmer sweet revenge    ",
        "tweets.hashtags":"[]",
        "tweets.user_mentions":"[]",
        "tweets.urls":"['http:\/\/cnnmon.ie\/1Ma5BeH']",
        "tweets.user_name":"CNNBusiness",
        "tweets.followers_count":1845592,
        "topics.title":"Around Town: Men's Wearhouse coming to Columbia Mall [Grand Forks Herald]"
    },
    {
        "topic":"07e1a288-d7e5-4565-8936-9ca9d246c423",
        "tweetID":644087183641546752,
        "relevancy":2,
        "tweets.created_at":"2015-09-16T09:55:25.000Z",
        "tweets.full_text":"The new business from Men\u2019s Wearhouse founder George Zimmer that wants to change how you rent tuxedos   ",
        "tweets.hashtags":"[]",
        "tweets.user_mentions":"[]",
        "tweets.urls":"['http:\/\/wapo.st\/1QEualt']",
        "tweets.user_name":"washingtonpost",
        "tweets.followers_count":17443243,
        "topics.title":"Around Town: Men's Wearhouse coming to Columbia Mall [Grand Forks Herald]"
    },
    {
        "topic":"07e1a288-d7e5-4565-8936-9ca9d246c423",
        "tweetID":644945349140811776,
        "relevancy":1,
        "tweets.created_at":"2015-09-18T18:45:28.000Z",
        "tweets.full_text":"Turns out the guy I thought was Tommy Chong is just the CEO of Mens Wearhouse..  ",
        "tweets.hashtags":"[]",
        "tweets.user_mentions":"[]",
        "tweets.urls":"[]",
        "tweets.user_name":"Passionweiss",
        "tweets.followers_count":48246,
        "topics.title":"Around Town: Men's Wearhouse coming to Columbia Mall [Grand Forks Herald]"
    },
    {
        "topic":"07e1a288-d7e5-4565-8936-9ca9d246c423",
        "tweetID":646658249031335936,
        "relevancy":1,
        "tweets.created_at":"2015-09-23T12:11:55.000Z",
        "tweets.full_text":"So  continues his roll of entertaining interviews with his chat with the Mens Wearhouse founder    ",
        "tweets.hashtags":"[]",
        "tweets.user_mentions":"['benfoxrubin', 'CNET']",
        "tweets.urls":"['http:\/\/cnet.co\/1KuFEG7']",
        "tweets.user_name":"RogerWCheng",
        "tweets.followers_count":22318,
        "topics.title":"Around Town: Men's Wearhouse coming to Columbia Mall [Grand Forks Herald]"
    },
    {
        "topic":"07e1a288-d7e5-4565-8936-9ca9d246c423",
        "tweetID":646663414539001856,
        "relevancy":2,
        "tweets.created_at":"2015-09-23T12:32:27.000Z",
        "tweets.full_text":"Mens Wearhouse founder looks to marry tech and tuxes    ",
        "tweets.hashtags":"[]",
        "tweets.user_mentions":"['CNET']",
        "tweets.urls":"['http:\/\/cnet.co\/1Qy3guY']",
        "tweets.user_name":"CNETNews",
        "tweets.followers_count":668558,
        "topics.title":"Around Town: Men's Wearhouse coming to Columbia Mall [Grand Forks Herald]"
    },
    {
        "topic":"07e1a288-d7e5-4565-8936-9ca9d246c423",
        "tweetID":647067135135612930,
        "relevancy":1,
        "tweets.created_at":"2015-09-24T15:16:41.000Z",
        "tweets.full_text":"The first commercial featured on CNN after the Pope leaves: Mens Wearhouse. #PopeInDC.  ",
        "tweets.hashtags":"['PopeInDC']",
        "tweets.user_mentions":"[]",
        "tweets.urls":"[]",
        "tweets.user_name":"connorobrienNH",
        "tweets.followers_count":14143,
        "topics.title":"Around Town: Men's Wearhouse coming to Columbia Mall [Grand Forks Herald]"
    },
    {
        "topic":"07e1a288-d7e5-4565-8936-9ca9d246c423",
        "tweetID":648626395753484288,
        "relevancy":1,
        "tweets.created_at":"2015-09-28T22:32:38.000Z",
        "tweets.full_text":"Authorities searching for robbery suspect in Grand Forks: GRAND FORKS, N.D. (AP) - Police in Grand Forks are s...   ",
        "tweets.hashtags":"[]",
        "tweets.user_mentions":"[]",
        "tweets.urls":"['http:\/\/bit.ly\/1jrFcPV']",
        "tweets.user_name":"790KFGO",
        "tweets.followers_count":10296,
        "topics.title":"Around Town: Men's Wearhouse coming to Columbia Mall [Grand Forks Herald]"
    }
]