{
    "topic":"4e74bbed-b449-48a8-a71c-f70499105289",
    "topics.content":"A video has been released showing the moment a man in China used a broom to save a toddler left precariously dangling from a window.  Wang Baoping or Shandong province, told China Central Television that he heard the young girl screaming for help whilst walking in the street below and noticed that she was hanging from a fourth-floor apartment window.  Mr Wang entered the building and whilst leaning out of a nearby window used a mop to support the toddler and make sure she did not fall to her death. He then had to hold the mop out for the girl for almost 20 minutes before the childs parents were able to pull her back inside the building.  The girl is reported to have become stuck in the metal bars surrounding her apartment window. She is said to have suffered no injuries from the incident. One resident told China Central Television, I think his brave and courageous actions are worthy of praise..  ",
    "topics.title":"China: Man uses broom to save toddler hanging from window [video]",
    "topics.media-type":"News",
    "topics.source":"International Business Times UK",
    "topics.published":"2015-01-09T16:51:52.000Z",
    "topic_tweets":13,
    "tweets.created_at_initial":"2015-01-09 06:30:56",
    "tweets.created_at_final":"2015-10-09 09:18:18",
    "tweets.time_interval":273.0
}