[
    {
        "topic":"4e74bbed-b449-48a8-a71c-f70499105289",
        "tweetID":638599904642904064,
        "relevancy":2,
        "tweets.created_at":"2015-01-09T06:30:56.000Z",
        "tweets.full_text":"Hero climbs outside 4th-floor window to rescue a dangling child... using only a mop    ",
        "tweets.hashtags":"[]",
        "tweets.user_mentions":"[]",
        "tweets.urls":"['http:\/\/huff.to\/1O4WjAp']",
        "tweets.user_name":"HuffPost",
        "tweets.followers_count":11459273,
        "topics.title":"China: Man uses broom to save toddler hanging from window [video]"
    },
    {
        "topic":"4e74bbed-b449-48a8-a71c-f70499105289",
        "tweetID":638621933039448065,
        "relevancy":1,
        "tweets.created_at":"2015-01-09T07:58:28.000Z",
        "tweets.full_text":"Man uses broom to save toddler dangling from her neck out of window    ",
        "tweets.hashtags":"[]",
        "tweets.user_mentions":"[]",
        "tweets.urls":"['http:\/\/ind.pn\/1NJ1SaW']",
        "tweets.user_name":"Independent",
        "tweets.followers_count":3500565,
        "topics.title":"China: Man uses broom to save toddler hanging from window [video]"
    },
    {
        "topic":"4e74bbed-b449-48a8-a71c-f70499105289",
        "tweetID":638661720228040704,
        "relevancy":2,
        "tweets.created_at":"2015-01-09T10:36:34.000Z",
        "tweets.full_text":"Man uses mop to save girl dangling from 4th-floor window   ",
        "tweets.hashtags":"[]",
        "tweets.user_mentions":"[]",
        "tweets.urls":"['http:\/\/on.wcvb.com\/1huanch']",
        "tweets.user_name":"WCVB",
        "tweets.followers_count":309885,
        "topics.title":"China: Man uses broom to save toddler hanging from window [video]"
    },
    {
        "topic":"4e74bbed-b449-48a8-a71c-f70499105289",
        "tweetID":638663862410018816,
        "relevancy":2,
        "tweets.created_at":"2015-01-09T10:45:05.000Z",
        "tweets.full_text":"#HERO Saves #toddler Dangling From 4th-Floor Window Using Only A Mop      ",
        "tweets.hashtags":"['HERO', 'toddler']",
        "tweets.user_mentions":"[]",
        "tweets.urls":"['http:\/\/bit.ly\/1O5joTG']",
        "tweets.user_name":"andresenior",
        "tweets.followers_count":1663,
        "topics.title":"China: Man uses broom to save toddler hanging from window [video]"
    },
    {
        "topic":"4e74bbed-b449-48a8-a71c-f70499105289",
        "tweetID":638663896216174592,
        "relevancy":2,
        "tweets.created_at":"2015-01-09T10:45:13.000Z",
        "tweets.full_text":"#HERO Saves #toddler Dangling From 4th-Floor Window Using Only A Mop       ",
        "tweets.hashtags":"['HERO', 'toddler']",
        "tweets.user_mentions":"[]",
        "tweets.urls":"['http:\/\/bit.ly\/1O5joTG', 'http:\/\/fb.me\/2bdTyZmYt']",
        "tweets.user_name":"andresenior",
        "tweets.followers_count":1663,
        "topics.title":"China: Man uses broom to save toddler hanging from window [video]"
    },
    {
        "topic":"4e74bbed-b449-48a8-a71c-f70499105289",
        "tweetID":638672664760979456,
        "relevancy":2,
        "tweets.created_at":"2015-01-09T11:20:03.000Z",
        "tweets.full_text":"Man uses mop to save girl dangling from 4th-floor window: A man in China was able to use a mop to help save a girl\u2026   ",
        "tweets.hashtags":"[]",
        "tweets.user_mentions":"[]",
        "tweets.urls":"['http:\/\/boston.cityandpress.com\/node\/10110570']",
        "tweets.user_name":"Boston_CP",
        "tweets.followers_count":2897,
        "topics.title":"China: Man uses broom to save toddler hanging from window [video]"
    },
    {
        "topic":"4e74bbed-b449-48a8-a71c-f70499105289",
        "tweetID":639165912822751232,
        "relevancy":2,
        "tweets.created_at":"2015-02-09T20:00:03.000Z",
        "tweets.full_text":"MUST SEE: Man saves child hanging from apartment window several stories up -    ",
        "tweets.hashtags":"[]",
        "tweets.user_mentions":"[]",
        "tweets.urls":"['http:\/\/spr.ly\/6011ByrcJ']",
        "tweets.user_name":"wsyx6",
        "tweets.followers_count":162381,
        "topics.title":"China: Man uses broom to save toddler hanging from window [video]"
    },
    {
        "topic":"4e74bbed-b449-48a8-a71c-f70499105289",
        "tweetID":641902415592222720,
        "relevancy":1,
        "tweets.created_at":"2015-10-09T09:13:56.000Z",
        "tweets.full_text":"Man dies after plunging from fourth floor window in Aberdeen    ",
        "tweets.hashtags":"[]",
        "tweets.user_mentions":"[]",
        "tweets.urls":"['http:\/\/bit.ly\/1MdtaWE']",
        "tweets.user_name":"STVNews",
        "tweets.followers_count":503829,
        "topics.title":"China: Man uses broom to save toddler hanging from window [video]"
    },
    {
        "topic":"4e74bbed-b449-48a8-a71c-f70499105289",
        "tweetID":641903513690312704,
        "relevancy":1,
        "tweets.created_at":"2015-10-09T09:18:18.000Z",
        "tweets.full_text":"A man has died after plunging from a fourth floor window in Aberdeen city centre.   ",
        "tweets.hashtags":"[]",
        "tweets.user_mentions":"[]",
        "tweets.urls":"['http:\/\/fb.me\/7n2MC5i8V']",
        "tweets.user_name":"STVNews",
        "tweets.followers_count":503829,
        "topics.title":"China: Man uses broom to save toddler hanging from window [video]"
    },
    {
        "topic":"4e74bbed-b449-48a8-a71c-f70499105289",
        "tweetID":644054001613447168,
        "relevancy":1,
        "tweets.created_at":"2015-09-16T07:43:34.000Z",
        "tweets.full_text":"Toddler died after hanging himself on cord of window blind, inquest finds    ",
        "tweets.hashtags":"[]",
        "tweets.user_mentions":"[]",
        "tweets.urls":"['http:\/\/www.itv.com\/news\/meridian\/2015-09-16\/toddler-died-after-hanging-himself-on-cord-of-window-blind\/']",
        "tweets.user_name":"itvnews",
        "tweets.followers_count":2389558,
        "topics.title":"China: Man uses broom to save toddler hanging from window [video]"
    },
    {
        "topic":"4e74bbed-b449-48a8-a71c-f70499105289",
        "tweetID":648945440239411200,
        "relevancy":1,
        "tweets.created_at":"2015-09-29T19:40:24.000Z",
        "tweets.full_text":"Toddler falls from 3rd-story window, suffers a broken jaw    ",
        "tweets.hashtags":"[]",
        "tweets.user_mentions":"[]",
        "tweets.urls":"['http:\/\/bring.mn\/11985791']",
        "tweets.user_name":"bringmethenews",
        "tweets.followers_count":43443,
        "topics.title":"China: Man uses broom to save toddler hanging from window [video]"
    },
    {
        "topic":"4e74bbed-b449-48a8-a71c-f70499105289",
        "tweetID":649029674853629952,
        "relevancy":1,
        "tweets.created_at":"2015-09-30T01:15:07.000Z",
        "tweets.full_text":"Toddler breaks jaw in fall from St. Joseph 3rd-floor window.   ",
        "tweets.hashtags":"[]",
        "tweets.user_mentions":"[]",
        "tweets.urls":"['http:\/\/kare11.tv\/1M0lv8M']",
        "tweets.user_name":"kare11",
        "tweets.followers_count":360685,
        "topics.title":"China: Man uses broom to save toddler hanging from window [video]"
    },
    {
        "topic":"4e74bbed-b449-48a8-a71c-f70499105289",
        "tweetID":649249297612034048,
        "relevancy":1,
        "tweets.created_at":"2015-09-30T15:47:49.000Z",
        "tweets.full_text":"Toddler hospitalized after falling from an East Hartford apartment window, police said   ",
        "tweets.hashtags":"[]",
        "tweets.user_mentions":"[]",
        "tweets.urls":"['http:\/\/cour.at\/1FIepsv']",
        "tweets.user_name":"hartfordcourant",
        "tweets.followers_count":165213,
        "topics.title":"China: Man uses broom to save toddler hanging from window [video]"
    }
]