[
    {
        "topic":"203806f6-13f7-4edb-9d8b-d0d063285081",
        "tweetID":640394906314272768,
        "relevancy":1,
        "tweets.created_at":"2015-06-09T05:23:38.000Z",
        "tweets.full_text":"Beware Fiji threat, Cheika warns Australia - Ten Eyewitness News:  Fiji threat, ...   ",
        "tweets.hashtags":"[]",
        "tweets.user_mentions":"[]",
        "tweets.urls":"['http:\/\/NEWS.com', 'http:\/\/bit.ly\/1OmIXQf']",
        "tweets.user_name":"FijiFreePress",
        "tweets.followers_count":1191,
        "topics.title":"Bath-bound Nikola Matawalu warns Stuart Lancaster of Fiji threat"
    },
    {
        "topic":"203806f6-13f7-4edb-9d8b-d0d063285081",
        "tweetID":642894977299714049,
        "relevancy":2,
        "tweets.created_at":"2015-09-13T02:58:01.000Z",
        "tweets.full_text":"Rugby World Cup 2015, England v Fiji: Stuart Lancaster to keep faith in ... -  Tel...   ",
        "tweets.hashtags":"[]",
        "tweets.user_mentions":"[]",
        "tweets.urls":"['http:\/\/Telegraph.co.uk', 'http:\/\/bit.ly\/1XYiyyA']",
        "tweets.user_name":"FijiFreePress",
        "tweets.followers_count":1191,
        "topics.title":"Bath-bound Nikola Matawalu warns Stuart Lancaster of Fiji threat"
    },
    {
        "topic":"203806f6-13f7-4edb-9d8b-d0d063285081",
        "tweetID":642927436976517120,
        "relevancy":1,
        "tweets.created_at":"2015-09-13T05:07:00.000Z",
        "tweets.full_text":"Josh Matavesi confident Fiji can upset someone at Rugby World Cup   ",
        "tweets.hashtags":"[]",
        "tweets.user_mentions":"[]",
        "tweets.urls":"['http:\/\/trib.al\/NgHw47c']",
        "tweets.user_name":"GuardianAus",
        "tweets.followers_count":282255,
        "topics.title":"Bath-bound Nikola Matawalu warns Stuart Lancaster of Fiji threat"
    },
    {
        "topic":"203806f6-13f7-4edb-9d8b-d0d063285081",
        "tweetID":642949611045281792,
        "relevancy":2,
        "tweets.created_at":"2015-09-13T06:35:07.000Z",
        "tweets.full_text":"England in a pool of death No, with Australia, Wales and Fiji, its a pool of ... - Daily Mail: Daily MailEng...   ",
        "tweets.hashtags":"[]",
        "tweets.user_mentions":"[]",
        "tweets.urls":"['http:\/\/bit.ly\/1giO881']",
        "tweets.user_name":"FijiFreePress",
        "tweets.followers_count":1191,
        "topics.title":"Bath-bound Nikola Matawalu warns Stuart Lancaster of Fiji threat"
    },
    {
        "topic":"203806f6-13f7-4edb-9d8b-d0d063285081",
        "tweetID":643126223359508484,
        "relevancy":1,
        "tweets.created_at":"2015-09-13T18:16:55.000Z",
        "tweets.full_text":"England in a pool of death No, with Australia, Wales and Fiji, its a pool of ... - Daily Mail: Daily MailEng...   ",
        "tweets.hashtags":"[]",
        "tweets.user_mentions":"[]",
        "tweets.urls":"['http:\/\/bit.ly\/1iH52ze']",
        "tweets.user_name":"FijiFreePress",
        "tweets.followers_count":1191,
        "topics.title":"Bath-bound Nikola Matawalu warns Stuart Lancaster of Fiji threat"
    },
    {
        "topic":"203806f6-13f7-4edb-9d8b-d0d063285081",
        "tweetID":643179289114886144,
        "relevancy":2,
        "tweets.created_at":"2015-09-13T21:47:46.000Z",
        "tweets.full_text":"England aware of dangers Fiji pose - SBS: The GuardianEngland aware of dangers Fiji poseSBSScrumhalf Ben Young...   ",
        "tweets.hashtags":"[]",
        "tweets.user_mentions":"[]",
        "tweets.urls":"['http:\/\/bit.ly\/1QyzG98']",
        "tweets.user_name":"FijiFreePress",
        "tweets.followers_count":1191,
        "topics.title":"Bath-bound Nikola Matawalu warns Stuart Lancaster of Fiji threat"
    },
    {
        "topic":"203806f6-13f7-4edb-9d8b-d0d063285081",
        "tweetID":643186845803806720,
        "relevancy":1,
        "tweets.created_at":"2015-09-13T22:17:48.000Z",
        "tweets.full_text":"Today marks the opening of the second session of this #Fiji #Parliament . There are 4 sessions in the parliament term of 4 \u2026.  ",
        "tweets.hashtags":"['Fiji', 'Parliament']",
        "tweets.user_mentions":"['JonesDyfan']",
        "tweets.urls":"[]",
        "tweets.user_name":"AkositaTalei",
        "tweets.followers_count":3542,
        "topics.title":"Bath-bound Nikola Matawalu warns Stuart Lancaster of Fiji threat"
    },
    {
        "topic":"203806f6-13f7-4edb-9d8b-d0d063285081",
        "tweetID":643458702033428481,
        "relevancy":2,
        "tweets.created_at":"2015-09-14T16:18:04.000Z",
        "tweets.full_text":"Coach Stuart Lancaster speaks to  ahead of Englands game against Fiji #RWC2015    ",
        "tweets.hashtags":"['RWC2015']",
        "tweets.user_mentions":"['stevescott_itv']",
        "tweets.urls":"['http:\/\/bit.ly\/1MmQHV4']",
        "tweets.user_name":"itvnews",
        "tweets.followers_count":2389558,
        "topics.title":"Bath-bound Nikola Matawalu warns Stuart Lancaster of Fiji threat"
    },
    {
        "topic":"203806f6-13f7-4edb-9d8b-d0d063285081",
        "tweetID":643649115016945665,
        "relevancy":2,
        "tweets.created_at":"2015-09-15T04:54:42.000Z",
        "tweets.full_text":"Stuart Lancaster names unchanged England XV to face Fiji in World Cup opener at Twickenham      ",
        "tweets.hashtags":"[]",
        "tweets.user_mentions":"['FijiOneNews', 'fiji_one']",
        "tweets.urls":"['http:\/\/n.mynews.ly\/!MB.C3Wir']",
        "tweets.user_name":"nandofiji",
        "tweets.followers_count":419,
        "topics.title":"Bath-bound Nikola Matawalu warns Stuart Lancaster of Fiji threat"
    },
    {
        "topic":"203806f6-13f7-4edb-9d8b-d0d063285081",
        "tweetID":643950852680585217,
        "relevancy":2,
        "tweets.created_at":"2015-09-16T00:53:41.000Z",
        "tweets.full_text":"Fiji train to Twickenham crowd noise for England World Cup opener   ",
        "tweets.hashtags":"[]",
        "tweets.user_mentions":"[]",
        "tweets.urls":"['http:\/\/trib.al\/SFTSq70']",
        "tweets.user_name":"GuardianAus",
        "tweets.followers_count":282255,
        "topics.title":"Bath-bound Nikola Matawalu warns Stuart Lancaster of Fiji threat"
    },
    {
        "topic":"203806f6-13f7-4edb-9d8b-d0d063285081",
        "tweetID":644117205962067969,
        "relevancy":2,
        "tweets.created_at":"2015-09-16T11:54:43.000Z",
        "tweets.full_text":"Rugby World Cup 2015: Fiji name team to take on England at Twickenham   ",
        "tweets.hashtags":"[]",
        "tweets.user_mentions":"[]",
        "tweets.urls":"['http:\/\/trib.al\/3UsqU3j']",
        "tweets.user_name":"GuardianAus",
        "tweets.followers_count":282255,
        "topics.title":"Bath-bound Nikola Matawalu warns Stuart Lancaster of Fiji threat"
    },
    {
        "topic":"203806f6-13f7-4edb-9d8b-d0d063285081",
        "tweetID":644759806780252160,
        "relevancy":2,
        "tweets.created_at":"2015-09-18T06:28:11.000Z",
        "tweets.full_text":"England will kick off the eighth Rugby World Cup later when they take on Fiji at Twickenham   ",
        "tweets.hashtags":"[]",
        "tweets.user_mentions":"[]",
        "tweets.urls":"['http:\/\/bbc.in\/1Ll4J8e']",
        "tweets.user_name":"BBCEngland",
        "tweets.followers_count":111955,
        "topics.title":"Bath-bound Nikola Matawalu warns Stuart Lancaster of Fiji threat"
    },
    {
        "topic":"203806f6-13f7-4edb-9d8b-d0d063285081",
        "tweetID":644870899166875648,
        "relevancy":2,
        "tweets.created_at":"2015-09-18T13:49:38.000Z",
        "tweets.full_text":"England face Fiji in opening match of Rugby World Cup    ",
        "tweets.hashtags":"[]",
        "tweets.user_mentions":"[]",
        "tweets.urls":"['http:\/\/f24.my\/1iBQEs7']",
        "tweets.user_name":"France24_en",
        "tweets.followers_count":280343,
        "topics.title":"Bath-bound Nikola Matawalu warns Stuart Lancaster of Fiji threat"
    },
    {
        "topic":"203806f6-13f7-4edb-9d8b-d0d063285081",
        "tweetID":644874589886017536,
        "relevancy":2,
        "tweets.created_at":"2015-09-18T14:04:18.000Z",
        "tweets.full_text":"England face Fiji in opening match of Rugby World Cup   ",
        "tweets.hashtags":"[]",
        "tweets.user_mentions":"[]",
        "tweets.urls":"['http:\/\/f24.my\/1imSCMv']",
        "tweets.user_name":"FRANCE24",
        "tweets.followers_count":3542808,
        "topics.title":"Bath-bound Nikola Matawalu warns Stuart Lancaster of Fiji threat"
    },
    {
        "topic":"203806f6-13f7-4edb-9d8b-d0d063285081",
        "tweetID":644955395279208448,
        "relevancy":2,
        "tweets.created_at":"2015-09-18T19:25:23.000Z",
        "tweets.full_text":"That try was Englands 100th try under Stuart Lancaster. England 10 - 0 Fiji #RWC2015.  ",
        "tweets.hashtags":"['RWC2015']",
        "tweets.user_mentions":"['premrugby']",
        "tweets.urls":"[]",
        "tweets.user_name":"nickheathsport",
        "tweets.followers_count":116791,
        "topics.title":"Bath-bound Nikola Matawalu warns Stuart Lancaster of Fiji threat"
    },
    {
        "topic":"203806f6-13f7-4edb-9d8b-d0d063285081",
        "tweetID":644957984959950848,
        "relevancy":2,
        "tweets.created_at":"2015-09-18T19:35:41.000Z",
        "tweets.full_text":"27th min: TRY MATAWALU. England 15, Fiji 5. #ENGvFJI #RWC2015.  ",
        "tweets.hashtags":"['ENGvFJI', 'RWC2015']",
        "tweets.user_mentions":"[]",
        "tweets.urls":"[]",
        "tweets.user_name":"SARugbymag",
        "tweets.followers_count":67541,
        "topics.title":"Bath-bound Nikola Matawalu warns Stuart Lancaster of Fiji threat"
    },
    {
        "topic":"203806f6-13f7-4edb-9d8b-d0d063285081",
        "tweetID":644958657273307136,
        "relevancy":2,
        "tweets.created_at":"2015-09-18T19:38:21.000Z",
        "tweets.full_text":"26th min: NO TRY. MATAWALU knocked the ball on before he planted it on the line. England 15, Fiji 0. #ENGvFJI #RWC2015.  ",
        "tweets.hashtags":"['ENGvFJI', 'RWC2015']",
        "tweets.user_mentions":"[]",
        "tweets.urls":"[]",
        "tweets.user_name":"SARugbymag",
        "tweets.followers_count":67541,
        "topics.title":"Bath-bound Nikola Matawalu warns Stuart Lancaster of Fiji threat"
    },
    {
        "topic":"203806f6-13f7-4edb-9d8b-d0d063285081",
        "tweetID":644978755665022976,
        "relevancy":2,
        "tweets.created_at":"2015-09-18T20:58:13.000Z",
        "tweets.full_text":"#England have beaten #Fiji 35-11 in the opening match of the Rugby World Cup at Twickenham #RWC2015.  ",
        "tweets.hashtags":"['England', 'Fiji', 'RWC2015']",
        "tweets.user_mentions":"[]",
        "tweets.urls":"[]",
        "tweets.user_name":"SkyNewsBreak",
        "tweets.followers_count":4681836,
        "topics.title":"Bath-bound Nikola Matawalu warns Stuart Lancaster of Fiji threat"
    },
    {
        "topic":"203806f6-13f7-4edb-9d8b-d0d063285081",
        "tweetID":644981034178711552,
        "relevancy":2,
        "tweets.created_at":"2015-09-18T21:07:16.000Z",
        "tweets.full_text":"#England have beaten #Fiji 35-11 in the opening match of the Rugby World Cup at Twickenham #RWC2015.  ",
        "tweets.hashtags":"['England', 'Fiji', 'RWC2015']",
        "tweets.user_mentions":"['SkyNewsBreak']",
        "tweets.urls":"[]",
        "tweets.user_name":"Journo_Paul",
        "tweets.followers_count":3856,
        "topics.title":"Bath-bound Nikola Matawalu warns Stuart Lancaster of Fiji threat"
    },
    {
        "topic":"203806f6-13f7-4edb-9d8b-d0d063285081",
        "tweetID":645015436589932544,
        "relevancy":2,
        "tweets.created_at":"2015-09-18T23:23:58.000Z",
        "tweets.full_text":"England 35-11 Fiji: Rugby World Cup \u2013 how they rated at Twickenham   ",
        "tweets.hashtags":"[]",
        "tweets.user_mentions":"[]",
        "tweets.urls":"['http:\/\/trib.al\/ZKhBzGI']",
        "tweets.user_name":"GuardianAus",
        "tweets.followers_count":282255,
        "topics.title":"Bath-bound Nikola Matawalu warns Stuart Lancaster of Fiji threat"
    },
    {
        "topic":"203806f6-13f7-4edb-9d8b-d0d063285081",
        "tweetID":645134369653309440,
        "relevancy":2,
        "tweets.created_at":"2015-09-19T07:16:34.000Z",
        "tweets.full_text":"Rugby World Cup 2015: Stuart Lancaster on Englands tough win against Fiji   ",
        "tweets.hashtags":"[]",
        "tweets.user_mentions":"[]",
        "tweets.urls":"['http:\/\/tgr.ph\/1gzGdn1']",
        "tweets.user_name":"TelegraphVideo",
        "tweets.followers_count":2188,
        "topics.title":"Bath-bound Nikola Matawalu warns Stuart Lancaster of Fiji threat"
    },
    {
        "topic":"203806f6-13f7-4edb-9d8b-d0d063285081",
        "tweetID":645144870231912448,
        "relevancy":2,
        "tweets.created_at":"2015-09-19T07:58:17.000Z",
        "tweets.full_text":"Rugby World Cup: Stuart Lancaster urges #England to improve despite winning Rugby World Cup opener against #fiji   ",
        "tweets.hashtags":"['England', 'fiji']",
        "tweets.user_mentions":"[]",
        "tweets.urls":"['https:\/\/wp.me\/p6iyDT-tY7']",
        "tweets.user_name":"EveningExpress",
        "tweets.followers_count":34442,
        "topics.title":"Bath-bound Nikola Matawalu warns Stuart Lancaster of Fiji threat"
    },
    {
        "topic":"203806f6-13f7-4edb-9d8b-d0d063285081",
        "tweetID":648088168382787584,
        "relevancy":1,
        "tweets.created_at":"2015-09-27T10:53:54.000Z",
        "tweets.full_text":" England will win for most the game but Wales will hang in there and sneak it at the end the words of Colin \u2026.  ",
        "tweets.hashtags":"[]",
        "tweets.user_mentions":"['clauder42', 'BreytonPaulse']",
        "tweets.urls":"[]",
        "tweets.user_name":"BreytonPaulse",
        "tweets.followers_count":70300,
        "topics.title":"Bath-bound Nikola Matawalu warns Stuart Lancaster of Fiji threat"
    }
]