{
    "topic":"c24983f3-70bc-4e1e-b1ab-75d559adc338",
    "topics.content":"Grace, with its maximum sustained winds of 40 mph, is about 285 miles southwest of the Cape Verde Islands and at least five days east of the Lesser Antilles.   Forecasters said Grace should strengthen during the next day or so, but then the storm will run into vertical winds that will cause it to weaken or break up. It also will be adversely affected by dry air, the hurricane center said.   Tropical Storm Grace is headed west at 14 mph..  ",
    "topics.title":"Tropical Storm Grace forms in eastern Atlantic",
    "topics.media-type":"News",
    "topics.source":"CNN",
    "topics.published":"2015-06-09T00:04:28.000Z",
    "topic_tweets":19,
    "tweets.created_at_initial":"2015-02-09 18:15:58",
    "tweets.created_at_final":"2015-09-16 01:11:07",
    "tweets.time_interval":218.0
}