[
    {
        "topic":"c24983f3-70bc-4e1e-b1ab-75d559adc338",
        "tweetID":639139718769184768,
        "relevancy":2,
        "tweets.created_at":"2015-02-09T18:15:58.000Z",
        "tweets.full_text":"TS Fred continues to weaken as it moves away from the Cape Verde Islands    ",
        "tweets.hashtags":"[]",
        "tweets.user_mentions":"['disasteraware']",
        "tweets.urls":"['http:\/\/bit.ly\/1JySb8D']",
        "tweets.user_name":"infomitigasi",
        "tweets.followers_count":29738,
        "topics.title":"Tropical Storm Grace forms in eastern Atlantic"
    },
    {
        "topic":"c24983f3-70bc-4e1e-b1ab-75d559adc338",
        "tweetID":640277363989676032,
        "relevancy":1,
        "tweets.created_at":"2015-05-09T21:36:34.000Z",
        "tweets.full_text":"Tropical Storm Grace forms in eastern Atlantic   ",
        "tweets.hashtags":"[]",
        "tweets.user_mentions":"[]",
        "tweets.urls":"['http:\/\/on.wpbf.com\/1hLzpDU']",
        "tweets.user_name":"WPBF25News",
        "tweets.followers_count":122539,
        "topics.title":"Tropical Storm Grace forms in eastern Atlantic"
    },
    {
        "topic":"c24983f3-70bc-4e1e-b1ab-75d559adc338",
        "tweetID":640324923706097665,
        "relevancy":1,
        "tweets.created_at":"2015-06-09T00:45:33.000Z",
        "tweets.full_text":"Tropical Storm Grace forms in eastern Atlantic   ",
        "tweets.hashtags":"[]",
        "tweets.user_mentions":"[]",
        "tweets.urls":"['http:\/\/on.koco.com\/1i4G8th']",
        "tweets.user_name":"koconews",
        "tweets.followers_count":149023,
        "topics.title":"Tropical Storm Grace forms in eastern Atlantic"
    },
    {
        "topic":"c24983f3-70bc-4e1e-b1ab-75d559adc338",
        "tweetID":640325426359894017,
        "relevancy":1,
        "tweets.created_at":"2015-06-09T00:47:32.000Z",
        "tweets.full_text":"Tropical Storm Grace forms in eastern Atlantic   ",
        "tweets.hashtags":"[]",
        "tweets.user_mentions":"[]",
        "tweets.urls":"['http:\/\/on.wisn.com\/1hLYr5Q']",
        "tweets.user_name":"WISN12News",
        "tweets.followers_count":97905,
        "topics.title":"Tropical Storm Grace forms in eastern Atlantic"
    },
    {
        "topic":"c24983f3-70bc-4e1e-b1ab-75d559adc338",
        "tweetID":640325427223879680,
        "relevancy":1,
        "tweets.created_at":"2015-06-09T00:47:33.000Z",
        "tweets.full_text":"Tropical Storm Grace forms in eastern Atlantic   ",
        "tweets.hashtags":"[]",
        "tweets.user_mentions":"[]",
        "tweets.urls":"['http:\/\/on.4029tv.com\/1hLYpuE']",
        "tweets.user_name":"4029news",
        "tweets.followers_count":67462,
        "topics.title":"Tropical Storm Grace forms in eastern Atlantic"
    },
    {
        "topic":"c24983f3-70bc-4e1e-b1ab-75d559adc338",
        "tweetID":640327577853276160,
        "relevancy":1,
        "tweets.created_at":"2015-06-09T00:56:05.000Z",
        "tweets.full_text":"Tropical Storm Grace forms in eastern Atlantic   ",
        "tweets.hashtags":"[]",
        "tweets.user_mentions":"[]",
        "tweets.urls":"['http:\/\/on.wxii.com\/1hLZcvD']",
        "tweets.user_name":"WXII",
        "tweets.followers_count":125839,
        "topics.title":"Tropical Storm Grace forms in eastern Atlantic"
    },
    {
        "topic":"c24983f3-70bc-4e1e-b1ab-75d559adc338",
        "tweetID":640327596484354048,
        "relevancy":1,
        "tweets.created_at":"2015-06-09T00:56:10.000Z",
        "tweets.full_text":"Tropical Storm Grace forms in eastern Atlantic   ",
        "tweets.hashtags":"[]",
        "tweets.user_mentions":"[]",
        "tweets.urls":"['http:\/\/on.wyff4.com\/1i4H3d2']",
        "tweets.user_name":"wyffnews4",
        "tweets.followers_count":121564,
        "topics.title":"Tropical Storm Grace forms in eastern Atlantic"
    },
    {
        "topic":"c24983f3-70bc-4e1e-b1ab-75d559adc338",
        "tweetID":640327599084826624,
        "relevancy":1,
        "tweets.created_at":"2015-06-09T00:56:10.000Z",
        "tweets.full_text":"Tropical Storm Grace forms in eastern Atlantic   ",
        "tweets.hashtags":"[]",
        "tweets.user_mentions":"[]",
        "tweets.urls":"['http:\/\/on.wpbf.com\/1hLZfre']",
        "tweets.user_name":"WPBF25News",
        "tweets.followers_count":122539,
        "topics.title":"Tropical Storm Grace forms in eastern Atlantic"
    },
    {
        "topic":"c24983f3-70bc-4e1e-b1ab-75d559adc338",
        "tweetID":640328574990290944,
        "relevancy":2,
        "tweets.created_at":"2015-06-09T01:00:03.000Z",
        "tweets.full_text":"Tropical Storm Grace forms in eastern Atlantic   ",
        "tweets.hashtags":"[]",
        "tweets.user_mentions":"[]",
        "tweets.urls":"['http:\/\/on.wptz.com\/1hLZzGk']",
        "tweets.user_name":"MyNBC5",
        "tweets.followers_count":35856,
        "topics.title":"Tropical Storm Grace forms in eastern Atlantic"
    },
    {
        "topic":"c24983f3-70bc-4e1e-b1ab-75d559adc338",
        "tweetID":640355596869369856,
        "relevancy":1,
        "tweets.created_at":"2015-06-09T02:47:26.000Z",
        "tweets.full_text":"Looks like I missed the formation of Tropical Storm #Grace earlier today. Still WAY out in Atlantic, over 2000 mi east of Lesser Antilles..  ",
        "tweets.hashtags":"['Grace']",
        "tweets.user_mentions":"[]",
        "tweets.urls":"[]",
        "tweets.user_name":"AlexJLamers",
        "tweets.followers_count":7204,
        "topics.title":"Tropical Storm Grace forms in eastern Atlantic"
    },
    {
        "topic":"c24983f3-70bc-4e1e-b1ab-75d559adc338",
        "tweetID":640374553873481728,
        "relevancy":1,
        "tweets.created_at":"2015-06-09T04:02:45.000Z",
        "tweets.full_text":"Tropical Storm Grace forms in eastern Atlantic:   ",
        "tweets.hashtags":"[]",
        "tweets.user_mentions":"[]",
        "tweets.urls":"['http:\/\/bit.ly\/1XwcFse']",
        "tweets.user_name":"kytv",
        "tweets.followers_count":89303,
        "topics.title":"Tropical Storm Grace forms in eastern Atlantic"
    },
    {
        "topic":"c24983f3-70bc-4e1e-b1ab-75d559adc338",
        "tweetID":640457485900480512,
        "relevancy":1,
        "tweets.created_at":"2015-06-09T09:32:18.000Z",
        "tweets.full_text":"#Grace stronger at 5 AM w 45 mph winds. To strengthen but then weaken late wk with shear. No threat to US as of now htt\u2026.  ",
        "tweets.hashtags":"['Grace']",
        "tweets.user_mentions":"['weatherlindsay']",
        "tweets.urls":"[]",
        "tweets.user_name":"FOX13News",
        "tweets.followers_count":325140,
        "topics.title":"Tropical Storm Grace forms in eastern Atlantic"
    },
    {
        "topic":"c24983f3-70bc-4e1e-b1ab-75d559adc338",
        "tweetID":640626575638040576,
        "relevancy":2,
        "tweets.created_at":"2015-06-09T20:44:12.000Z",
        "tweets.full_text":"T.S. #Grace is strengthening with 50 mph winds, however the system is expected to weaken in the extended forecast.   ",
        "tweets.hashtags":"['Grace']",
        "tweets.user_mentions":"[]",
        "tweets.urls":"[]",
        "tweets.user_name":"10TampaBay",
        "tweets.followers_count":162721,
        "topics.title":"Tropical Storm Grace forms in eastern Atlantic"
    },
    {
        "topic":"c24983f3-70bc-4e1e-b1ab-75d559adc338",
        "tweetID":640944533140729856,
        "relevancy":1,
        "tweets.created_at":"2015-07-09T17:47:39.000Z",
        "tweets.full_text":"Scott Fisher Says: Tropical Storm Grace packing wind gusts of 58 mph.   ",
        "tweets.hashtags":"[]",
        "tweets.user_mentions":"[]",
        "tweets.urls":"[]",
        "tweets.user_name":"ScottFisherFOX7",
        "tweets.followers_count":13799,
        "topics.title":"Tropical Storm Grace forms in eastern Atlantic"
    },
    {
        "topic":"c24983f3-70bc-4e1e-b1ab-75d559adc338",
        "tweetID":640944817233465344,
        "relevancy":2,
        "tweets.created_at":"2015-07-09T17:48:47.000Z",
        "tweets.full_text":"Tropical Storm Grace packing wind gusts of 58 mph.   ",
        "tweets.hashtags":"[]",
        "tweets.user_mentions":"['ScottFisherFOX7']",
        "tweets.urls":"[]",
        "tweets.user_name":"AnnWyattonFOX46",
        "tweets.followers_count":5489,
        "topics.title":"Tropical Storm Grace forms in eastern Atlantic"
    },
    {
        "topic":"c24983f3-70bc-4e1e-b1ab-75d559adc338",
        "tweetID":640992598535110656,
        "relevancy":2,
        "tweets.created_at":"2015-07-09T20:58:39.000Z",
        "tweets.full_text":"Tropical Storm #Grace will likely dissipate east of the Lesser Antilles. #FLwx #FLKeys #KeyWest   ",
        "tweets.hashtags":"['Grace', 'FLwx', 'FLKeys', 'KeyWest']",
        "tweets.user_mentions":"['NWSKeyWest']",
        "tweets.urls":"[]",
        "tweets.user_name":"MiamiHerald",
        "tweets.followers_count":481766,
        "topics.title":"Tropical Storm Grace forms in eastern Atlantic"
    },
    {
        "topic":"c24983f3-70bc-4e1e-b1ab-75d559adc338",
        "tweetID":640995223095480320,
        "relevancy":1,
        "tweets.created_at":"2015-07-09T21:09:04.000Z",
        "tweets.full_text":"RT  Tropical Storm #Grace is still a tropical storm in the Atlantic. It will weaken as it moves west.\u2026   ",
        "tweets.hashtags":"['Grace']",
        "tweets.user_mentions":"['ChrisHolcomb']",
        "tweets.urls":"[]",
        "tweets.user_name":"11AliveNews",
        "tweets.followers_count":399031,
        "topics.title":"Tropical Storm Grace forms in eastern Atlantic"
    },
    {
        "topic":"c24983f3-70bc-4e1e-b1ab-75d559adc338",
        "tweetID":641205646143193088,
        "relevancy":2,
        "tweets.created_at":"2015-08-09T11:05:13.000Z",
        "tweets.full_text":"#Grace is likely to weaken to a tropical rainstorm prior to reaching the Lesser Antilles.   ",
        "tweets.hashtags":"['Grace']",
        "tweets.user_mentions":"[]",
        "tweets.urls":"['http:\/\/ow.ly\/RUSrW']",
        "tweets.user_name":"breakingweather",
        "tweets.followers_count":1045670,
        "topics.title":"Tropical Storm Grace forms in eastern Atlantic"
    },
    {
        "topic":"c24983f3-70bc-4e1e-b1ab-75d559adc338",
        "tweetID":643955238576107520,
        "relevancy":1,
        "tweets.created_at":"2015-09-16T01:11:07.000Z",
        "tweets.full_text":"System south of Cape Verde Islands likely to become tropical depression, forecasters say   ",
        "tweets.hashtags":"[]",
        "tweets.user_mentions":"[]",
        "tweets.urls":"['http:\/\/bit.ly\/1ifELaD']",
        "tweets.user_name":"NOLAnews",
        "tweets.followers_count":258558,
        "topics.title":"Tropical Storm Grace forms in eastern Atlantic"
    }
]