[
    {
        "topic":"0b3bea50-3a2c-4d07-953e-45aca9988634",
        "tweetID":638570239161167872,
        "relevancy":1,
        "tweets.created_at":"2015-01-09T04:33:03.000Z",
        "tweets.full_text":"2-time #usopen champion Rafael Nadal began his campaign with a 6-3, 6-2, 4-6, 6-4 win over Borna Coric in the 1st round #SSTennis.  ",
        "tweets.hashtags":"['usopen', 'SSTennis']",
        "tweets.user_mentions":"[]",
        "tweets.urls":"[]",
        "tweets.user_name":"SuperSportBlitz",
        "tweets.followers_count":1263827,
        "topics.title":"Nadal vows to fight on despite US Open shocker"
    },
    {
        "topic":"0b3bea50-3a2c-4d07-953e-45aca9988634",
        "tweetID":638572823536107520,
        "relevancy":1,
        "tweets.created_at":"2015-01-09T04:43:19.000Z",
        "tweets.full_text":"Rafael Nadal beats Borna Coric 6-3 6-2 4-6 6-4 in the first round of the US Open. Promising from the Spaniard..  ",
        "tweets.hashtags":"[]",
        "tweets.user_mentions":"['BBCSport']",
        "tweets.urls":"[]",
        "tweets.user_name":"BBCWorld",
        "tweets.followers_count":30822201,
        "topics.title":"Nadal vows to fight on despite US Open shocker"
    },
    {
        "topic":"0b3bea50-3a2c-4d07-953e-45aca9988634",
        "tweetID":639351250052628480,
        "relevancy":1,
        "tweets.created_at":"2015-03-09T08:16:31.000Z",
        "tweets.full_text":"Who do you think is likely to win the US Open Vote now!  Nadal vows to stay loyal and honest  htt\u2026.  ",
        "tweets.hashtags":"[]",
        "tweets.user_mentions":"['ETribuneSports']",
        "tweets.urls":"['http:\/\/tribune.com.pk\/story\/949975\/nadal-vows-to-stay-loyal-and-honest\/']",
        "tweets.user_name":"etribune",
        "tweets.followers_count":996859,
        "topics.title":"Nadal vows to fight on despite US Open shocker"
    },
    {
        "topic":"0b3bea50-3a2c-4d07-953e-45aca9988634",
        "tweetID":640033291639386113,
        "relevancy":2,
        "tweets.created_at":"2015-05-09T05:26:42.000Z",
        "tweets.full_text":"#USOpen Rafa Nadal has crashed out of the US Open losing to Fabio Fognini is a dramatic five setter.  The Italian wins it 3-6 4-6 6-4 6-3 6-4.  ",
        "tweets.hashtags":"['USOpen']",
        "tweets.user_mentions":"[]",
        "tweets.urls":"[]",
        "tweets.user_name":"MarcLewisZA",
        "tweets.followers_count":12692,
        "topics.title":"Nadal vows to fight on despite US Open shocker"
    },
    {
        "topic":"0b3bea50-3a2c-4d07-953e-45aca9988634",
        "tweetID":640033372669091840,
        "relevancy":2,
        "tweets.created_at":"2015-05-09T05:27:01.000Z",
        "tweets.full_text":"#USOpen Rafa Nadal has crashed out of the US Open losing to Fabio Fognini is a dramatic five setter.  The Italian wins it 3-6 \u2026.  ",
        "tweets.hashtags":"['USOpen']",
        "tweets.user_mentions":"['EWNsport']",
        "tweets.urls":"[]",
        "tweets.user_name":"ewnupdates",
        "tweets.followers_count":1239341,
        "topics.title":"Nadal vows to fight on despite US Open shocker"
    },
    {
        "topic":"0b3bea50-3a2c-4d07-953e-45aca9988634",
        "tweetID":640033416067461121,
        "relevancy":2,
        "tweets.created_at":"2015-05-09T05:27:12.000Z",
        "tweets.full_text":"2x US Open Champion Rafael Nadal is out of the Grand Slam in New York! Upset by Italian Fabio Fognini.  ",
        "tweets.hashtags":"[]",
        "tweets.user_mentions":"[]",
        "tweets.urls":"[]",
        "tweets.user_name":"NewshubNZ",
        "tweets.followers_count":69566,
        "topics.title":"Nadal vows to fight on despite US Open shocker"
    },
    {
        "topic":"0b3bea50-3a2c-4d07-953e-45aca9988634",
        "tweetID":640033461940695040,
        "relevancy":2,
        "tweets.created_at":"2015-05-09T05:27:23.000Z",
        "tweets.full_text":"Fabio. Phenomenal.  Fognini is the first man to EVER beat Nadal from two sets down in a slam.  3-6 4-6 6-4 6-3 6-4.   ",
        "tweets.hashtags":"[]",
        "tweets.user_mentions":"['bbctennis']",
        "tweets.urls":"[]",
        "tweets.user_name":"orbisa35",
        "tweets.followers_count":44429,
        "topics.title":"Nadal vows to fight on despite US Open shocker"
    },
    {
        "topic":"0b3bea50-3a2c-4d07-953e-45aca9988634",
        "tweetID":640033629863813120,
        "relevancy":2,
        "tweets.created_at":"2015-05-09T05:28:03.000Z",
        "tweets.full_text":"Fabio Fognini pulls off UNBELIEVABLE comeback, roaring back to beat Nadal 3-6, 4-6, 6-4, 6-3, 6-4. Feels career changing\u2026.  ",
        "tweets.hashtags":"[]",
        "tweets.user_mentions":"['BenRothenberg']",
        "tweets.urls":"[]",
        "tweets.user_name":"greggiroux",
        "tweets.followers_count":18100,
        "topics.title":"Nadal vows to fight on despite US Open shocker"
    },
    {
        "topic":"0b3bea50-3a2c-4d07-953e-45aca9988634",
        "tweetID":640033677460672512,
        "relevancy":2,
        "tweets.created_at":"2015-05-09T05:28:14.000Z",
        "tweets.full_text":"#USOpen2015 Eighth seed Rafael Nadal loses 6-3, 6-4, 4-6, 3-6, 4-6 to 32nd seed Fabio Fognini in 3rd round   ",
        "tweets.hashtags":"['USOpen2015']",
        "tweets.user_mentions":"['Sports_NDTV']",
        "tweets.urls":"[]",
        "tweets.user_name":"ndtv",
        "tweets.followers_count":14553126,
        "topics.title":"Nadal vows to fight on despite US Open shocker"
    },
    {
        "topic":"0b3bea50-3a2c-4d07-953e-45aca9988634",
        "tweetID":640033697706717184,
        "relevancy":2,
        "tweets.created_at":"2015-05-09T05:28:19.000Z",
        "tweets.full_text":"2-Time Champion Rafael Nadal crashed out of the #usopen after a 3-6, 4-6, 6-4, 6-3, 6-4 defeat to Fabio Fognini in their 3rd round match.  ",
        "tweets.hashtags":"['usopen']",
        "tweets.user_mentions":"[]",
        "tweets.urls":"[]",
        "tweets.user_name":"SuperSportBlitz",
        "tweets.followers_count":1263827,
        "topics.title":"Nadal vows to fight on despite US Open shocker"
    },
    {
        "topic":"0b3bea50-3a2c-4d07-953e-45aca9988634",
        "tweetID":640033987520503808,
        "relevancy":2,
        "tweets.created_at":"2015-05-09T05:29:28.000Z",
        "tweets.full_text":"Rafael Nadal loses in 5 sets to Fabio Fognini  Nadal is now 151-1 in Grand Slam matches in which he wins the first two sets..  ",
        "tweets.hashtags":"[]",
        "tweets.user_mentions":"[]",
        "tweets.urls":"[]",
        "tweets.user_name":"ESPNStatsInfo",
        "tweets.followers_count":1719310,
        "topics.title":"Nadal vows to fight on despite US Open shocker"
    },
    {
        "topic":"0b3bea50-3a2c-4d07-953e-45aca9988634",
        "tweetID":640034093347024896,
        "relevancy":2,
        "tweets.created_at":"2015-05-09T05:29:53.000Z",
        "tweets.full_text":"Fabio Fognini ousts Rafael Nadal in 5-set US Open thriller -    ",
        "tweets.hashtags":"[]",
        "tweets.user_mentions":"['AP_Sports']",
        "tweets.urls":"['http:\/\/bit.ly\/1KR6Mkl']",
        "tweets.user_name":"BreakingNews",
        "tweets.followers_count":9706508,
        "topics.title":"Nadal vows to fight on despite US Open shocker"
    },
    {
        "topic":"0b3bea50-3a2c-4d07-953e-45aca9988634",
        "tweetID":640034094768762881,
        "relevancy":2,
        "tweets.created_at":"2015-05-09T05:29:54.000Z",
        "tweets.full_text":"Wow Rafal Nadal is out  after losing 5 setter to Italian Fabio Fognini 3-6, 4-6, 6-4, 6-3, 6-4 #tennis #usopen2015.  ",
        "tweets.hashtags":"['tennis', 'usopen2015']",
        "tweets.user_mentions":"['usopen']",
        "tweets.urls":"[]",
        "tweets.user_name":"shannonbyrne23",
        "tweets.followers_count":6142,
        "topics.title":"Nadal vows to fight on despite US Open shocker"
    },
    {
        "topic":"0b3bea50-3a2c-4d07-953e-45aca9988634",
        "tweetID":640034201329344512,
        "relevancy":2,
        "tweets.created_at":"2015-05-09T05:30:19.000Z",
        "tweets.full_text":"Rafa Nadal is out of the #USOpen beaten by Fabio Fognini.   3-6, 4-6, 6-4, 6-3 and 6-4.  ",
        "tweets.hashtags":"['USOpen']",
        "tweets.user_mentions":"['CindyPoluta']",
        "tweets.urls":"[]",
        "tweets.user_name":"nomsa_maseko",
        "tweets.followers_count":31860,
        "topics.title":"Nadal vows to fight on despite US Open shocker"
    },
    {
        "topic":"0b3bea50-3a2c-4d07-953e-45aca9988634",
        "tweetID":640037518717624320,
        "relevancy":2,
        "tweets.created_at":"2015-05-09T05:43:30.000Z",
        "tweets.full_text":"Rafael Nadal cedes two-set lead for first time in shock loss to Fabio Fognini   ",
        "tweets.hashtags":"[]",
        "tweets.user_mentions":"[]",
        "tweets.urls":"['http:\/\/trib.al\/mVq70HA']",
        "tweets.user_name":"GuardianUS",
        "tweets.followers_count":205732,
        "topics.title":"Nadal vows to fight on despite US Open shocker"
    },
    {
        "topic":"0b3bea50-3a2c-4d07-953e-45aca9988634",
        "tweetID":640038818347749377,
        "relevancy":2,
        "tweets.created_at":"2015-05-09T05:48:40.000Z",
        "tweets.full_text":"Fabio Fognini knocks Rafael Nadal out of #USOpen in third round    ",
        "tweets.hashtags":"['USOpen']",
        "tweets.user_mentions":"[]",
        "tweets.urls":"['http:\/\/indiatoday.intoday.in\/story\/fognini-knocks-nadal-out-of-us-open-in-third-round\/1\/465937.html']",
        "tweets.user_name":"IndiaToday",
        "tweets.followers_count":5479050,
        "topics.title":"Nadal vows to fight on despite US Open shocker"
    },
    {
        "topic":"0b3bea50-3a2c-4d07-953e-45aca9988634",
        "tweetID":640041106315476992,
        "relevancy":2,
        "tweets.created_at":"2015-05-09T05:57:45.000Z",
        "tweets.full_text":"Two-time #USOpen winner Rafael Nadal has fallen in the third round, squandering a two-set lead against Fabio Fognini:   ",
        "tweets.hashtags":"['USOpen']",
        "tweets.user_mentions":"[]",
        "tweets.urls":"['http:\/\/ab.co\/1O3tGWu']",
        "tweets.user_name":"abcsport",
        "tweets.followers_count":145505,
        "topics.title":"Nadal vows to fight on despite US Open shocker"
    },
    {
        "topic":"0b3bea50-3a2c-4d07-953e-45aca9988634",
        "tweetID":640044820745093120,
        "relevancy":2,
        "tweets.created_at":"2015-05-09T06:12:31.000Z",
        "tweets.full_text":"Rafael Nadal blows two-set lead, falls to rival Fabio Fognini    ",
        "tweets.hashtags":"[]",
        "tweets.user_mentions":"[]",
        "tweets.urls":"['http:\/\/nyp.st\/1FoIDeI']",
        "tweets.user_name":"nypost",
        "tweets.followers_count":2076045,
        "topics.title":"Nadal vows to fight on despite US Open shocker"
    },
    {
        "topic":"0b3bea50-3a2c-4d07-953e-45aca9988634",
        "tweetID":640056834519248896,
        "relevancy":2,
        "tweets.created_at":"2015-05-09T07:00:15.000Z",
        "tweets.full_text":"US Open: Rafael Nadal stunned in third-round marathon match by Fabio Fognini    ",
        "tweets.hashtags":"[]",
        "tweets.user_mentions":"[]",
        "tweets.urls":"['http:\/\/zeenews.india.com\/sports\/tennis\/us-open\/us-open-rafael-nadal-stunned-in-third-round-marathon-match-by-fabio-fognini_1667530.html']",
        "tweets.user_name":"ZeeNewsEnglish",
        "tweets.followers_count":5345271,
        "topics.title":"Nadal vows to fight on despite US Open shocker"
    },
    {
        "topic":"0b3bea50-3a2c-4d07-953e-45aca9988634",
        "tweetID":640062413635776512,
        "relevancy":2,
        "tweets.created_at":"2015-05-09T07:22:25.000Z",
        "tweets.full_text":"Rafael Nadal cedes two-set lead for first time in shock loss to Fabio Fognini   ",
        "tweets.hashtags":"[]",
        "tweets.user_mentions":"[]",
        "tweets.urls":"['http:\/\/trib.al\/LqrOUs9']",
        "tweets.user_name":"GuardianAus",
        "tweets.followers_count":282255,
        "topics.title":"Nadal vows to fight on despite US Open shocker"
    },
    {
        "topic":"0b3bea50-3a2c-4d07-953e-45aca9988634",
        "tweetID":640062419939684352,
        "relevancy":2,
        "tweets.created_at":"2015-05-09T07:22:27.000Z",
        "tweets.full_text":"Tennis:  vows to fight on despite shock  exit    ",
        "tweets.hashtags":"[]",
        "tweets.user_mentions":"['RafaelNadal', 'usopen']",
        "tweets.urls":"['http:\/\/str.sg\/Z8DK']",
        "tweets.user_name":"STsportsdesk",
        "tweets.followers_count":27477,
        "topics.title":"Nadal vows to fight on despite US Open shocker"
    },
    {
        "topic":"0b3bea50-3a2c-4d07-953e-45aca9988634",
        "tweetID":640066182825971712,
        "relevancy":2,
        "tweets.created_at":"2015-05-09T07:37:24.000Z",
        "tweets.full_text":"STUNNED! Rafael Nadal is OUT of the #USOpen after Fabio Fognini won from two sets down. More:    ",
        "tweets.hashtags":"['USOpen']",
        "tweets.user_mentions":"[]",
        "tweets.urls":"['http:\/\/bit.ly\/1QfGybf']",
        "tweets.user_name":"telegraph_sport",
        "tweets.followers_count":47350,
        "topics.title":"Nadal vows to fight on despite US Open shocker"
    },
    {
        "topic":"0b3bea50-3a2c-4d07-953e-45aca9988634",
        "tweetID":640066352892411904,
        "relevancy":2,
        "tweets.created_at":"2015-05-09T07:38:05.000Z",
        "tweets.full_text":"Nadal blows 2-set Slam lead for 1st time, loses to Fognini: For the first time in his career, Rafael Nadal lost a\u2026   ",
        "tweets.hashtags":"[]",
        "tweets.user_mentions":"[]",
        "tweets.urls":"['http:\/\/baltimore.cityandpress.com\/node\/10132374']",
        "tweets.user_name":"BaltimoreCP",
        "tweets.followers_count":3015,
        "topics.title":"Nadal vows to fight on despite US Open shocker"
    },
    {
        "topic":"0b3bea50-3a2c-4d07-953e-45aca9988634",
        "tweetID":640071414477926401,
        "relevancy":2,
        "tweets.created_at":"2015-05-09T07:58:11.000Z",
        "tweets.full_text":"Rafael Nadal has been knocked out of the US Open, beaten 3-6 4-6 6-4 6-3 6-4 by Italys Fabio Fognini. #SSNHQ   ",
        "tweets.hashtags":"['SSNHQ']",
        "tweets.user_mentions":"['SkySportsNewsHQ']",
        "tweets.urls":"[]",
        "tweets.user_name":"JBuckleyMLA",
        "tweets.followers_count":2517,
        "topics.title":"Nadal vows to fight on despite US Open shocker"
    },
    {
        "topic":"0b3bea50-3a2c-4d07-953e-45aca9988634",
        "tweetID":640072163660161024,
        "relevancy":1,
        "tweets.created_at":"2015-05-09T08:01:10.000Z",
        "tweets.full_text":"US Open: Despite shocker, Nadal vows to fight: NEW YORK, Sept 5 \u2014 Defiant Rafael Nadal vowed to fight on and r...   ",
        "tweets.hashtags":"[]",
        "tweets.user_mentions":"[]",
        "tweets.urls":"['http:\/\/bit.ly\/1Xt4GMo']",
        "tweets.user_name":"leslielau",
        "tweets.followers_count":3314,
        "topics.title":"Nadal vows to fight on despite US Open shocker"
    },
    {
        "topic":"0b3bea50-3a2c-4d07-953e-45aca9988634",
        "tweetID":640072268173848576,
        "relevancy":2,
        "tweets.created_at":"2015-05-09T08:01:35.000Z",
        "tweets.full_text":"Nadal vows to fight on despite US Open shocker    ",
        "tweets.hashtags":"[]",
        "tweets.user_mentions":"[]",
        "tweets.urls":"['http:\/\/f24.my\/1i3lEkt']",
        "tweets.user_name":"FRANCE24",
        "tweets.followers_count":3542808,
        "topics.title":"Nadal vows to fight on despite US Open shocker"
    },
    {
        "topic":"0b3bea50-3a2c-4d07-953e-45aca9988634",
        "tweetID":640092904921395200,
        "relevancy":2,
        "tweets.created_at":"2015-05-09T09:23:35.000Z",
        "tweets.full_text":"US Open 2015: Rafael Nadal falls to Fabio Fognini in third round   ",
        "tweets.hashtags":"[]",
        "tweets.user_mentions":"[]",
        "tweets.urls":"['http:\/\/mintne.ws\/1inFcjE']",
        "tweets.user_name":"livemint",
        "tweets.followers_count":1941466,
        "topics.title":"Nadal vows to fight on despite US Open shocker"
    },
    {
        "topic":"0b3bea50-3a2c-4d07-953e-45aca9988634",
        "tweetID":640102970315698176,
        "relevancy":2,
        "tweets.created_at":"2015-05-09T10:03:35.000Z",
        "tweets.full_text":"Nadal Vows to Fight on despite US Open Shocker #Sports   ",
        "tweets.hashtags":"['Sports']",
        "tweets.user_mentions":"[]",
        "tweets.urls":"['http:\/\/www.naharnet.com\/stories\/en\/189159']",
        "tweets.user_name":"Naharnet",
        "tweets.followers_count":79968,
        "topics.title":"Nadal vows to fight on despite US Open shocker"
    },
    {
        "topic":"0b3bea50-3a2c-4d07-953e-45aca9988634",
        "tweetID":640103763622039552,
        "relevancy":2,
        "tweets.created_at":"2015-05-09T10:06:44.000Z",
        "tweets.full_text":"Tennis: Nadal vows to fight on despite US Open\u00a0shocker    ",
        "tweets.hashtags":"[]",
        "tweets.user_mentions":"[]",
        "tweets.urls":"['http:\/\/www.ngrguardiannews.com\/2015\/09\/tennis-nadal-vows-to-fight-on-despite-us-open-shocker\/']",
        "tweets.user_name":"GuardianNigeria",
        "tweets.followers_count":2051959,
        "topics.title":"Nadal vows to fight on despite US Open shocker"
    },
    {
        "topic":"0b3bea50-3a2c-4d07-953e-45aca9988634",
        "tweetID":640106992854413312,
        "relevancy":2,
        "tweets.created_at":"2015-05-09T10:19:34.000Z",
        "tweets.full_text":"Nadal vows to fight on despite US Open shocker  via   ",
        "tweets.hashtags":"[]",
        "tweets.user_mentions":"['paknews']",
        "tweets.urls":"['http:\/\/goo.gl\/fb\/91qH8B']",
        "tweets.user_name":"paknews",
        "tweets.followers_count":71905,
        "topics.title":"Nadal vows to fight on despite US Open shocker"
    },
    {
        "topic":"0b3bea50-3a2c-4d07-953e-45aca9988634",
        "tweetID":640117076103827456,
        "relevancy":2,
        "tweets.created_at":"2015-05-09T10:59:38.000Z",
        "tweets.full_text":"Nadal vows to fight on despite US Open shocker  via   ",
        "tweets.hashtags":"[]",
        "tweets.user_mentions":"['paknews']",
        "tweets.urls":"['http:\/\/goo.gl\/fb\/4umWjk']",
        "tweets.user_name":"paknews",
        "tweets.followers_count":71905,
        "topics.title":"Nadal vows to fight on despite US Open shocker"
    },
    {
        "topic":"0b3bea50-3a2c-4d07-953e-45aca9988634",
        "tweetID":640121722008530945,
        "relevancy":2,
        "tweets.created_at":"2015-05-09T11:18:06.000Z",
        "tweets.full_text":"Rafael Nadal dumped out of US Open 2015 by Fabio Fognini   ",
        "tweets.hashtags":"[]",
        "tweets.user_mentions":"[]",
        "tweets.urls":"['http:\/\/tgr.ph\/1hK9w7h']",
        "tweets.user_name":"TelegraphVideo",
        "tweets.followers_count":2188,
        "topics.title":"Nadal vows to fight on despite US Open shocker"
    },
    {
        "topic":"0b3bea50-3a2c-4d07-953e-45aca9988634",
        "tweetID":640280116518522880,
        "relevancy":2,
        "tweets.created_at":"2015-05-09T21:47:30.000Z",
        "tweets.full_text":"#USOPEN2015: Rafael Nadal Loses To Fabio Fognini In Third-round: World number eight Rafael Nadal is out of the...   ",
        "tweets.hashtags":"['USOPEN2015']",
        "tweets.user_mentions":"[]",
        "tweets.urls":"['http:\/\/bit.ly\/1Xvh2Ut']",
        "tweets.user_name":"starnewsngr",
        "tweets.followers_count":27200,
        "topics.title":"Nadal vows to fight on despite US Open shocker"
    },
    {
        "topic":"0b3bea50-3a2c-4d07-953e-45aca9988634",
        "tweetID":640280526637662208,
        "relevancy":2,
        "tweets.created_at":"2015-05-09T21:49:08.000Z",
        "tweets.full_text":"#USOPEN2015: Rafael Nadal Loses To Fabio Fognini In Third-round    ",
        "tweets.hashtags":"['USOPEN2015']",
        "tweets.user_mentions":"[]",
        "tweets.urls":"['http:\/\/dlvr.it\/C49CWV', 'http:\/\/fb.me\/2aOuFWbRJ']",
        "tweets.user_name":"starnewsngr",
        "tweets.followers_count":27200,
        "topics.title":"Nadal vows to fight on despite US Open shocker"
    },
    {
        "topic":"0b3bea50-3a2c-4d07-953e-45aca9988634",
        "tweetID":640382915885424640,
        "relevancy":2,
        "tweets.created_at":"2015-06-09T04:35:59.000Z",
        "tweets.full_text":"US Open 2015: Battered Rafa Nadal vows to carry on    ",
        "tweets.hashtags":"[]",
        "tweets.user_mentions":"[]",
        "tweets.urls":"['http:\/\/dnai.in\/cSUG']",
        "tweets.user_name":"dna",
        "tweets.followers_count":2215980,
        "topics.title":"Nadal vows to fight on despite US Open shocker"
    }
]