[
    {
        "topic":"bfc58ab8-8af2-45cd-9e4d-7db7c25613ec",
        "tweetID":639532217530720256,
        "relevancy":1,
        "tweets.created_at":"2015-03-09T20:15:37.000Z",
        "tweets.full_text":"Protesters now chanting Donald Trump, hes a racist! outside of Trump Tower. Multiple signs reading Racist!   ",
        "tweets.hashtags":"[]",
        "tweets.user_mentions":"[]",
        "tweets.urls":"[]",
        "tweets.user_name":"mj_lee",
        "tweets.followers_count":93011,
        "topics.title":"Trump national security speech met with protesters, jeers"
    },
    {
        "topic":"bfc58ab8-8af2-45cd-9e4d-7db7c25613ec",
        "tweetID":639553237830533124,
        "relevancy":2,
        "tweets.created_at":"2015-03-09T21:39:08.000Z",
        "tweets.full_text":"Excellent video of the altercation between Trump protesters &amp; Trump security:     ",
        "tweets.hashtags":"[]",
        "tweets.user_mentions":"['NY1', 'NY1noticias']",
        "tweets.urls":"['http:\/\/fw.to\/eh3Wkel']",
        "tweets.user_name":"joelmsiegel",
        "tweets.followers_count":8602,
        "topics.title":"Trump national security speech met with protesters, jeers"
    },
    {
        "topic":"bfc58ab8-8af2-45cd-9e4d-7db7c25613ec",
        "tweetID":639826515052638208,
        "relevancy":1,
        "tweets.created_at":"2015-04-09T15:45:03.000Z",
        "tweets.full_text":"A member of Donald Trump\u2019s security team hit a protester during a tussle outside Trump Tower.    ",
        "tweets.hashtags":"[]",
        "tweets.user_mentions":"[]",
        "tweets.urls":"['http:\/\/nyti.ms\/1Urtg1d']",
        "tweets.user_name":"nytpolitics",
        "tweets.followers_count":514613,
        "topics.title":"Trump national security speech met with protesters, jeers"
    },
    {
        "topic":"bfc58ab8-8af2-45cd-9e4d-7db7c25613ec",
        "tweetID":641698156120412161,
        "relevancy":2,
        "tweets.created_at":"2015-09-09T19:42:17.000Z",
        "tweets.full_text":"San Pedro activist launches petition to cancel planned speech by Donald Trump on USS Iowa    ",
        "tweets.hashtags":"[]",
        "tweets.user_mentions":"['KNX1070']",
        "tweets.urls":"['http:\/\/cbsloc.al\/1OdgrTp']",
        "tweets.user_name":"CBSLA",
        "tweets.followers_count":250998,
        "topics.title":"Trump national security speech met with protesters, jeers"
    },
    {
        "topic":"bfc58ab8-8af2-45cd-9e4d-7db7c25613ec",
        "tweetID":643098424292806656,
        "relevancy":1,
        "tweets.created_at":"2015-09-13T16:26:27.000Z",
        "tweets.full_text":"Sunday shows should be renamed MEET DONALD TRUMP, FACE DONALD TRUMP, THIS WEEK WITH DONALD TRUMP, STATE OF DONALD TRUMP, &amp; T\u2026.  ",
        "tweets.hashtags":"[]",
        "tweets.user_mentions":"['HaroldItz']",
        "tweets.urls":"[]",
        "tweets.user_name":"wallerABC7",
        "tweets.followers_count":7021,
        "topics.title":"Trump national security speech met with protesters, jeers"
    },
    {
        "topic":"bfc58ab8-8af2-45cd-9e4d-7db7c25613ec",
        "tweetID":643578666031562752,
        "relevancy":1,
        "tweets.created_at":"2015-09-15T00:14:45.000Z",
        "tweets.full_text":"We have to stop illegal immigration, Trump says. And the crowd stands and cheers, chanting USA.  ",
        "tweets.hashtags":"[]",
        "tweets.user_mentions":"[]",
        "tweets.urls":"[]",
        "tweets.user_name":"SaraMurray",
        "tweets.followers_count":92354,
        "topics.title":"Trump national security speech met with protesters, jeers"
    },
    {
        "topic":"bfc58ab8-8af2-45cd-9e4d-7db7c25613ec",
        "tweetID":643578834474934272,
        "relevancy":1,
        "tweets.created_at":"2015-09-15T00:15:25.000Z",
        "tweets.full_text":"we have to stop illegal immigration. Crowd stands and cheers USA  #dfwtrump.  ",
        "tweets.hashtags":"['dfwtrump']",
        "tweets.user_mentions":"['JulieFineNBC5', 'NBCDFW']",
        "tweets.urls":"[]",
        "tweets.user_name":"NBCDFW",
        "tweets.followers_count":472025,
        "topics.title":"Trump national security speech met with protesters, jeers"
    },
    {
        "topic":"bfc58ab8-8af2-45cd-9e4d-7db7c25613ec",
        "tweetID":643651737249841152,
        "relevancy":1,
        "tweets.created_at":"2015-09-15T05:05:07.000Z",
        "tweets.full_text":"Jimmy Fallon Interviews Donald Trump As Trump And Trumps Trump.  ",
        "tweets.hashtags":"[]",
        "tweets.user_mentions":"[]",
        "tweets.urls":"[]",
        "tweets.user_name":"CrayZBees",
        "tweets.followers_count":72291,
        "topics.title":"Trump national security speech met with protesters, jeers"
    },
    {
        "topic":"bfc58ab8-8af2-45cd-9e4d-7db7c25613ec",
        "tweetID":643774070748676096,
        "relevancy":1,
        "tweets.created_at":"2015-09-15T13:11:13.000Z",
        "tweets.full_text":"Ahead of the next GOP debate, Presidential candidate Donald #Trump renewing his campaign against illegal immigration.   ",
        "tweets.hashtags":"['Trump']",
        "tweets.user_mentions":"[]",
        "tweets.urls":"['http:\/\/goo.gl\/TlgGUu']",
        "tweets.user_name":"BN9",
        "tweets.followers_count":370641,
        "topics.title":"Trump national security speech met with protesters, jeers"
    },
    {
        "topic":"bfc58ab8-8af2-45cd-9e4d-7db7c25613ec",
        "tweetID":643950262860836864,
        "relevancy":2,
        "tweets.created_at":"2015-09-16T00:51:21.000Z",
        "tweets.full_text":"LIVE: Trump gives national security speech aboard USS Iowa - News 4 San Antonio:   ",
        "tweets.hashtags":"[]",
        "tweets.user_mentions":"[]",
        "tweets.urls":"['http:\/\/www.news4sanantonio.com\/news\/features\/top-stories\/stories\/LIVE-Trump-gives-national-security-address-on-USS-Iowa-205166.shtml#.Vfi77BxE9dQ.twitter']",
        "tweets.user_name":"News4SA",
        "tweets.followers_count":199423,
        "topics.title":"Trump national security speech met with protesters, jeers"
    },
    {
        "topic":"bfc58ab8-8af2-45cd-9e4d-7db7c25613ec",
        "tweetID":643950848503099392,
        "relevancy":2,
        "tweets.created_at":"2015-09-16T00:53:40.000Z",
        "tweets.full_text":"WATCH LIVE: Donald Trump to give national security speech on retired battleship USS Iowa.    ",
        "tweets.hashtags":"[]",
        "tweets.user_mentions":"[]",
        "tweets.urls":"['http:\/\/trib.al\/BmYbNUy']",
        "tweets.user_name":"NECN",
        "tweets.followers_count":98896,
        "topics.title":"Trump national security speech met with protesters, jeers"
    },
    {
        "topic":"bfc58ab8-8af2-45cd-9e4d-7db7c25613ec",
        "tweetID":643950929910235136,
        "relevancy":2,
        "tweets.created_at":"2015-09-16T00:54:00.000Z",
        "tweets.full_text":"Protesters just yards from Trump event as chanting dumb the Trump   ",
        "tweets.hashtags":"[]",
        "tweets.user_mentions":"[]",
        "tweets.urls":"[]",
        "tweets.user_name":"Santucci",
        "tweets.followers_count":30732,
        "topics.title":"Trump national security speech met with protesters, jeers"
    },
    {
        "topic":"bfc58ab8-8af2-45cd-9e4d-7db7c25613ec",
        "tweetID":643951569424150528,
        "relevancy":1,
        "tweets.created_at":"2015-09-16T00:56:32.000Z",
        "tweets.full_text":"Protesters chanting Trump is a racist as event MC reads about value of Veterans #Trump.  ",
        "tweets.hashtags":"['Trump']",
        "tweets.user_mentions":"[]",
        "tweets.urls":"[]",
        "tweets.user_name":"Santucci",
        "tweets.followers_count":30732,
        "topics.title":"Trump national security speech met with protesters, jeers"
    },
    {
        "topic":"bfc58ab8-8af2-45cd-9e4d-7db7c25613ec",
        "tweetID":643952548718641156,
        "relevancy":2,
        "tweets.created_at":"2015-09-16T01:00:26.000Z",
        "tweets.full_text":"Donald Trump sporting a red Make America Great Again\u201d cap aboard the USS Iowa..  ",
        "tweets.hashtags":"[]",
        "tweets.user_mentions":"[]",
        "tweets.urls":"[]",
        "tweets.user_name":"mviser",
        "tweets.followers_count":112316,
        "topics.title":"Trump national security speech met with protesters, jeers"
    },
    {
        "topic":"bfc58ab8-8af2-45cd-9e4d-7db7c25613ec",
        "tweetID":643953764395786240,
        "relevancy":2,
        "tweets.created_at":"2015-09-16T01:05:16.000Z",
        "tweets.full_text":"WATCH LIVE: Presidential hopeful Donald Trump to deliver speech on national security aboard USS Iowa in San Pedro   ",
        "tweets.hashtags":"[]",
        "tweets.user_mentions":"[]",
        "tweets.urls":"['http:\/\/4.nbcla.com\/KA0BPCJ']",
        "tweets.user_name":"NBCLA",
        "tweets.followers_count":524689,
        "topics.title":"Trump national security speech met with protesters, jeers"
    },
    {
        "topic":"bfc58ab8-8af2-45cd-9e4d-7db7c25613ec",
        "tweetID":643954951522263041,
        "relevancy":2,
        "tweets.created_at":"2015-09-16T01:09:59.000Z",
        "tweets.full_text":"LIVE VIDEO: Donald Trump speaking to supporters aboard the USS Iowa in Southern California:    ",
        "tweets.hashtags":"[]",
        "tweets.user_mentions":"[]",
        "tweets.urls":"['http:\/\/on.nbcdfw.com\/76cODdC']",
        "tweets.user_name":"NBCDFW",
        "tweets.followers_count":472025,
        "topics.title":"Trump national security speech met with protesters, jeers"
    },
    {
        "topic":"bfc58ab8-8af2-45cd-9e4d-7db7c25613ec",
        "tweetID":643955557255135232,
        "relevancy":1,
        "tweets.created_at":"2015-09-16T01:12:23.000Z",
        "tweets.full_text":"We have illegal immigrants that are treated better, by far, than our veterans.\u201d \u2014 Donald Trump.  ",
        "tweets.hashtags":"[]",
        "tweets.user_mentions":"[]",
        "tweets.urls":"[]",
        "tweets.user_name":"mviser",
        "tweets.followers_count":112316,
        "topics.title":"Trump national security speech met with protesters, jeers"
    },
    {
        "topic":"bfc58ab8-8af2-45cd-9e4d-7db7c25613ec",
        "tweetID":643955989696356352,
        "relevancy":2,
        "tweets.created_at":"2015-09-16T01:14:06.000Z",
        "tweets.full_text":"Donald Trump waves after greeting supporters outside his speech on the USS Iowa.   ",
        "tweets.hashtags":"[]",
        "tweets.user_mentions":"[]",
        "tweets.urls":"['https:\/\/instagram.com\/p\/7rDJQ0jIOy\/']",
        "tweets.user_name":"streitfeldcnn",
        "tweets.followers_count":5001,
        "topics.title":"Trump national security speech met with protesters, jeers"
    },
    {
        "topic":"bfc58ab8-8af2-45cd-9e4d-7db7c25613ec",
        "tweetID":643958540659523589,
        "relevancy":2,
        "tweets.created_at":"2015-09-16T01:24:14.000Z",
        "tweets.full_text":"Trumps billed foreign policy speech in LA turned out to be about Trump instead. Whod a thunk it.  ",
        "tweets.hashtags":"[]",
        "tweets.user_mentions":"['politicoroger']",
        "tweets.urls":"[]",
        "tweets.user_name":"maggieNYT",
        "tweets.followers_count":1720687,
        "topics.title":"Trump national security speech met with protesters, jeers"
    },
    {
        "topic":"bfc58ab8-8af2-45cd-9e4d-7db7c25613ec",
        "tweetID":643959502685929472,
        "relevancy":1,
        "tweets.created_at":"2015-09-16T01:28:04.000Z",
        "tweets.full_text":"STREAMING LIVE: President Barack Obamas speech, re-play of the Donald Trump Rally on the USS Iowa -   ",
        "tweets.hashtags":"[]",
        "tweets.user_mentions":"[]",
        "tweets.urls":"['https:\/\/www.youtube.com\/watch?v=27gg7nEdp_c']",
        "tweets.user_name":"FOX10Phoenix",
        "tweets.followers_count":312833,
        "topics.title":"Trump national security speech met with protesters, jeers"
    },
    {
        "topic":"bfc58ab8-8af2-45cd-9e4d-7db7c25613ec",
        "tweetID":643959524693569536,
        "relevancy":1,
        "tweets.created_at":"2015-09-16T01:28:09.000Z",
        "tweets.full_text":"Most look forward to the Lindsey Graham statement on the Donald Trump national security speech..  ",
        "tweets.hashtags":"[]",
        "tweets.user_mentions":"[]",
        "tweets.urls":"[]",
        "tweets.user_name":"nielslesniewski",
        "tweets.followers_count":39773,
        "topics.title":"Trump national security speech met with protesters, jeers"
    },
    {
        "topic":"bfc58ab8-8af2-45cd-9e4d-7db7c25613ec",
        "tweetID":643960852366946304,
        "relevancy":2,
        "tweets.created_at":"2015-09-16T01:33:26.000Z",
        "tweets.full_text":"What was billed as a national security speech from #DonaldTrump wraps up with a promise for national security specifics\u2026.  ",
        "tweets.hashtags":"['DonaldTrump']",
        "tweets.user_mentions":"['jorgekgonzalez']",
        "tweets.urls":"[]",
        "tweets.user_name":"CBSMiami",
        "tweets.followers_count":105724,
        "topics.title":"Trump national security speech met with protesters, jeers"
    },
    {
        "topic":"bfc58ab8-8af2-45cd-9e4d-7db7c25613ec",
        "tweetID":643965749216854016,
        "relevancy":2,
        "tweets.created_at":"2015-09-16T01:52:53.000Z",
        "tweets.full_text":"Group protests Donald Trumps speech in San Pedro    ",
        "tweets.hashtags":"[]",
        "tweets.user_mentions":"[]",
        "tweets.urls":"['http:\/\/abc7.la\/1W1tNo2']",
        "tweets.user_name":"ABC7",
        "tweets.followers_count":1145289,
        "topics.title":"Trump national security speech met with protesters, jeers"
    },
    {
        "topic":"bfc58ab8-8af2-45cd-9e4d-7db7c25613ec",
        "tweetID":644024205865000960,
        "relevancy":2,
        "tweets.created_at":"2015-09-16T05:45:10.000Z",
        "tweets.full_text":"Trail Guide: Trump zeroes in on immigration in national-security speech aboard battleship   ",
        "tweets.hashtags":"[]",
        "tweets.user_mentions":"[]",
        "tweets.urls":"['http:\/\/lat.ms\/1iuhqTc']",
        "tweets.user_name":"latimes",
        "tweets.followers_count":3784350,
        "topics.title":"Trump national security speech met with protesters, jeers"
    },
    {
        "topic":"bfc58ab8-8af2-45cd-9e4d-7db7c25613ec",
        "tweetID":644028940907114496,
        "relevancy":1,
        "tweets.created_at":"2015-09-16T06:03:59.000Z",
        "tweets.full_text":"Donald Trump in the crosshairs at U.S. Republican presidential debate   ",
        "tweets.hashtags":"[]",
        "tweets.user_mentions":"['Reuters']",
        "tweets.urls":"['http:\/\/reut.rs\/1NvKjK6']",
        "tweets.user_name":"TerryanneChebet",
        "tweets.followers_count":525273,
        "topics.title":"Trump national security speech met with protesters, jeers"
    },
    {
        "topic":"bfc58ab8-8af2-45cd-9e4d-7db7c25613ec",
        "tweetID":644039489275494400,
        "relevancy":2,
        "tweets.created_at":"2015-09-16T06:45:54.000Z",
        "tweets.full_text":"Donald Trump addresses supporters aboard USS Iowa in San Pedro    ",
        "tweets.hashtags":"[]",
        "tweets.user_mentions":"[]",
        "tweets.urls":"['http:\/\/abc7.la\/1F26oyL']",
        "tweets.user_name":"ABC7",
        "tweets.followers_count":1145289,
        "topics.title":"Trump national security speech met with protesters, jeers"
    },
    {
        "topic":"bfc58ab8-8af2-45cd-9e4d-7db7c25613ec",
        "tweetID":644063548327510016,
        "relevancy":1,
        "tweets.created_at":"2015-09-16T08:21:30.000Z",
        "tweets.full_text":"Republican presidential debate Florida preview: Donald Trump    ",
        "tweets.hashtags":"[]",
        "tweets.user_mentions":"[]",
        "tweets.urls":"['http:\/\/pbpo.st\/1NCmems']",
        "tweets.user_name":"pbpost",
        "tweets.followers_count":175719,
        "topics.title":"Trump national security speech met with protesters, jeers"
    },
    {
        "topic":"bfc58ab8-8af2-45cd-9e4d-7db7c25613ec",
        "tweetID":644164011991388161,
        "relevancy":2,
        "tweets.created_at":"2015-09-16T15:00:43.000Z",
        "tweets.full_text":"A #Trump pi\u00f1ata hangs on the fence outside Trumps speech on USS Iowa   ",
        "tweets.hashtags":"['Trump']",
        "tweets.user_mentions":"['sarasidnerCNN']",
        "tweets.urls":"[]",
        "tweets.user_name":"search4swag",
        "tweets.followers_count":14838,
        "topics.title":"Trump national security speech met with protesters, jeers"
    },
    {
        "topic":"bfc58ab8-8af2-45cd-9e4d-7db7c25613ec",
        "tweetID":644242757339480064,
        "relevancy":1,
        "tweets.created_at":"2015-09-16T20:13:37.000Z",
        "tweets.full_text":"Donald Trump in the crosshairs at Republican presidential debate   ",
        "tweets.hashtags":"[]",
        "tweets.user_mentions":"[]",
        "tweets.urls":"['http:\/\/gmane.ws\/1grAobn']",
        "tweets.user_name":"gmanewsbreaking",
        "tweets.followers_count":1572139,
        "topics.title":"Trump national security speech met with protesters, jeers"
    },
    {
        "topic":"bfc58ab8-8af2-45cd-9e4d-7db7c25613ec",
        "tweetID":644306238109560832,
        "relevancy":1,
        "tweets.created_at":"2015-09-17T00:25:52.000Z",
        "tweets.full_text":"Donald Trump really really loves Donald Trump. #GOPDebate.  ",
        "tweets.hashtags":"['GOPDebate']",
        "tweets.user_mentions":"['morningmoneyben']",
        "tweets.urls":"[]",
        "tweets.user_name":"kairyssdal",
        "tweets.followers_count":229053,
        "topics.title":"Trump national security speech met with protesters, jeers"
    },
    {
        "topic":"bfc58ab8-8af2-45cd-9e4d-7db7c25613ec",
        "tweetID":644322133233922048,
        "relevancy":1,
        "tweets.created_at":"2015-09-17T01:29:02.000Z",
        "tweets.full_text":"Trump says he agrees with Fiorina that the Democrats do not want to solve problem of illegal immigration #CNNDebate.  ",
        "tweets.hashtags":"['CNNDebate']",
        "tweets.user_mentions":"[]",
        "tweets.urls":"[]",
        "tweets.user_name":"MalShelbourne",
        "tweets.followers_count":2780,
        "topics.title":"Trump national security speech met with protesters, jeers"
    },
    {
        "topic":"bfc58ab8-8af2-45cd-9e4d-7db7c25613ec",
        "tweetID":644324854787805184,
        "relevancy":1,
        "tweets.created_at":"2015-09-17T01:39:51.000Z",
        "tweets.full_text":"Donald Trump says Tell Donald Trump.  ",
        "tweets.hashtags":"[]",
        "tweets.user_mentions":"[]",
        "tweets.urls":"[]",
        "tweets.user_name":"McCormackJohn",
        "tweets.followers_count":34509,
        "topics.title":"Trump national security speech met with protesters, jeers"
    },
    {
        "topic":"bfc58ab8-8af2-45cd-9e4d-7db7c25613ec",
        "tweetID":644414874936709120,
        "relevancy":1,
        "tweets.created_at":"2015-09-17T07:37:33.000Z",
        "tweets.full_text":"Republican rivals attack Donald Trump in presidential debate   ",
        "tweets.hashtags":"[]",
        "tweets.user_mentions":"[]",
        "tweets.urls":"['http:\/\/f24.my\/1iiQsxn']",
        "tweets.user_name":"FRANCE24",
        "tweets.followers_count":3542808,
        "topics.title":"Trump national security speech met with protesters, jeers"
    },
    {
        "topic":"bfc58ab8-8af2-45cd-9e4d-7db7c25613ec",
        "tweetID":646085077408026624,
        "relevancy":1,
        "tweets.created_at":"2015-09-21T22:14:20.000Z",
        "tweets.full_text":"Walker drops out, saying Trump Trump Trump Trump Trump Trump Trump Trump Trump Trump Trump Trump Trump Trump Trump Trump Trump Trump Trump.  ",
        "tweets.hashtags":"[]",
        "tweets.user_mentions":"[]",
        "tweets.urls":"[]",
        "tweets.user_name":"ron_fournier",
        "tweets.followers_count":69728,
        "topics.title":"Trump national security speech met with protesters, jeers"
    },
    {
        "topic":"bfc58ab8-8af2-45cd-9e4d-7db7c25613ec",
        "tweetID":647283812238409728,
        "relevancy":1,
        "tweets.created_at":"2015-09-25T05:37:41.000Z",
        "tweets.full_text":" The stimulating tale of Donald Trump and the anti-Trump Web site that\u2019s just been threatened by Donald Trump..  ",
        "tweets.hashtags":"[]",
        "tweets.user_mentions":"[]",
        "tweets.urls":"['http:\/\/www.cnet.com\/news\/donald-trump-goes-after-anti-trump-clothing-web-site\/']",
        "tweets.user_name":"ChrisMatyszczyk",
        "tweets.followers_count":8969,
        "topics.title":"Trump national security speech met with protesters, jeers"
    },
    {
        "topic":"bfc58ab8-8af2-45cd-9e4d-7db7c25613ec",
        "tweetID":648197232538308608,
        "relevancy":1,
        "tweets.created_at":"2015-09-27T18:07:17.000Z",
        "tweets.full_text":"Donald Trump will unveil his tax overhaul plan tomorrow at Trump Tower. Camp stresses tax cuts for middle and lower incomes..  ",
        "tweets.hashtags":"[]",
        "tweets.user_mentions":"[]",
        "tweets.urls":"[]",
        "tweets.user_name":"PhilipRucker",
        "tweets.followers_count":691049,
        "topics.title":"Trump national security speech met with protesters, jeers"
    },
    {
        "topic":"bfc58ab8-8af2-45cd-9e4d-7db7c25613ec",
        "tweetID":648559985526353920,
        "relevancy":1,
        "tweets.created_at":"2015-09-28T18:08:44.000Z",
        "tweets.full_text":"Trump Questions: Is Donald Trump presidential material   ",
        "tweets.hashtags":"[]",
        "tweets.user_mentions":"[]",
        "tweets.urls":"['http:\/\/dlvr.it\/CHlCSb']",
        "tweets.user_name":"_Santa_Barbara",
        "tweets.followers_count":14791,
        "topics.title":"Trump national security speech met with protesters, jeers"
    },
    {
        "topic":"bfc58ab8-8af2-45cd-9e4d-7db7c25613ec",
        "tweetID":649053328580603905,
        "relevancy":1,
        "tweets.created_at":"2015-09-30T02:49:07.000Z",
        "tweets.full_text":"Bill Clinton: Donald Trump is fact-free: Bill Clinton hit Republican presidential contender Donald Trump for\u2026   ",
        "tweets.hashtags":"[]",
        "tweets.user_mentions":"[]",
        "tweets.urls":"['http:\/\/dlvr.it\/CJQZ2d']",
        "tweets.user_name":"_Santa_Barbara",
        "tweets.followers_count":14791,
        "topics.title":"Trump national security speech met with protesters, jeers"
    }
]