[
    {
        "topic":"ef756748-9863-44d6-8cfc-66cbf0ccd975",
        "tweetID":638607949192134656,
        "relevancy":2,
        "tweets.created_at":"2015-01-09T07:02:54.000Z",
        "tweets.full_text":"Hlaudi Motsoeneng last night in Insig: If you always report on crime, you encourage young people to commit crime..  ",
        "tweets.hashtags":"[]",
        "tweets.user_mentions":"[]",
        "tweets.urls":"[]",
        "tweets.user_name":"waldimar",
        "tweets.followers_count":31582,
        "topics.title":"Reporting on crime encourages young people to commit crime - Hlaudi Motsoeneng (video)"
    },
    {
        "topic":"ef756748-9863-44d6-8cfc-66cbf0ccd975",
        "tweetID":638608052934037504,
        "relevancy":2,
        "tweets.created_at":"2015-01-09T07:03:19.000Z",
        "tweets.full_text":"If you always report on crime, you encourage young people to commit crime..  ",
        "tweets.hashtags":"[]",
        "tweets.user_mentions":"['waldimar']",
        "tweets.urls":"[]",
        "tweets.user_name":"PikkieGreeff",
        "tweets.followers_count":10438,
        "topics.title":"Reporting on crime encourages young people to commit crime - Hlaudi Motsoeneng (video)"
    },
    {
        "topic":"ef756748-9863-44d6-8cfc-66cbf0ccd975",
        "tweetID":638806123169116161,
        "relevancy":2,
        "tweets.created_at":"2015-01-09T20:10:22.000Z",
        "tweets.full_text":"[ICYMI] Disgraceful Hlaudi Motsoeneng tells  that crime reporting inspires the youth to do crime! --&gt;   ",
        "tweets.hashtags":"[]",
        "tweets.user_mentions":"['waldimar']",
        "tweets.urls":"['http:\/\/www.youtube.com\/watch?v=gHP6ccaR4e8&sns=tw']",
        "tweets.user_name":"Eusebius",
        "tweets.followers_count":335761,
        "topics.title":"Reporting on crime encourages young people to commit crime - Hlaudi Motsoeneng (video)"
    },
    {
        "topic":"ef756748-9863-44d6-8cfc-66cbf0ccd975",
        "tweetID":638957485899055108,
        "relevancy":2,
        "tweets.created_at":"2015-02-09T06:11:50.000Z",
        "tweets.full_text":"WATCH: When you keep reporting on crime, you encourage crime - Hlaudi Motsoeneng    ",
        "tweets.hashtags":"[]",
        "tweets.user_mentions":"[]",
        "tweets.urls":"['http:\/\/www.news24.com\/Live\/SouthAfrica\/News\/WATCH-When-you-keep-reporting-on-crime-you-encourage-crime-Hlaudi-Motsoeneng-20150902']",
        "tweets.user_name":"TeamNews24",
        "tweets.followers_count":204251,
        "topics.title":"Reporting on crime encourages young people to commit crime - Hlaudi Motsoeneng (video)"
    },
    {
        "topic":"ef756748-9863-44d6-8cfc-66cbf0ccd975",
        "tweetID":638958075009978368,
        "relevancy":2,
        "tweets.created_at":"2015-02-09T06:14:11.000Z",
        "tweets.full_text":"Reporting on crime encourages crime.  Riiiiiiight.  ",
        "tweets.hashtags":"[]",
        "tweets.user_mentions":"[]",
        "tweets.urls":"[]",
        "tweets.user_name":"joeblackzw",
        "tweets.followers_count":19156,
        "topics.title":"Reporting on crime encourages young people to commit crime - Hlaudi Motsoeneng (video)"
    },
    {
        "topic":"ef756748-9863-44d6-8cfc-66cbf0ccd975",
        "tweetID":638977349099253760,
        "relevancy":2,
        "tweets.created_at":"2015-02-09T07:30:46.000Z",
        "tweets.full_text":"WATCH: SABC\u2019s Motsoeneng wants media policed: Journalists don\u2019t do what they are supposed to do. When they re...   ",
        "tweets.hashtags":"[]",
        "tweets.user_mentions":"[]",
        "tweets.urls":"['http:\/\/bit.ly\/1IHRJ6i']",
        "tweets.user_name":"SABreakingNews",
        "tweets.followers_count":793992,
        "topics.title":"Reporting on crime encourages young people to commit crime - Hlaudi Motsoeneng (video)"
    },
    {
        "topic":"ef756748-9863-44d6-8cfc-66cbf0ccd975",
        "tweetID":638994809185767424,
        "relevancy":2,
        "tweets.created_at":"2015-02-09T08:40:09.000Z",
        "tweets.full_text":"WATCH: \u0093Journalists don\u0092t do what they are supposed to do says SABCs Motsoeneng   ",
        "tweets.hashtags":"[]",
        "tweets.user_mentions":"[]",
        "tweets.urls":"['http:\/\/ow.ly\/RFXct']",
        "tweets.user_name":"SABreakingNews",
        "tweets.followers_count":793992,
        "topics.title":"Reporting on crime encourages young people to commit crime - Hlaudi Motsoeneng (video)"
    },
    {
        "topic":"ef756748-9863-44d6-8cfc-66cbf0ccd975",
        "tweetID":639008415457628160,
        "relevancy":2,
        "tweets.created_at":"2015-02-09T09:34:13.000Z",
        "tweets.full_text":"Methinks we should test Hlaudi Motsoenengs theory and not report on crime for a week..  ",
        "tweets.hashtags":"[]",
        "tweets.user_mentions":"[]",
        "tweets.urls":"[]",
        "tweets.user_name":"Ms_Lindi",
        "tweets.followers_count":1275,
        "topics.title":"Reporting on crime encourages young people to commit crime - Hlaudi Motsoeneng (video)"
    },
    {
        "topic":"ef756748-9863-44d6-8cfc-66cbf0ccd975",
        "tweetID":639032601618026496,
        "relevancy":2,
        "tweets.created_at":"2015-02-09T11:10:19.000Z",
        "tweets.full_text":"I am lobbying big time for the country to regulate journalists as a whole,\u201d #HlaudiMotsoeneng   ",
        "tweets.hashtags":"['HlaudiMotsoeneng']",
        "tweets.user_mentions":"[]",
        "tweets.urls":"['http:\/\/ow.ly\/RGm42']",
        "tweets.user_name":"mailandguardian",
        "tweets.followers_count":1078971,
        "topics.title":"Reporting on crime encourages young people to commit crime - Hlaudi Motsoeneng (video)"
    },
    {
        "topic":"ef756748-9863-44d6-8cfc-66cbf0ccd975",
        "tweetID":639045987584081920,
        "relevancy":2,
        "tweets.created_at":"2015-02-09T12:03:30.000Z",
        "tweets.full_text":"Journalists dont do what theyre supposed to do. They are not factual in their reporting. Hlaudi Motsoeneng.  ",
        "tweets.hashtags":"[]",
        "tweets.user_mentions":"[]",
        "tweets.urls":"[]",
        "tweets.user_name":"Ms_Lindi",
        "tweets.followers_count":1275,
        "topics.title":"Reporting on crime encourages young people to commit crime - Hlaudi Motsoeneng (video)"
    },
    {
        "topic":"ef756748-9863-44d6-8cfc-66cbf0ccd975",
        "tweetID":639046027094441984,
        "relevancy":2,
        "tweets.created_at":"2015-02-09T12:03:40.000Z",
        "tweets.full_text":"#Motsoeneng accuses journalists of relying on each other &amp; not finding out the facts for themselves.  h\u2026.  ",
        "tweets.hashtags":"['Motsoeneng']",
        "tweets.user_mentions":"['mailandguardian']",
        "tweets.urls":"[]",
        "tweets.user_name":"SthembisoMedia",
        "tweets.followers_count":10107,
        "topics.title":"Reporting on crime encourages young people to commit crime - Hlaudi Motsoeneng (video)"
    },
    {
        "topic":"ef756748-9863-44d6-8cfc-66cbf0ccd975",
        "tweetID":639048668721623041,
        "relevancy":2,
        "tweets.created_at":"2015-02-09T12:14:10.000Z",
        "tweets.full_text":"reporting on crime encourages crime! SMH ht\u2026.  ",
        "tweets.hashtags":"[]",
        "tweets.user_mentions":"['MelanieWebbSA']",
        "tweets.urls":"[]",
        "tweets.user_name":"tim_meh87",
        "tweets.followers_count":3224,
        "topics.title":"Reporting on crime encourages young people to commit crime - Hlaudi Motsoeneng (video)"
    },
    {
        "topic":"ef756748-9863-44d6-8cfc-66cbf0ccd975",
        "tweetID":639080407972057090,
        "relevancy":2,
        "tweets.created_at":"2015-02-09T14:20:17.000Z",
        "tweets.full_text":"WATCH: \u0093Journalists don\u0092t do what they are supposed to do says SABCs Motsoeneng   ",
        "tweets.hashtags":"[]",
        "tweets.user_mentions":"[]",
        "tweets.urls":"['http:\/\/ow.ly\/RGKNV']",
        "tweets.user_name":"SABreakingNews",
        "tweets.followers_count":793992,
        "topics.title":"Reporting on crime encourages young people to commit crime - Hlaudi Motsoeneng (video)"
    },
    {
        "topic":"ef756748-9863-44d6-8cfc-66cbf0ccd975",
        "tweetID":639108126474653696,
        "relevancy":2,
        "tweets.created_at":"2015-02-09T16:10:26.000Z",
        "tweets.full_text":"WATCH: \u0093Journalists don\u0092t do what they are supposed to do says SABCs Motsoeneng   ",
        "tweets.hashtags":"[]",
        "tweets.user_mentions":"[]",
        "tweets.urls":"['http:\/\/ow.ly\/RHlSM']",
        "tweets.user_name":"SABreakingNews",
        "tweets.followers_count":793992,
        "topics.title":"Reporting on crime encourages young people to commit crime - Hlaudi Motsoeneng (video)"
    },
    {
        "topic":"ef756748-9863-44d6-8cfc-66cbf0ccd975",
        "tweetID":639135893085921280,
        "relevancy":2,
        "tweets.created_at":"2015-02-09T18:00:46.000Z",
        "tweets.full_text":"WATCH: \u0093Journalists don\u0092t do what they are supposed to do says SABCs Motsoeneng   ",
        "tweets.hashtags":"[]",
        "tweets.user_mentions":"[]",
        "tweets.urls":"['http:\/\/ow.ly\/RHIuw']",
        "tweets.user_name":"SABreakingNews",
        "tweets.followers_count":793992,
        "topics.title":"Reporting on crime encourages young people to commit crime - Hlaudi Motsoeneng (video)"
    },
    {
        "topic":"ef756748-9863-44d6-8cfc-66cbf0ccd975",
        "tweetID":639296882280411136,
        "relevancy":2,
        "tweets.created_at":"2015-03-09T04:40:28.000Z",
        "tweets.full_text":"SABCs #Motsoeneng says media reports on crime encourage young people to commit crime.    ",
        "tweets.hashtags":"['Motsoeneng']",
        "tweets.user_mentions":"[]",
        "tweets.urls":"['http:\/\/ow.ly\/RHxe0']",
        "tweets.user_name":"mailandguardian",
        "tweets.followers_count":1078971,
        "topics.title":"Reporting on crime encourages young people to commit crime - Hlaudi Motsoeneng (video)"
    },
    {
        "topic":"ef756748-9863-44d6-8cfc-66cbf0ccd975",
        "tweetID":639296980339019776,
        "relevancy":2,
        "tweets.created_at":"2015-03-09T04:40:52.000Z",
        "tweets.full_text":"SABCs #Motsoeneng says media reports on crime encourage young people to commit crime.    ",
        "tweets.hashtags":"['Motsoeneng']",
        "tweets.user_mentions":"['mailandguardian']",
        "tweets.urls":"[]",
        "tweets.user_name":"SthembisoMedia",
        "tweets.followers_count":10107,
        "topics.title":"Reporting on crime encourages young people to commit crime - Hlaudi Motsoeneng (video)"
    },
    {
        "topic":"ef756748-9863-44d6-8cfc-66cbf0ccd975",
        "tweetID":644808576901455872,
        "relevancy":1,
        "tweets.created_at":"2015-09-18T09:41:59.000Z",
        "tweets.full_text":"MT  #Hlaudi Justice Ponnan: I\u2019ve read about a 1000 pages &amp; I still don\u2019t know what Mr. Motsoenengs highest qualification is.  ",
        "tweets.hashtags":"['Hlaudi']",
        "tweets.user_mentions":"['CharlduPlessc']",
        "tweets.urls":"[]",
        "tweets.user_name":"City_Press",
        "tweets.followers_count":1298950,
        "topics.title":"Reporting on crime encourages young people to commit crime - Hlaudi Motsoeneng (video)"
    },
    {
        "topic":"ef756748-9863-44d6-8cfc-66cbf0ccd975",
        "tweetID":644819613264519168,
        "relevancy":1,
        "tweets.created_at":"2015-09-18T10:25:50.000Z",
        "tweets.full_text":"#Hlaudi Justice Ponnan talks about lack of action taken after the PPs report - yet Motsoeneng was appointed in the light of the report.  MV.  ",
        "tweets.hashtags":"['Hlaudi']",
        "tweets.user_mentions":"[]",
        "tweets.urls":"[]",
        "tweets.user_name":"MarykeVermaak",
        "tweets.followers_count":6651,
        "topics.title":"Reporting on crime encourages young people to commit crime - Hlaudi Motsoeneng (video)"
    },
    {
        "topic":"ef756748-9863-44d6-8cfc-66cbf0ccd975",
        "tweetID":644828478819430400,
        "relevancy":1,
        "tweets.created_at":"2015-09-18T11:01:04.000Z",
        "tweets.full_text":"my concern here is that Motsoeneng should not be suspended #SABCNews.  ",
        "tweets.hashtags":"['Hlaudi', 'SABCNews']",
        "tweets.user_mentions":"['AldrinSampear']",
        "tweets.urls":"[]",
        "tweets.user_name":"SABCNews",
        "tweets.followers_count":1824283,
        "topics.title":"Reporting on crime encourages young people to commit crime - Hlaudi Motsoeneng (video)"
    },
    {
        "topic":"ef756748-9863-44d6-8cfc-66cbf0ccd975",
        "tweetID":644830435357368321,
        "relevancy":1,
        "tweets.created_at":"2015-09-18T11:08:50.000Z",
        "tweets.full_text":"Hlaudi Motsoeneng\u2019s council grilled by SCA judges  via   ",
        "tweets.hashtags":"[]",
        "tweets.user_mentions":"['KatyKatopodis', 'ewnupdates']",
        "tweets.urls":"['http:\/\/ewn.co.za\/2015\/09\/18\/Motsoenengs-council-grilled-by-judges']",
        "tweets.user_name":"MarcLewisZA",
        "tweets.followers_count":12692,
        "topics.title":"Reporting on crime encourages young people to commit crime - Hlaudi Motsoeneng (video)"
    },
    {
        "topic":"ef756748-9863-44d6-8cfc-66cbf0ccd975",
        "tweetID":644881083964612608,
        "relevancy":1,
        "tweets.created_at":"2015-09-18T14:30:06.000Z",
        "tweets.full_text":"Motsoeneng must be suspended during any disciplinary process    ",
        "tweets.hashtags":"[]",
        "tweets.user_mentions":"[]",
        "tweets.urls":"['http:\/\/dlvr.it\/CBhQFn']",
        "tweets.user_name":"ewnupdates",
        "tweets.followers_count":1239341,
        "topics.title":"Reporting on crime encourages young people to commit crime - Hlaudi Motsoeneng (video)"
    }
]