[
    {
        "topic":"b294ecd3-c838-4617-93d5-f99248aa096b",
        "tweetID":641585858844340224,
        "relevancy":1,
        "tweets.created_at":"2015-09-09T12:16:03.000Z",
        "tweets.full_text":"Jessica Simpson Gives an Update on Her Kids: Ace Is Pooping in the Grass and Maxwell Is Already Wearing Heels   ",
        "tweets.hashtags":"[]",
        "tweets.user_mentions":"[]",
        "tweets.urls":"['http:\/\/eonli.ne\/1hWOqmm']",
        "tweets.user_name":"eentertainment",
        "tweets.followers_count":3662190,
        "topics.title":"Jessica Simpson: No more kids"
    },
    {
        "topic":"b294ecd3-c838-4617-93d5-f99248aa096b",
        "tweetID":642415310134476800,
        "relevancy":2,
        "tweets.created_at":"2015-11-09T19:12:00.000Z",
        "tweets.full_text":"See what Jessica Simpson had to say about her former marriage to Nick Lachey    ",
        "tweets.hashtags":"[]",
        "tweets.user_mentions":"[]",
        "tweets.urls":"['http:\/\/4.nbcny.com\/FlArZm8']",
        "tweets.user_name":"NBCNewYork",
        "tweets.followers_count":327455,
        "topics.title":"Jessica Simpson: No more kids"
    },
    {
        "topic":"b294ecd3-c838-4617-93d5-f99248aa096b",
        "tweetID":642588393818427393,
        "relevancy":1,
        "tweets.created_at":"2015-12-09T06:39:46.000Z",
        "tweets.full_text":"Jessica Simpson says she would have a panic attack if she re-watched Newlyweds:    ",
        "tweets.hashtags":"[]",
        "tweets.user_mentions":"[]",
        "tweets.urls":"['http:\/\/eonli.ne\/1NmwmOz']",
        "tweets.user_name":"enews",
        "tweets.followers_count":11723699,
        "topics.title":"Jessica Simpson: No more kids"
    },
    {
        "topic":"b294ecd3-c838-4617-93d5-f99248aa096b",
        "tweetID":642725618489163776,
        "relevancy":2,
        "tweets.created_at":"2015-12-09T15:45:03.000Z",
        "tweets.full_text":"Jessica Simpson says having more kids would \u2018freak her out\u2019 (via    ",
        "tweets.hashtags":"[]",
        "tweets.user_mentions":"['etnow']",
        "tweets.urls":"['http:\/\/tmz.me\/C2eXPKe']",
        "tweets.user_name":"TMZ",
        "tweets.followers_count":5629269,
        "topics.title":"Jessica Simpson: No more kids"
    },
    {
        "topic":"b294ecd3-c838-4617-93d5-f99248aa096b",
        "tweetID":646076461200359424,
        "relevancy":1,
        "tweets.created_at":"2015-09-21T21:40:06.000Z",
        "tweets.full_text":"Jessica Simpson has THE most adorable little family:    ",
        "tweets.hashtags":"[]",
        "tweets.user_mentions":"[]",
        "tweets.urls":"['http:\/\/usm.ag\/1JlkDJU']",
        "tweets.user_name":"usweekly",
        "tweets.followers_count":2137924,
        "topics.title":"Jessica Simpson: No more kids"
    },
    {
        "topic":"b294ecd3-c838-4617-93d5-f99248aa096b",
        "tweetID":647501592858484736,
        "relevancy":1,
        "tweets.created_at":"2015-09-25T20:03:04.000Z",
        "tweets.full_text":"Ashlee Simpson shares first cute baby photo of her little girl:     ",
        "tweets.hashtags":"[]",
        "tweets.user_mentions":"[]",
        "tweets.urls":"['http:\/\/grzia.uk\/xEDvrK']",
        "tweets.user_name":"GraziaUK",
        "tweets.followers_count":370188,
        "topics.title":"Jessica Simpson: No more kids"
    }
]