{
    "topic":"eaac395b-6671-4b7e-80c9-2a81f1492aad",
    "topics.content":"Only a week after the last iOS 9.1 beta was released, Apple has now posted a third beta of iOS 9.1 for registered iOS developers. As with the prior beta, iOS 9.1 appears to be primarily focused on adding developer-level enhancements for the iPhone 6s and iPhone 6s Plus, for features such as 3D Touch and Live Photos. This latest beta focuses mostly on fixing a number of issues from the prior beta. Registered iOS developers can download the iOS 9.1 beta from Apple\u2019s Developer site; a public version of the beta will likely be coming soon..  ",
    "topics.title":"News: Apple releases iOS 9.1 beta 3 to developers",
    "topics.media-type":"News",
    "topics.source":"Ilounge",
    "topics.published":"2015-09-30T17:47:00.000Z",
    "topic_tweets":29,
    "tweets.created_at_initial":"2015-01-09 01:20:03",
    "tweets.created_at_final":"2015-11-09 07:22:19",
    "tweets.time_interval":304.0
}