[
    {
        "topic":"eaac395b-6671-4b7e-80c9-2a81f1492aad",
        "tweetID":638521666113536000,
        "relevancy":1,
        "tweets.created_at":"2015-01-09T01:20:03.000Z",
        "tweets.full_text":"Almost every single detail about Apples new TV just leaked ahead of its launch    ",
        "tweets.hashtags":"[]",
        "tweets.user_mentions":"[]",
        "tweets.urls":"['http:\/\/buff.ly\/1fRNL4j']",
        "tweets.user_name":"businessinsider",
        "tweets.followers_count":3205118,
        "topics.title":"News: Apple releases iOS 9.1 beta 3 to developers"
    },
    {
        "topic":"eaac395b-6671-4b7e-80c9-2a81f1492aad",
        "tweetID":638619358072193024,
        "relevancy":1,
        "tweets.created_at":"2015-01-09T07:48:14.000Z",
        "tweets.full_text":"Apples next pursuit: Its own original programming   ",
        "tweets.hashtags":"[]",
        "tweets.user_mentions":"[]",
        "tweets.urls":"['http:\/\/on.wesh.com\/1htI1i5']",
        "tweets.user_name":"WESH",
        "tweets.followers_count":217888,
        "topics.title":"News: Apple releases iOS 9.1 beta 3 to developers"
    },
    {
        "topic":"eaac395b-6671-4b7e-80c9-2a81f1492aad",
        "tweetID":638620854776020993,
        "relevancy":1,
        "tweets.created_at":"2015-01-09T07:54:11.000Z",
        "tweets.full_text":"Apples next pursuit: Its own original programming   ",
        "tweets.hashtags":"[]",
        "tweets.user_mentions":"[]",
        "tweets.urls":"['http:\/\/on.wmtw.com\/1hQciZm']",
        "tweets.user_name":"WMTWTV",
        "tweets.followers_count":87618,
        "topics.title":"News: Apple releases iOS 9.1 beta 3 to developers"
    },
    {
        "topic":"eaac395b-6671-4b7e-80c9-2a81f1492aad",
        "tweetID":638620855560306688,
        "relevancy":1,
        "tweets.created_at":"2015-01-09T07:54:11.000Z",
        "tweets.full_text":"Apples next pursuit: Its own original programming   ",
        "tweets.hashtags":"[]",
        "tweets.user_mentions":"[]",
        "tweets.urls":"['http:\/\/on.ketv.com\/1hQchVg']",
        "tweets.user_name":"KETV",
        "tweets.followers_count":157768,
        "topics.title":"News: Apple releases iOS 9.1 beta 3 to developers"
    },
    {
        "topic":"eaac395b-6671-4b7e-80c9-2a81f1492aad",
        "tweetID":641694633442025472,
        "relevancy":2,
        "tweets.created_at":"2015-09-09T19:28:17.000Z",
        "tweets.full_text":"Apple releases iOS 9 GM seed, distributes first beta of iOS 9.1    ",
        "tweets.hashtags":"[]",
        "tweets.user_mentions":"[]",
        "tweets.urls":"['http:\/\/9to5mac.com\/2015\/09\/09\/ios-9-gm-9-1-beta\/']",
        "tweets.user_name":"9to5mac",
        "tweets.followers_count":632418,
        "topics.title":"News: Apple releases iOS 9.1 beta 3 to developers"
    },
    {
        "topic":"eaac395b-6671-4b7e-80c9-2a81f1492aad",
        "tweetID":641708178489614342,
        "relevancy":2,
        "tweets.created_at":"2015-09-09T20:22:06.000Z",
        "tweets.full_text":"iOS 9.1 Beta Now Available To Apple Developers  by   ",
        "tweets.hashtags":"[]",
        "tweets.user_mentions":"['sarahintampa']",
        "tweets.urls":"['http:\/\/tcrn.ch\/1EVQ2az']",
        "tweets.user_name":"TechCrunch",
        "tweets.followers_count":10145447,
        "topics.title":"News: Apple releases iOS 9.1 beta 3 to developers"
    },
    {
        "topic":"eaac395b-6671-4b7e-80c9-2a81f1492aad",
        "tweetID":641708678798835716,
        "relevancy":2,
        "tweets.created_at":"2015-09-09T20:24:06.000Z",
        "tweets.full_text":"iOS 9.1 Beta Now Available To Apple Developers:   ",
        "tweets.hashtags":"[]",
        "tweets.user_mentions":"[]",
        "tweets.urls":"['http:\/\/ift.tt\/1KaqYNn']",
        "tweets.user_name":"sarahintampa",
        "tweets.followers_count":62400,
        "topics.title":"News: Apple releases iOS 9.1 beta 3 to developers"
    },
    {
        "topic":"eaac395b-6671-4b7e-80c9-2a81f1492aad",
        "tweetID":641964502402002944,
        "relevancy":2,
        "tweets.created_at":"2015-10-09T13:20:39.000Z",
        "tweets.full_text":"Apple releases iOS 9 GM seed, first iOS 9.1 developer beta   ",
        "tweets.hashtags":"[]",
        "tweets.user_mentions":"[]",
        "tweets.urls":"['http:\/\/dlvr.it\/C6TpkF']",
        "tweets.user_name":"iLounge",
        "tweets.followers_count":18466,
        "topics.title":"News: Apple releases iOS 9.1 beta 3 to developers"
    },
    {
        "topic":"eaac395b-6671-4b7e-80c9-2a81f1492aad",
        "tweetID":642053618221359104,
        "relevancy":1,
        "tweets.created_at":"2015-10-09T19:14:46.000Z",
        "tweets.full_text":" macOS. iOS 10 and OS X is just too damn confusing..  ",
        "tweets.hashtags":"[]",
        "tweets.user_mentions":"['chockenberry']",
        "tweets.urls":"[]",
        "tweets.user_name":"dmoren",
        "tweets.followers_count":15715,
        "topics.title":"News: Apple releases iOS 9.1 beta 3 to developers"
    },
    {
        "topic":"eaac395b-6671-4b7e-80c9-2a81f1492aad",
        "tweetID":642236713184722944,
        "relevancy":1,
        "tweets.created_at":"2015-11-09T07:22:19.000Z",
        "tweets.full_text":"Apple iOS 9.1 Public Beta Available for Download   ",
        "tweets.hashtags":"[]",
        "tweets.user_mentions":"[]",
        "tweets.urls":"['http:\/\/goo.gl\/fb\/qVQ624']",
        "tweets.user_name":"GeekyGadgets",
        "tweets.followers_count":22414,
        "topics.title":"News: Apple releases iOS 9.1 beta 3 to developers"
    },
    {
        "topic":"eaac395b-6671-4b7e-80c9-2a81f1492aad",
        "tweetID":643397606647857152,
        "relevancy":2,
        "tweets.created_at":"2015-09-14T12:15:17.000Z",
        "tweets.full_text":"Turnbull probably has iOS 9 beta..  ",
        "tweets.hashtags":"[]",
        "tweets.user_mentions":"[]",
        "tweets.urls":"[]",
        "tweets.user_name":"Blackwell",
        "tweets.followers_count":3195,
        "topics.title":"News: Apple releases iOS 9.1 beta 3 to developers"
    },
    {
        "topic":"eaac395b-6671-4b7e-80c9-2a81f1492aad",
        "tweetID":643450334489120768,
        "relevancy":1,
        "tweets.created_at":"2015-09-14T15:44:49.000Z",
        "tweets.full_text":" Crashing on launch with latest iOS beta. Known issue Considering regressing down to iOS 8 =) also happy to test beta ver of Priime.  ",
        "tweets.hashtags":"[]",
        "tweets.user_mentions":"['priime']",
        "tweets.urls":"[]",
        "tweets.user_name":"k",
        "tweets.followers_count":57329,
        "topics.title":"News: Apple releases iOS 9.1 beta 3 to developers"
    },
    {
        "topic":"eaac395b-6671-4b7e-80c9-2a81f1492aad",
        "tweetID":643719782538321920,
        "relevancy":2,
        "tweets.created_at":"2015-09-15T09:35:30.000Z",
        "tweets.full_text":" Im on the public beta for iOS 9.1.  ",
        "tweets.hashtags":"[]",
        "tweets.user_mentions":"['richjm']",
        "tweets.urls":"[]",
        "tweets.user_name":"MattNavarra",
        "tweets.followers_count":73595,
        "topics.title":"News: Apple releases iOS 9.1 beta 3 to developers"
    },
    {
        "topic":"eaac395b-6671-4b7e-80c9-2a81f1492aad",
        "tweetID":644254698069995520,
        "relevancy":1,
        "tweets.created_at":"2015-09-16T21:01:04.000Z",
        "tweets.full_text":"How do I downgrade from Public Beta iOS 9.1 to General Release iOS 9.0   ",
        "tweets.hashtags":"[]",
        "tweets.user_mentions":"[]",
        "tweets.urls":"['http:\/\/forums.macrumors.com\/threads\/how-do-i-downgrade-from-public-beta-ios-9-1-to-general-release-ios-9-0.1916707\/']",
        "tweets.user_name":"MacRumors",
        "tweets.followers_count":944097,
        "topics.title":"News: Apple releases iOS 9.1 beta 3 to developers"
    },
    {
        "topic":"eaac395b-6671-4b7e-80c9-2a81f1492aad",
        "tweetID":646729857146093568,
        "relevancy":1,
        "tweets.created_at":"2015-09-23T16:56:28.000Z",
        "tweets.full_text":"Apple releases second beta version of iOS 9.1 to\u00a0developers   ",
        "tweets.hashtags":"[]",
        "tweets.user_mentions":"[]",
        "tweets.urls":"['http:\/\/wp.me\/p1xtr9-1FVg']",
        "tweets.user_name":"9to5mac",
        "tweets.followers_count":632418,
        "topics.title":"News: Apple releases iOS 9.1 beta 3 to developers"
    },
    {
        "topic":"eaac395b-6671-4b7e-80c9-2a81f1492aad",
        "tweetID":646734857813422080,
        "relevancy":1,
        "tweets.created_at":"2015-09-23T17:16:20.000Z",
        "tweets.full_text":"Apple Releases tvOS Beta 2 to Developers...    ",
        "tweets.hashtags":"[]",
        "tweets.user_mentions":"[]",
        "tweets.urls":"['http:\/\/iClarified.com\/51606']",
        "tweets.user_name":"iClarified",
        "tweets.followers_count":52809,
        "topics.title":"News: Apple releases iOS 9.1 beta 3 to developers"
    },
    {
        "topic":"eaac395b-6671-4b7e-80c9-2a81f1492aad",
        "tweetID":646750400297701376,
        "relevancy":2,
        "tweets.created_at":"2015-09-23T18:18:06.000Z",
        "tweets.full_text":"Apple issues second betas of iOS 9.1, tvOS to developers    ",
        "tweets.hashtags":"[]",
        "tweets.user_mentions":"[]",
        "tweets.urls":"['http:\/\/ainsdr.co\/1FfF4x8']",
        "tweets.user_name":"appleinsider",
        "tweets.followers_count":525850,
        "topics.title":"News: Apple releases iOS 9.1 beta 3 to developers"
    },
    {
        "topic":"eaac395b-6671-4b7e-80c9-2a81f1492aad",
        "tweetID":647093221277896704,
        "relevancy":2,
        "tweets.created_at":"2015-09-24T17:00:21.000Z",
        "tweets.full_text":"Apple Releases Second iOS 9.1 Public Beta  by   ",
        "tweets.hashtags":"[]",
        "tweets.user_mentions":"['julipuli']",
        "tweets.urls":"['http:\/\/www.macrumors.com\/2015\/09\/24\/apple-seeds-second-ios-9-1-public-beta\/']",
        "tweets.user_name":"MacRumors",
        "tweets.followers_count":944097,
        "topics.title":"News: Apple releases iOS 9.1 beta 3 to developers"
    },
    {
        "topic":"eaac395b-6671-4b7e-80c9-2a81f1492aad",
        "tweetID":647094443586256896,
        "relevancy":2,
        "tweets.created_at":"2015-09-24T17:05:12.000Z",
        "tweets.full_text":"iOS 9.1 beta 2 now available for public beta testers    ",
        "tweets.hashtags":"[]",
        "tweets.user_mentions":"[]",
        "tweets.urls":"['http:\/\/9to5mac.com\/2015\/09\/24\/ios-9-1-beta-1-public\/']",
        "tweets.user_name":"9to5mac",
        "tweets.followers_count":632418,
        "topics.title":"News: Apple releases iOS 9.1 beta 3 to developers"
    },
    {
        "topic":"eaac395b-6671-4b7e-80c9-2a81f1492aad",
        "tweetID":647112788792471553,
        "relevancy":2,
        "tweets.created_at":"2015-09-24T18:18:06.000Z",
        "tweets.full_text":"Apple issues second iOS 9.1 public beta, launches iPhone 6s iOS 9.0.1 update    ",
        "tweets.hashtags":"[]",
        "tweets.user_mentions":"[]",
        "tweets.urls":"['http:\/\/ainsdr.co\/1VcXBeZ']",
        "tweets.user_name":"appleinsider",
        "tweets.followers_count":525850,
        "topics.title":"News: Apple releases iOS 9.1 beta 3 to developers"
    },
    {
        "topic":"eaac395b-6671-4b7e-80c9-2a81f1492aad",
        "tweetID":649251114089512963,
        "relevancy":1,
        "tweets.created_at":"2015-09-30T15:55:02.000Z",
        "tweets.full_text":"A note on our iPhone 6s and iPhone 6s Plus case reviews   ",
        "tweets.hashtags":"[]",
        "tweets.user_mentions":"[]",
        "tweets.urls":"['http:\/\/dlvr.it\/CJm9L6']",
        "tweets.user_name":"iLounge",
        "tweets.followers_count":18466,
        "topics.title":"News: Apple releases iOS 9.1 beta 3 to developers"
    },
    {
        "topic":"eaac395b-6671-4b7e-80c9-2a81f1492aad",
        "tweetID":649262954064515074,
        "relevancy":1,
        "tweets.created_at":"2015-09-30T16:42:05.000Z",
        "tweets.full_text":"iPhone 6s review: 3D Touch gives Apple the sweet smell of 6s    ",
        "tweets.hashtags":"[]",
        "tweets.user_mentions":"[]",
        "tweets.urls":"['http:\/\/trib.al\/N8BYe3A']",
        "tweets.user_name":"MetroUK",
        "tweets.followers_count":333011,
        "topics.title":"News: Apple releases iOS 9.1 beta 3 to developers"
    },
    {
        "topic":"eaac395b-6671-4b7e-80c9-2a81f1492aad",
        "tweetID":649268062219145216,
        "relevancy":2,
        "tweets.created_at":"2015-09-30T17:02:23.000Z",
        "tweets.full_text":"Apple Seeds Third iOS 9.1 Beta to Developers  by   ",
        "tweets.hashtags":"[]",
        "tweets.user_mentions":"['julipuli']",
        "tweets.urls":"['http:\/\/www.macrumors.com\/2015\/09\/30\/apple-seeds-third-ios-9-1-beta-to-developers\/']",
        "tweets.user_name":"MacRumors",
        "tweets.followers_count":944097,
        "topics.title":"News: Apple releases iOS 9.1 beta 3 to developers"
    },
    {
        "topic":"eaac395b-6671-4b7e-80c9-2a81f1492aad",
        "tweetID":649268259779420161,
        "relevancy":1,
        "tweets.created_at":"2015-09-30T17:03:10.000Z",
        "tweets.full_text":"Apple releases iOS 9.0.2 for iPhone, iPad, and iPod touch    ",
        "tweets.hashtags":"[]",
        "tweets.user_mentions":"[]",
        "tweets.urls":"['http:\/\/9to5mac.com\/2015\/09\/30\/ios-9-0-2\/']",
        "tweets.user_name":"9to5mac",
        "tweets.followers_count":632418,
        "topics.title":"News: Apple releases iOS 9.1 beta 3 to developers"
    },
    {
        "topic":"eaac395b-6671-4b7e-80c9-2a81f1492aad",
        "tweetID":649268990947237888,
        "relevancy":1,
        "tweets.created_at":"2015-09-30T17:06:04.000Z",
        "tweets.full_text":"Apple just released iOS 9.0.2 one week after releasing iOS 9.0.1    ",
        "tweets.hashtags":"[]",
        "tweets.user_mentions":"['BGR']",
        "tweets.urls":"['http:\/\/bgr.co\/1JCSHBx']",
        "tweets.user_name":"jbooton",
        "tweets.followers_count":7517,
        "topics.title":"News: Apple releases iOS 9.1 beta 3 to developers"
    },
    {
        "topic":"eaac395b-6671-4b7e-80c9-2a81f1492aad",
        "tweetID":649270582559797249,
        "relevancy":1,
        "tweets.created_at":"2015-09-30T17:12:24.000Z",
        "tweets.full_text":"Apple has released iOS 9.0.2 with a some bug fixes and improvements. Downloading it now..  ",
        "tweets.hashtags":"[]",
        "tweets.user_mentions":"[]",
        "tweets.urls":"[]",
        "tweets.user_name":"edbaig",
        "tweets.followers_count":14693,
        "topics.title":"News: Apple releases iOS 9.1 beta 3 to developers"
    },
    {
        "topic":"eaac395b-6671-4b7e-80c9-2a81f1492aad",
        "tweetID":649283427766677505,
        "relevancy":2,
        "tweets.created_at":"2015-09-30T18:03:26.000Z",
        "tweets.full_text":"iOS 9.1 beta 3 fine-tunes new emoji and bug fixes for devs    ",
        "tweets.hashtags":"[]",
        "tweets.user_mentions":"[]",
        "tweets.urls":"['http:\/\/cultm.ac\/1RggJbE']",
        "tweets.user_name":"cultofmac",
        "tweets.followers_count":747106,
        "topics.title":"News: Apple releases iOS 9.1 beta 3 to developers"
    },
    {
        "topic":"eaac395b-6671-4b7e-80c9-2a81f1492aad",
        "tweetID":649296560518504448,
        "relevancy":2,
        "tweets.created_at":"2015-09-30T18:55:38.000Z",
        "tweets.full_text":"iOS 9.1 public beta is now out as well   ",
        "tweets.hashtags":"[]",
        "tweets.user_mentions":"[]",
        "tweets.urls":"['http:\/\/9to5mac.com\/2015\/09\/30\/ios-9-1-beta-3\/']",
        "tweets.user_name":"9to5mac",
        "tweets.followers_count":632418,
        "topics.title":"News: Apple releases iOS 9.1 beta 3 to developers"
    },
    {
        "topic":"eaac395b-6671-4b7e-80c9-2a81f1492aad",
        "tweetID":649298945710145536,
        "relevancy":2,
        "tweets.created_at":"2015-09-30T19:05:06.000Z",
        "tweets.full_text":"Heres everything you can do with 3D Touch on the iPhone 6S, 6S Plus--and its a lot    ",
        "tweets.hashtags":"[]",
        "tweets.user_mentions":"[]",
        "tweets.urls":"['http:\/\/cnet.co\/1FF1ZCc']",
        "tweets.user_name":"CNET",
        "tweets.followers_count":1749335,
        "topics.title":"News: Apple releases iOS 9.1 beta 3 to developers"
    }
]