[
    {
        "topic":"17e7c861-f3cf-49d3-bf93-4daf4a99324c",
        "tweetID":638646018930778113,
        "relevancy":1,
        "tweets.created_at":"2015-01-09T09:34:11.000Z",
        "tweets.full_text":"#Mbendu The 2nd accused also says he doesnt know of any circumstances wjy he should be denied bail - confirms the statement was his.  MV.  ",
        "tweets.hashtags":"['Mbendu']",
        "tweets.user_mentions":"[]",
        "tweets.urls":"[]",
        "tweets.user_name":"JacaNews",
        "tweets.followers_count":355520,
        "topics.title":"Revilla wants 34 defense witnesses"
    },
    {
        "topic":"17e7c861-f3cf-49d3-bf93-4daf4a99324c",
        "tweetID":638928082586439681,
        "relevancy":2,
        "tweets.created_at":"2015-02-09T04:15:00.000Z",
        "tweets.full_text":"TOP STORY: Senators Enrile, Bong Revilla, and 18 others tagged in new PDAF scam.    ",
        "tweets.hashtags":"[]",
        "tweets.user_mentions":"[]",
        "tweets.urls":"['http:\/\/rplr.co\/1ExmuQj']",
        "tweets.user_name":"rapplerdotcom",
        "tweets.followers_count":3423856,
        "topics.title":"Revilla wants 34 defense witnesses"
    },
    {
        "topic":"17e7c861-f3cf-49d3-bf93-4daf4a99324c",
        "tweetID":638991548969979904,
        "relevancy":1,
        "tweets.created_at":"2015-02-09T08:27:11.000Z",
        "tweets.full_text":"Sen. Juan Ponce Enrile said he will answer new PDAF charges against him- Im going to meet them in the proper forum   ",
        "tweets.hashtags":"[]",
        "tweets.user_mentions":"['jpsoriano']",
        "tweets.urls":"[]",
        "tweets.user_name":"gmanews",
        "tweets.followers_count":5849733,
        "topics.title":"Revilla wants 34 defense witnesses"
    },
    {
        "topic":"17e7c861-f3cf-49d3-bf93-4daf4a99324c",
        "tweetID":639064425891299328,
        "relevancy":1,
        "tweets.created_at":"2015-02-09T13:16:47.000Z",
        "tweets.full_text":"Our ability to commission an independent report has been severely compromised.-Defence Lawyer, Eugene Tan.  ",
        "tweets.hashtags":"[]",
        "tweets.user_mentions":"[]",
        "tweets.urls":"[]",
        "tweets.user_name":"KaylaHounsell",
        "tweets.followers_count":13570,
        "topics.title":"Revilla wants 34 defense witnesses"
    },
    {
        "topic":"17e7c861-f3cf-49d3-bf93-4daf4a99324c",
        "tweetID":639089932527661056,
        "relevancy":1,
        "tweets.created_at":"2015-02-09T14:58:08.000Z",
        "tweets.full_text":"Defense plans to call pros &amp; investigators as witnesses..  ",
        "tweets.hashtags":"[]",
        "tweets.user_mentions":"[]",
        "tweets.urls":"[]",
        "tweets.user_name":"dcollinsWBAL",
        "tweets.followers_count":5782,
        "topics.title":"Revilla wants 34 defense witnesses"
    },
    {
        "topic":"17e7c861-f3cf-49d3-bf93-4daf4a99324c",
        "tweetID":639090286002601984,
        "relevancy":1,
        "tweets.created_at":"2015-02-09T14:59:32.000Z",
        "tweets.full_text":"Defense plans to call pros &amp; investigators as witnesses..  ",
        "tweets.hashtags":"[]",
        "tweets.user_mentions":"['dcollinsWBAL']",
        "tweets.urls":"[]",
        "tweets.user_name":"wbaltv11",
        "tweets.followers_count":273353,
        "topics.title":"Revilla wants 34 defense witnesses"
    },
    {
        "topic":"17e7c861-f3cf-49d3-bf93-4daf4a99324c",
        "tweetID":639435702602760192,
        "relevancy":2,
        "tweets.created_at":"2015-03-09T13:52:06.000Z",
        "tweets.full_text":"Will Drilon, Abad, Roxas be defense witnesses for Revilla in PDAF graft cases    ",
        "tweets.hashtags":"[]",
        "tweets.user_mentions":"[]",
        "tweets.urls":"['http:\/\/rplr.co\/1JACNso']",
        "tweets.user_name":"rapplerdotcom",
        "tweets.followers_count":3423856,
        "topics.title":"Revilla wants 34 defense witnesses"
    },
    {
        "topic":"17e7c861-f3cf-49d3-bf93-4daf4a99324c",
        "tweetID":639757310659727361,
        "relevancy":2,
        "tweets.created_at":"2015-04-09T11:10:03.000Z",
        "tweets.full_text":"Bong lists Drilon, Enrile as possible defense witnesses    ",
        "tweets.hashtags":"[]",
        "tweets.user_mentions":"[]",
        "tweets.urls":"['http:\/\/bit.ly\/1illLrB']",
        "tweets.user_name":"ABSCBNNews",
        "tweets.followers_count":7278786,
        "topics.title":"Revilla wants 34 defense witnesses"
    },
    {
        "topic":"17e7c861-f3cf-49d3-bf93-4daf4a99324c",
        "tweetID":639769738894118913,
        "relevancy":2,
        "tweets.created_at":"2015-04-09T11:59:26.000Z",
        "tweets.full_text":"On #TheWrap: Senator Bong Revilla eyes at least 34 witnesses in his graft case    ",
        "tweets.hashtags":"['TheWrap']",
        "tweets.user_mentions":"[]",
        "tweets.urls":"['http:\/\/rplr.co\/1ilr0HR']",
        "tweets.user_name":"rapplerdotcom",
        "tweets.followers_count":3423856,
        "topics.title":"Revilla wants 34 defense witnesses"
    },
    {
        "topic":"17e7c861-f3cf-49d3-bf93-4daf4a99324c",
        "tweetID":639958681795215360,
        "relevancy":2,
        "tweets.created_at":"2015-05-09T00:30:14.000Z",
        "tweets.full_text":"Lawyer: 50 more lawmakers to face PDAF scam cases   ",
        "tweets.hashtags":"[]",
        "tweets.user_mentions":"[]",
        "tweets.urls":"['http:\/\/j.mp\/1JUzA6c']",
        "tweets.user_name":"ANCALERTS",
        "tweets.followers_count":5074484,
        "topics.title":"Revilla wants 34 defense witnesses"
    },
    {
        "topic":"17e7c861-f3cf-49d3-bf93-4daf4a99324c",
        "tweetID":641275868271280128,
        "relevancy":1,
        "tweets.created_at":"2015-08-09T15:44:15.000Z",
        "tweets.full_text":"Defense plans on bringing in 2 witnesses this afternoon. #CasausTrial.  ",
        "tweets.hashtags":"['CasausTrial']",
        "tweets.user_mentions":"[]",
        "tweets.urls":"[]",
        "tweets.user_name":"krqe",
        "tweets.followers_count":97281,
        "topics.title":"Revilla wants 34 defense witnesses"
    },
    {
        "topic":"17e7c861-f3cf-49d3-bf93-4daf4a99324c",
        "tweetID":642209143995150336,
        "relevancy":1,
        "tweets.created_at":"2015-11-09T05:32:46.000Z",
        "tweets.full_text":"Ive been trained as a lawyer, a trial lawyer, an all around lawyer. Im not\u2026.  ",
        "tweets.hashtags":"[]",
        "tweets.user_mentions":"['marcelo_beth']",
        "tweets.urls":"[]",
        "tweets.user_name":"gmanews",
        "tweets.followers_count":5849733,
        "topics.title":"Revilla wants 34 defense witnesses"
    },
    {
        "topic":"17e7c861-f3cf-49d3-bf93-4daf4a99324c",
        "tweetID":645912871885402113,
        "relevancy":1,
        "tweets.created_at":"2015-09-21T10:50:03.000Z",
        "tweets.full_text":"Napoles lawyer: Prosecution misled the court   ",
        "tweets.hashtags":"[]",
        "tweets.user_mentions":"[]",
        "tweets.urls":"['http:\/\/j.mp\/1j2ig9O']",
        "tweets.user_name":"ANCALERTS",
        "tweets.followers_count":5074484,
        "topics.title":"Revilla wants 34 defense witnesses"
    },
    {
        "topic":"17e7c861-f3cf-49d3-bf93-4daf4a99324c",
        "tweetID":646222031994748928,
        "relevancy":1,
        "tweets.created_at":"2015-09-22T07:18:33.000Z",
        "tweets.full_text":"CSO Demands Probe into Alleged Misuse of N3.6bn Power Training Fund   ",
        "tweets.hashtags":"[]",
        "tweets.user_mentions":"[]",
        "tweets.urls":"['http:\/\/bit.ly\/1ONejSv']",
        "tweets.user_name":"THISDAYLIVE",
        "tweets.followers_count":1377412,
        "topics.title":"Revilla wants 34 defense witnesses"
    },
    {
        "topic":"17e7c861-f3cf-49d3-bf93-4daf4a99324c",
        "tweetID":646222034909790208,
        "relevancy":1,
        "tweets.created_at":"2015-09-22T07:18:34.000Z",
        "tweets.full_text":"CSO Demands Probe into Alleged Misuse of N3.6bn Power Training Fund:    ",
        "tweets.hashtags":"[]",
        "tweets.user_mentions":"[]",
        "tweets.urls":"['http:\/\/bit.ly\/1QVMir6']",
        "tweets.user_name":"THISDAYLIVE",
        "tweets.followers_count":1377412,
        "topics.title":"Revilla wants 34 defense witnesses"
    },
    {
        "topic":"17e7c861-f3cf-49d3-bf93-4daf4a99324c",
        "tweetID":646223394472525824,
        "relevancy":1,
        "tweets.created_at":"2015-09-22T07:23:58.000Z",
        "tweets.full_text":"CSO Demands Probe into Alleged Misuse of N3.6bn Power Training Fund   ",
        "tweets.hashtags":"[]",
        "tweets.user_mentions":"[]",
        "tweets.urls":"['http:\/\/bit.ly\/1ONejSv']",
        "tweets.user_name":"SituationRoomNg",
        "tweets.followers_count":74119,
        "topics.title":"Revilla wants 34 defense witnesses"
    },
    {
        "topic":"17e7c861-f3cf-49d3-bf93-4daf4a99324c",
        "tweetID":647081833323212800,
        "relevancy":1,
        "tweets.created_at":"2015-09-24T16:15:05.000Z",
        "tweets.full_text":"Defense says it will have witnesses. No list or number yet. #tantrial.  ",
        "tweets.hashtags":"['tantrial']",
        "tweets.user_mentions":"['whec_nrudd']",
        "tweets.urls":"[]",
        "tweets.user_name":"news10nbc",
        "tweets.followers_count":122418,
        "topics.title":"Revilla wants 34 defense witnesses"
    },
    {
        "topic":"17e7c861-f3cf-49d3-bf93-4daf4a99324c",
        "tweetID":648993052716105728,
        "relevancy":1,
        "tweets.created_at":"2015-09-29T22:49:36.000Z",
        "tweets.full_text":". officer fired for alleged misuse of funds     ",
        "tweets.hashtags":"[]",
        "tweets.user_mentions":"[]",
        "tweets.urls":"['http:\/\/bit.ly\/1YNh4aP']",
        "tweets.user_name":"OUDaily",
        "tweets.followers_count":32909,
        "topics.title":"Revilla wants 34 defense witnesses"
    },
    {
        "topic":"17e7c861-f3cf-49d3-bf93-4daf4a99324c",
        "tweetID":649061773820174340,
        "relevancy":1,
        "tweets.created_at":"2015-09-30T03:22:40.000Z",
        "tweets.full_text":"Sen. Bong Revilla admits that he wants to run for president but not this coming elections | via   ",
        "tweets.hashtags":"[]",
        "tweets.user_mentions":"['marcelo_beth']",
        "tweets.urls":"[]",
        "tweets.user_name":"gmanews",
        "tweets.followers_count":5849733,
        "topics.title":"Revilla wants 34 defense witnesses"
    }
]