{
    "topic":"899a8c22-3bf4-4274-ae6b-d3ac4ee451e3",
    "topics.content":"Video will begin in 5 seconds.      More video  Recommended   Replay video      Apple unveils iPad Pro, Apple TV, iPhone 6S    Apple reveal the iPad Pro - their largest tablet to date - as well as Apple TV and new iPhone models with 3D touch.    PT0M54S   620  349      Apple\u00a0has unveiled\u00a0new iPhones alongside an updated version of its\u00a0Apple TV,\u00a0with an app store and a voice-controlled remote control, as well as\u00a0a 12.9-inch iPad Pro at a media event in San Francisco.   The new phones,\u00a0called iPhone 6s and 6s Plus, which look like their predecessors that\u00a0debuted\u00a0last year, add an improved camera, speedier processor and a new feature called 3D Touch that lets users make different commands and reach shortcuts and menus by pressing down harder or softer on the screen. The handsets come in four\u00a0colours\u00a0\u2014\u00a0silver, gray, gold and rose gold.      The new iPhone 6s and 6s Plus. Photo: Bloomberg        The phones will be available in Australia on September 25, and can be pre-ordered from Saturday\u00a0September\u00a012. The least expensive iPhone 6s, which has 16GB of storage, will cost $1079. The larger 6s Plus starts at $1229.      While they may look familiar,\u00a0we have changed everything about these new iPhones. said Cook. They are the most advanced smartphones in the world.   The 3D Touch features serves as a shortcut for commonly used applications. Pressing down on the camera icon on the iPhone gives a quick entry point for taking a\u00a0selfie. Pressing on an e-mail will give a preview of a new message.      The new Apple TV has a touch-enabled remote and a microphone for making commands.       The new phones will ship with iOS 9, the new operating system that will also power the new iPads and will roll out as an update to existing devices. The new software introduces more intelligent search features and, for iPad, advanced\u00a0multitasking.   The iPhone is Apples most important product category,\u00a0 driving\u00a0nearly two-thirds \u00a0of the companys $US49.6 billion in revenue in the most recent quarter.   Apple Chief Executive Tim\u00a0Cook described the new Apple TV, a product which the company long called a hobby, as the future of television, offering personalisation and ease of use. In the US it\u00a0starts at $US149.\u00a0      Hipster Whales Andy Sum demonstrates Crossy Road on the Apple TV. Photo: Apple        One of the marquee features of the device is the ability to\u00a0give\u00a0Siri\u00a0casual spoken commands like\u00a0Show me that\u00a0Modern Family\u00a0episode with Edward Norton, and have the intelligent assistant pluck the correct episode from your library or streaming service of choice.   The Apple TV runs on a new operating system called\u00a0tvOS, allowing developers to produce apps specifically for the big screen, including games. Australian game designer Andy Sum of Hipster Whale took the stage to show off a new version of the studios hit\u00a0Crossy\u00a0Road\u00a0that works on Apple TV and adds new multiplayer features.   Weve been working really hard, and really long, on TV, Cook said,\u00a0emphasising\u00a0the word long in a nod to the time it has taken the company to produce an ambitious TV product.      Tim Cook with the iPad Pro. Photo: Bloomberg        Cook had begun\u00a0the morning by talking up the Apple Watch, saying customer satisfaction for the new product was 97 per cent. Apple is working with French luxury goods maker Hermes on a new watch collection, and Facebook Messenger is coming to the device, he added.   He then rolled out the iPad Pro with a 12.9-inch screen and said it had performance similar to a desktop computer. Apple showed off a smart keyboard and a stylus called Pencil.   Apple said it had partnered with Cisco Systems and IBM to help power the iPad Pro, which it said is up to 1.8 times faster and has a 10-hour battery life. Apple announced partnerships with former rival Microsoft\u00a0and Adobe Systems, as well.   The new iPad will start at $US799 in the US, although the Pencil and keyboard is extra. An iPad Mini 4 was also unveiled. Australian pricing is yet to be announced.   Also announced were\u00a0a big new iPad aimed at business customers \u2014\u00a0which has an optional Pencil stylus and keyboard \u2014 and a pair of new iPhones\u00a0with\u00a0faster processors and new touch capabilities.   Fairfax Media, agencies.  ",
    "topics.title":"Apple announces iPhone 6s and iPhone 6s Plus, new Apple TV and iPad Pro",
    "topics.media-type":"News",
    "topics.source":"WA Today",
    "topics.published":"2015-09-09T20:05:01.000Z",
    "topic_tweets":21,
    "tweets.created_at_initial":"2015-09-09 17:19:18",
    "tweets.created_at_final":"2015-10-09 15:45:00",
    "tweets.time_interval":29.0
}