[
    {
        "topic":"899a8c22-3bf4-4274-ae6b-d3ac4ee451e3",
        "tweetID":641662176009191424,
        "relevancy":1,
        "tweets.created_at":"2015-09-09T17:19:18.000Z",
        "tweets.full_text":"Apple announces the Biggest news in iPad since the iPad - the iPad Pro. #AppleEvent.  ",
        "tweets.hashtags":"['AppleEvent']",
        "tweets.user_mentions":"[]",
        "tweets.urls":"[]",
        "tweets.user_name":"GadgetGuySite",
        "tweets.followers_count":20040,
        "topics.title":"Apple announces iPhone 6s and iPhone 6s Plus, new Apple TV and iPad Pro"
    },
    {
        "topic":"899a8c22-3bf4-4274-ae6b-d3ac4ee451e3",
        "tweetID":641662730840113153,
        "relevancy":2,
        "tweets.created_at":"2015-09-09T17:21:31.000Z",
        "tweets.full_text":"iPad Pro officially announced. The biggest iPad news since the iPad.\u201d #AppleEvent.  ",
        "tweets.hashtags":"['AppleEvent']",
        "tweets.user_mentions":"[]",
        "tweets.urls":"[]",
        "tweets.user_name":"ImChadCarter",
        "tweets.followers_count":1466,
        "topics.title":"Apple announces iPhone 6s and iPhone 6s Plus, new Apple TV and iPad Pro"
    },
    {
        "topic":"899a8c22-3bf4-4274-ae6b-d3ac4ee451e3",
        "tweetID":641664313388867584,
        "relevancy":1,
        "tweets.created_at":"2015-09-09T17:27:48.000Z",
        "tweets.full_text":"10-hour battery life for iPad Pro..  ",
        "tweets.hashtags":"[]",
        "tweets.user_mentions":"[]",
        "tweets.urls":"[]",
        "tweets.user_name":"iLounge",
        "tweets.followers_count":18466,
        "topics.title":"Apple announces iPhone 6s and iPhone 6s Plus, new Apple TV and iPad Pro"
    },
    {
        "topic":"899a8c22-3bf4-4274-ae6b-d3ac4ee451e3",
        "tweetID":641689346479886336,
        "relevancy":2,
        "tweets.created_at":"2015-09-09T19:07:16.000Z",
        "tweets.full_text":"Apple announces new iPad Pro, Apple TV and iPhone 6S and 6S Plus    ",
        "tweets.hashtags":"[]",
        "tweets.user_mentions":"[]",
        "tweets.urls":"['http:\/\/www.itv.com\/news\/story\/2015-09-09\/new-ipad-apple-tv-and-iphone-models-revealed\/']",
        "tweets.user_name":"itvnews",
        "tweets.followers_count":2389558,
        "topics.title":"Apple announces iPhone 6s and iPhone 6s Plus, new Apple TV and iPad Pro"
    },
    {
        "topic":"899a8c22-3bf4-4274-ae6b-d3ac4ee451e3",
        "tweetID":641691626331611136,
        "relevancy":2,
        "tweets.created_at":"2015-09-09T19:16:20.000Z",
        "tweets.full_text":"New Apple gadgets: iPhone 6S,  ginormous iPad Pro, gamier Apple TV   ",
        "tweets.hashtags":"[]",
        "tweets.user_mentions":"[]",
        "tweets.urls":"['http:\/\/boingboing.net\/2015\/09\/09\/new-apple-gadgets-iphone-6s.html']",
        "tweets.user_name":"BoingBoing",
        "tweets.followers_count":230117,
        "topics.title":"Apple announces iPhone 6s and iPhone 6s Plus, new Apple TV and iPad Pro"
    },
    {
        "topic":"899a8c22-3bf4-4274-ae6b-d3ac4ee451e3",
        "tweetID":641692061675053056,
        "relevancy":2,
        "tweets.created_at":"2015-09-09T19:18:04.000Z",
        "tweets.full_text":"Apple announces iPhone 6S, iPhone 6S Plus   ",
        "tweets.hashtags":"[]",
        "tweets.user_mentions":"[]",
        "tweets.urls":"['http:\/\/dlvr.it\/C64hf1']",
        "tweets.user_name":"iLounge",
        "tweets.followers_count":18466,
        "topics.title":"Apple announces iPhone 6s and iPhone 6s Plus, new Apple TV and iPad Pro"
    },
    {
        "topic":"899a8c22-3bf4-4274-ae6b-d3ac4ee451e3",
        "tweetID":641707648635805696,
        "relevancy":2,
        "tweets.created_at":"2015-09-09T20:20:00.000Z",
        "tweets.full_text":"Apple reveals new iPhone 6s and iPhone 6s Plus, new Apple TV and iPad Pro.  #AppleEvent.  ",
        "tweets.hashtags":"['AppleEvent']",
        "tweets.user_mentions":"[]",
        "tweets.urls":"['http:\/\/ow.ly\/S0lIZ']",
        "tweets.user_name":"smh",
        "tweets.followers_count":826718,
        "topics.title":"Apple announces iPhone 6s and iPhone 6s Plus, new Apple TV and iPad Pro"
    },
    {
        "topic":"899a8c22-3bf4-4274-ae6b-d3ac4ee451e3",
        "tweetID":641733083939540992,
        "relevancy":2,
        "tweets.created_at":"2015-09-09T22:01:04.000Z",
        "tweets.full_text":"Tim Cook unveils new iPhone 6S, Apple TV, iPad Pro   ",
        "tweets.hashtags":"[]",
        "tweets.user_mentions":"[]",
        "tweets.urls":"['http:\/\/on.wyff4.com\/1hYNvlf']",
        "tweets.user_name":"wyffnews4",
        "tweets.followers_count":121564,
        "topics.title":"Apple announces iPhone 6s and iPhone 6s Plus, new Apple TV and iPad Pro"
    },
    {
        "topic":"899a8c22-3bf4-4274-ae6b-d3ac4ee451e3",
        "tweetID":641733084656766976,
        "relevancy":2,
        "tweets.created_at":"2015-09-09T22:01:04.000Z",
        "tweets.full_text":"Tim Cook unveils new iPhone 6S, Apple TV, iPad Pro   ",
        "tweets.hashtags":"[]",
        "tweets.user_mentions":"[]",
        "tweets.urls":"['http:\/\/on.wpbf.com\/1hYNvlj']",
        "tweets.user_name":"WPBF25News",
        "tweets.followers_count":122539,
        "topics.title":"Apple announces iPhone 6s and iPhone 6s Plus, new Apple TV and iPad Pro"
    },
    {
        "topic":"899a8c22-3bf4-4274-ae6b-d3ac4ee451e3",
        "tweetID":641733167481647104,
        "relevancy":2,
        "tweets.created_at":"2015-09-09T22:01:24.000Z",
        "tweets.full_text":"#Apple unveils 3D #iPhone6s, giant iPad pro and TV with voice control   ",
        "tweets.hashtags":"['Apple', 'iPhone6s']",
        "tweets.user_mentions":"[]",
        "tweets.urls":"['http:\/\/ab.co\/1iepsQe']",
        "tweets.user_name":"abcnews",
        "tweets.followers_count":1748868,
        "topics.title":"Apple announces iPhone 6s and iPhone 6s Plus, new Apple TV and iPad Pro"
    },
    {
        "topic":"899a8c22-3bf4-4274-ae6b-d3ac4ee451e3",
        "tweetID":641744956642754560,
        "relevancy":2,
        "tweets.created_at":"2015-09-09T22:48:15.000Z",
        "tweets.full_text":"#Apple unveils iPad Pro, new iPhones, revamps Apple TV  #AppleEvent   ",
        "tweets.hashtags":"['Apple', 'AppleEvent']",
        "tweets.user_mentions":"[]",
        "tweets.urls":"['http:\/\/bit.ly\/1UCml5s']",
        "tweets.user_name":"FOX10Phoenix",
        "tweets.followers_count":312833,
        "topics.title":"Apple announces iPhone 6s and iPhone 6s Plus, new Apple TV and iPad Pro"
    },
    {
        "topic":"899a8c22-3bf4-4274-ae6b-d3ac4ee451e3",
        "tweetID":641751169979826176,
        "relevancy":2,
        "tweets.created_at":"2015-09-09T23:12:56.000Z",
        "tweets.full_text":"Apple launches iPhone 6s, iPhone 6s Plus, iPad Pro and Apple TV: Key points   ",
        "tweets.hashtags":"[]",
        "tweets.user_mentions":"[]",
        "tweets.urls":"['http:\/\/www.telegraph.co.uk\/technology\/apple\/iphone\/11855015\/Apple-launches-iPhone-6s-iPhone-6s-Plus-iPad-Pro-and-Apple-TV-Key-points.html']",
        "tweets.user_name":"richjm",
        "tweets.followers_count":4891,
        "topics.title":"Apple announces iPhone 6s and iPhone 6s Plus, new Apple TV and iPad Pro"
    },
    {
        "topic":"899a8c22-3bf4-4274-ae6b-d3ac4ee451e3",
        "tweetID":641755963175890945,
        "relevancy":2,
        "tweets.created_at":"2015-09-09T23:31:59.000Z",
        "tweets.full_text":"#news Apple unveils iPad Pro, new iPhones, revamps Apple TV - VIDEO: Will a new Apple TV blow away the streaming...   ",
        "tweets.hashtags":"['news']",
        "tweets.user_mentions":"[]",
        "tweets.urls":"['http:\/\/ow.ly\/33UM2b']",
        "tweets.user_name":"BuzzGist",
        "tweets.followers_count":442,
        "topics.title":"Apple announces iPhone 6s and iPhone 6s Plus, new Apple TV and iPad Pro"
    },
    {
        "topic":"899a8c22-3bf4-4274-ae6b-d3ac4ee451e3",
        "tweetID":641766619816042496,
        "relevancy":2,
        "tweets.created_at":"2015-10-09T00:14:20.000Z",
        "tweets.full_text":"Apple unveils new iPhone 6s, Apple TV and iPad Pro.   ",
        "tweets.hashtags":"[]",
        "tweets.user_mentions":"[]",
        "tweets.urls":"['http:\/\/go.fox59.com\/1XMgY2R']",
        "tweets.user_name":"FOX59",
        "tweets.followers_count":262080,
        "topics.title":"Apple announces iPhone 6s and iPhone 6s Plus, new Apple TV and iPad Pro"
    },
    {
        "topic":"899a8c22-3bf4-4274-ae6b-d3ac4ee451e3",
        "tweetID":641767593871695872,
        "relevancy":2,
        "tweets.created_at":"2015-10-09T00:18:12.000Z",
        "tweets.full_text":"Apple unveils new iPhone 6S, Apple TV and iPad Pro   ",
        "tweets.hashtags":"[]",
        "tweets.user_mentions":"[]",
        "tweets.urls":"['http:\/\/bit.ly\/1XNf0z1']",
        "tweets.user_name":"VirginiaNewser",
        "tweets.followers_count":617,
        "topics.title":"Apple announces iPhone 6s and iPhone 6s Plus, new Apple TV and iPad Pro"
    },
    {
        "topic":"899a8c22-3bf4-4274-ae6b-d3ac4ee451e3",
        "tweetID":641778419240308736,
        "relevancy":2,
        "tweets.created_at":"2015-10-09T01:01:13.000Z",
        "tweets.full_text":"Apple unveils new iPhone 6S, Apple TV and iPad Pro     ",
        "tweets.hashtags":"[]",
        "tweets.user_mentions":"[]",
        "tweets.urls":"['http:\/\/www.wsvn.com\/story\/29992566\/apple-unveils-new-iphone-6s-apple-tv-and-ipad-pro']",
        "tweets.user_name":"wsvn",
        "tweets.followers_count":408682,
        "topics.title":"Apple announces iPhone 6s and iPhone 6s Plus, new Apple TV and iPad Pro"
    },
    {
        "topic":"899a8c22-3bf4-4274-ae6b-d3ac4ee451e3",
        "tweetID":641789200069619713,
        "relevancy":2,
        "tweets.created_at":"2015-10-09T01:44:03.000Z",
        "tweets.full_text":"#Apple unveils new iPhone 6S, Apple TV and iPad Pro    ",
        "tweets.hashtags":"['Apple']",
        "tweets.user_mentions":"[]",
        "tweets.urls":"['http:\/\/go.kswbtv.com\/1UI0RPv']",
        "tweets.user_name":"fox5sandiego",
        "tweets.followers_count":196742,
        "topics.title":"Apple announces iPhone 6s and iPhone 6s Plus, new Apple TV and iPad Pro"
    },
    {
        "topic":"899a8c22-3bf4-4274-ae6b-d3ac4ee451e3",
        "tweetID":641926248663543808,
        "relevancy":2,
        "tweets.created_at":"2015-10-09T10:48:38.000Z",
        "tweets.full_text":"Apple unveils iPhone 6S, 6S Plus and huge new iPad Pro \u2013 in pictures   ",
        "tweets.hashtags":"[]",
        "tweets.user_mentions":"[]",
        "tweets.urls":"['http:\/\/news.ae\/1OBLm9Z']",
        "tweets.user_name":"TheNationalNews",
        "tweets.followers_count":1036418,
        "topics.title":"Apple announces iPhone 6s and iPhone 6s Plus, new Apple TV and iPad Pro"
    },
    {
        "topic":"899a8c22-3bf4-4274-ae6b-d3ac4ee451e3",
        "tweetID":641946891622699008,
        "relevancy":2,
        "tweets.created_at":"2015-10-09T12:10:40.000Z",
        "tweets.full_text":"Apple debuts larger iPad Pro, iPhone 6S, iPhone 6S Plus, new Apple TV   ",
        "tweets.hashtags":"[]",
        "tweets.user_mentions":"[]",
        "tweets.urls":"['http:\/\/bit.ly\/1VPCpOD']",
        "tweets.user_name":"StephGorinMedia",
        "tweets.followers_count":2713,
        "topics.title":"Apple announces iPhone 6s and iPhone 6s Plus, new Apple TV and iPad Pro"
    },
    {
        "topic":"899a8c22-3bf4-4274-ae6b-d3ac4ee451e3",
        "tweetID":642000831206690817,
        "relevancy":2,
        "tweets.created_at":"2015-10-09T15:45:00.000Z",
        "tweets.full_text":"As iPhone 6S launches, a new Apple TV and iPad Pro steal the show  via   ",
        "tweets.hashtags":"[]",
        "tweets.user_mentions":"['CNET']",
        "tweets.urls":"['http:\/\/cnet.co\/1JVXr8J']",
        "tweets.user_name":"producermariel",
        "tweets.followers_count":1692,
        "topics.title":"Apple announces iPhone 6s and iPhone 6s Plus, new Apple TV and iPad Pro"
    },
    {
        "topic":"899a8c22-3bf4-4274-ae6b-d3ac4ee451e3",
        "tweetID":643124165642358784,
        "relevancy":2,
        "tweets.created_at":"2015-09-13T18:08:44.000Z",
        "tweets.full_text":"Apple TV (2015) Preview: For all the excitement around the new iPhone 6S and iPad Pro, the new Apple TV was in...   ",
        "tweets.hashtags":"[]",
        "tweets.user_mentions":"[]",
        "tweets.urls":"['http:\/\/bit.ly\/1K6SJ6a']",
        "tweets.user_name":"thurrott",
        "tweets.followers_count":111927,
        "topics.title":"Apple announces iPhone 6s and iPhone 6s Plus, new Apple TV and iPad Pro"
    }
]