[
    {
        "topic":"83799f44-5dcc-40e8-ae84-c28f4757e173",
        "tweetID":638607258184650752,
        "relevancy":1,
        "tweets.created_at":"2015-01-09T07:00:09.000Z",
        "tweets.full_text":"ETTelecom | Oracle launches new enterprise-grade flash storage system   ",
        "tweets.hashtags":"[]",
        "tweets.user_mentions":"[]",
        "tweets.urls":"['http:\/\/telecom.economictimes.indiatimes.com\/news\/enterprise\/enterprise-services\/oracle-launches-new-enterprise-grade-flash-storage-system\/48752530']",
        "tweets.user_name":"ETTelecom",
        "tweets.followers_count":35418,
        "topics.title":"Fortinet launches most secure cloud-managed enterprise ..."
    },
    {
        "topic":"83799f44-5dcc-40e8-ae84-c28f4757e173",
        "tweetID":641331938838581253,
        "relevancy":1,
        "tweets.created_at":"2015-08-09T19:27:04.000Z",
        "tweets.full_text":". acquires  to advance identity and security in the cloud:   ",
        "tweets.hashtags":"[]",
        "tweets.user_mentions":"['Microsoft', 'Adallom']",
        "tweets.urls":"['http:\/\/blogs.microsoft.com\/blog\/2015\/09\/08\/microsoft-acquires-adallom-to-advance-identity-and-security-in-the-cloud\/']",
        "tweets.user_name":"rspruijt",
        "tweets.followers_count":10686,
        "topics.title":"Fortinet launches most secure cloud-managed enterprise ..."
    },
    {
        "topic":"83799f44-5dcc-40e8-ae84-c28f4757e173",
        "tweetID":641664947097759744,
        "relevancy":1,
        "tweets.created_at":"2015-09-09T17:30:19.000Z",
        "tweets.full_text":"ETTelecom | Lifesize launches Lifesize Cloud Amplify service   ",
        "tweets.hashtags":"[]",
        "tweets.user_mentions":"[]",
        "tweets.urls":"['http:\/\/telecom.economictimes.indiatimes.com\/news\/enterprise\/enterprise-services\/lifesize-launches-lifesize-cloud-amplify-service\/48886422']",
        "tweets.user_name":"ETTelecom",
        "tweets.followers_count":35418,
        "topics.title":"Fortinet launches most secure cloud-managed enterprise ..."
    },
    {
        "topic":"83799f44-5dcc-40e8-ae84-c28f4757e173",
        "tweetID":643340094779166720,
        "relevancy":1,
        "tweets.created_at":"2015-09-14T08:26:45.000Z",
        "tweets.full_text":"Deploy a #golang photo archive in the cloud   ",
        "tweets.hashtags":"['golang']",
        "tweets.user_mentions":"[]",
        "tweets.urls":"['http:\/\/www.ibm.com\/developerworks\/cloud\/library\/cl-golang-photo-archive-bluemix\/index.html']",
        "tweets.user_name":"IndianGuru",
        "tweets.followers_count":8623,
        "topics.title":"Fortinet launches most secure cloud-managed enterprise ..."
    },
    {
        "topic":"83799f44-5dcc-40e8-ae84-c28f4757e173",
        "tweetID":644099838561394688,
        "relevancy":1,
        "tweets.created_at":"2015-09-16T10:45:42.000Z",
        "tweets.full_text":"Sophos Cloud helps you manage endpoint security and mobile devices from one unified cloud console. Learn more:   ",
        "tweets.hashtags":"[]",
        "tweets.user_mentions":"[]",
        "tweets.urls":"['https:\/\/secure2.sophos.com\/en-us\/products\/cloud.aspx?cmp=701j0000000ipqMAAQ']",
        "tweets.user_name":"Sophos",
        "tweets.followers_count":31485,
        "topics.title":"Fortinet launches most secure cloud-managed enterprise ..."
    },
    {
        "topic":"83799f44-5dcc-40e8-ae84-c28f4757e173",
        "tweetID":644765620131663872,
        "relevancy":1,
        "tweets.created_at":"2015-09-18T06:51:17.000Z",
        "tweets.full_text":"Why it is essential to add the \u2018S\u2019 of security to Cloud, Analytics, Mobile and Social    ",
        "tweets.hashtags":"[]",
        "tweets.user_mentions":"[]",
        "tweets.urls":"['http:\/\/forbesindia.com\/blog\/business-strategy\/security-in-the-age-of-digital-technology\/']",
        "tweets.user_name":"forbes_india",
        "tweets.followers_count":1249363,
        "topics.title":"Fortinet launches most secure cloud-managed enterprise ..."
    },
    {
        "topic":"83799f44-5dcc-40e8-ae84-c28f4757e173",
        "tweetID":646715724631801857,
        "relevancy":1,
        "tweets.created_at":"2015-09-23T16:00:18.000Z",
        "tweets.full_text":"Google Launches Cloud Dataproc, A Managed Spark And Hadoop Big Data Service  by   ",
        "tweets.hashtags":"[]",
        "tweets.user_mentions":"['fredericl']",
        "tweets.urls":"['http:\/\/tcrn.ch\/1ORRSLS']",
        "tweets.user_name":"TechCrunch",
        "tweets.followers_count":10145447,
        "topics.title":"Fortinet launches most secure cloud-managed enterprise ..."
    },
    {
        "topic":"83799f44-5dcc-40e8-ae84-c28f4757e173",
        "tweetID":646731935071399936,
        "relevancy":1,
        "tweets.created_at":"2015-09-23T17:04:43.000Z",
        "tweets.full_text":"Google Launches Cloud Dataproc, A Managed Spark And Hadoop Big Data Service (    ",
        "tweets.hashtags":"[]",
        "tweets.user_mentions":"['Techmeme', 'fredericl']",
        "tweets.urls":"['http:\/\/techcrunch.com\/2015\/09\/23\/google-launches-cloud-dataproc-a-managed-spark-and-hadoop-big-data-service\/']",
        "tweets.user_name":"fredericl",
        "tweets.followers_count":25906,
        "topics.title":"Fortinet launches most secure cloud-managed enterprise ..."
    },
    {
        "topic":"83799f44-5dcc-40e8-ae84-c28f4757e173",
        "tweetID":647364151656906752,
        "relevancy":2,
        "tweets.created_at":"2015-09-25T10:56:55.000Z",
        "tweets.full_text":"Cloud, mobility, analytics, social, AI, unified communications, digital design, n wireless comm have redefined architecture of organizations.  ",
        "tweets.hashtags":"[]",
        "tweets.user_mentions":"[]",
        "tweets.urls":"[]",
        "tweets.user_name":"Ai_Connects_Us",
        "tweets.followers_count":5729,
        "topics.title":"Fortinet launches most secure cloud-managed enterprise ..."
    },
    {
        "topic":"83799f44-5dcc-40e8-ae84-c28f4757e173",
        "tweetID":648177241436852224,
        "relevancy":1,
        "tweets.created_at":"2015-09-27T16:47:51.000Z",
        "tweets.full_text":"Coding In The Cloud Era Demands A Structural Rethink To Bake In Security And Privacy   ",
        "tweets.hashtags":"[]",
        "tweets.user_mentions":"[]",
        "tweets.urls":"['http:\/\/ift.tt\/1MS5bg2']",
        "tweets.user_name":"harokas",
        "tweets.followers_count":16072,
        "topics.title":"Fortinet launches most secure cloud-managed enterprise ..."
    },
    {
        "topic":"83799f44-5dcc-40e8-ae84-c28f4757e173",
        "tweetID":648357491022110720,
        "relevancy":1,
        "tweets.created_at":"2015-09-28T04:44:06.000Z",
        "tweets.full_text":"Coding in the cloud era demands a structural rethink to bake in security and privacy   ",
        "tweets.hashtags":"[]",
        "tweets.user_mentions":"[]",
        "tweets.urls":"['http:\/\/tcrn.ch\/1JwWwrN']",
        "tweets.user_name":"TechCrunch",
        "tweets.followers_count":10145447,
        "topics.title":"Fortinet launches most secure cloud-managed enterprise ..."
    },
    {
        "topic":"83799f44-5dcc-40e8-ae84-c28f4757e173",
        "tweetID":649180398572978176,
        "relevancy":1,
        "tweets.created_at":"2015-09-30T11:14:02.000Z",
        "tweets.full_text":"Oracle Launches SOA Cloud Service and API Manager Cloud Service   ",
        "tweets.hashtags":"[]",
        "tweets.user_mentions":"['Gadgets_360']",
        "tweets.urls":"['http:\/\/gadgets.ndtv.com\/internet\/news\/oracle-launches-soa-cloud-service-and-api-manager-cloud-service-746527']",
        "tweets.user_name":"ndtv",
        "tweets.followers_count":14553127,
        "topics.title":"Fortinet launches most secure cloud-managed enterprise ..."
    }
]