{
    "topic":"bf88166e-76fe-4605-97df-bb63f5a1806c",
    "topics.content":"migrants died off the coast of Turkey today after the inflatable dinghy carrying them to Greece collided with a ferry, Turkish media reported. Four children were among the victims of the accident involving a boat carrying 46 migrants from the northwestern Turkish port of Canakkale to the Greek island of Lesbos, Dogan news agency reported.      Twenty people were rescued and 13 people were still missing, the report added.There was no information on the nationalities of the migrants.      The sinking was the second Sunday in the Aegean Sea, with the Greek coastguard reporting another two dozen feared missing from a boat that got into trouble close to Lesbos. The coastguard said it had rescued 20 people spotted in the water by a helicopter deployed by EU border agency Frontex, but the survivors said another 26 people had been in the boat. Yesterday, a five-year-old Syrian girl died in another attempted crossing from Turkey to Greece \u2014 a perilous journey that has claimed hundreds of migrant lives this year.     POST YOUR COMMENTS.  ",
    "topics.title":"13 dead in migrant boat collision with ferry off Turkey",
    "topics.media-type":"News",
    "topics.source":"New Delhi Pioneer",
    "topics.published":"2015-09-20T22:09:35.000Z",
    "topic_tweets":39,
    "tweets.created_at_initial":"2015-02-09 07:59:00",
    "tweets.created_at_final":"2015-10-09 07:00:42",
    "tweets.time_interval":241.0
}