[
    {
        "topic":"bf88166e-76fe-4605-97df-bb63f5a1806c",
        "tweetID":638984453419859968,
        "relevancy":2,
        "tweets.created_at":"2015-02-09T07:59:00.000Z",
        "tweets.full_text":"Eleven migrants drown heading from #Turkey to Greek island: media  #refugeecrisis #Greece.  ",
        "tweets.hashtags":"['Turkey', 'refugeecrisis', 'Greece']",
        "tweets.user_mentions":"[]",
        "tweets.urls":"['http:\/\/reut.rs\/1PKT69S']",
        "tweets.user_name":"YanniKouts",
        "tweets.followers_count":73082,
        "topics.title":"13 dead in migrant boat collision with ferry off Turkey"
    },
    {
        "topic":"bf88166e-76fe-4605-97df-bb63f5a1806c",
        "tweetID":640186159851671553,
        "relevancy":1,
        "tweets.created_at":"2015-05-09T15:34:09.000Z",
        "tweets.full_text":"Greek coastguard says newborn migrant boy found dead  via   ",
        "tweets.hashtags":"[]",
        "tweets.user_mentions":"['paknews']",
        "tweets.urls":"['http:\/\/goo.gl\/fb\/M6CS6U']",
        "tweets.user_name":"paknews",
        "tweets.followers_count":71905,
        "topics.title":"13 dead in migrant boat collision with ferry off Turkey"
    },
    {
        "topic":"bf88166e-76fe-4605-97df-bb63f5a1806c",
        "tweetID":640268189272817664,
        "relevancy":2,
        "tweets.created_at":"2015-05-09T21:00:06.000Z",
        "tweets.full_text":"Greek coastguard says newborn migrant boy found dead   ",
        "tweets.hashtags":"[]",
        "tweets.user_mentions":"[]",
        "tweets.urls":"['http:\/\/www.news24.com\/World\/News\/Greek-coastguard-says-newborn-migrant-boy-found-dead-20150905']",
        "tweets.user_name":"News24",
        "tweets.followers_count":3830747,
        "topics.title":"13 dead in migrant boat collision with ferry off Turkey"
    },
    {
        "topic":"bf88166e-76fe-4605-97df-bb63f5a1806c",
        "tweetID":641834180423368708,
        "relevancy":2,
        "tweets.created_at":"2015-10-09T04:42:47.000Z",
        "tweets.full_text":"IN PIC: Migrants arrive on the shores of a Greek island after crossing the Aegean Sea from #Turkey on a dinghy.  ",
        "tweets.hashtags":"['Turkey']",
        "tweets.user_mentions":"[]",
        "tweets.urls":"[]",
        "tweets.user_name":"ETIntlBusiness",
        "tweets.followers_count":31399,
        "topics.title":"13 dead in migrant boat collision with ferry off Turkey"
    },
    {
        "topic":"bf88166e-76fe-4605-97df-bb63f5a1806c",
        "tweetID":641868887936606208,
        "relevancy":1,
        "tweets.created_at":"2015-10-09T07:00:42.000Z",
        "tweets.full_text":"Turkish fighter jets enter Greek air space  #greece.  ",
        "tweets.hashtags":"['greece']",
        "tweets.user_mentions":"[]",
        "tweets.urls":"['http:\/\/www.ekathimerini.com\/201360']",
        "tweets.user_name":"ekathimerini",
        "tweets.followers_count":52454,
        "topics.title":"13 dead in migrant boat collision with ferry off Turkey"
    },
    {
        "topic":"bf88166e-76fe-4605-97df-bb63f5a1806c",
        "tweetID":644093563006001152,
        "relevancy":1,
        "tweets.created_at":"2015-09-16T10:20:46.000Z",
        "tweets.full_text":"Refugees remained stranded near the Greek border, after being barred by Turkish authorities. Photo  \u2026.  ",
        "tweets.hashtags":"['Turkey']",
        "tweets.user_mentions":"['StephaneArnaud_', 'Kilicbil']",
        "tweets.urls":"[]",
        "tweets.user_name":"Kilicbil",
        "tweets.followers_count":12208,
        "topics.title":"13 dead in migrant boat collision with ferry off Turkey"
    },
    {
        "topic":"bf88166e-76fe-4605-97df-bb63f5a1806c",
        "tweetID":645162703099691008,
        "relevancy":2,
        "tweets.created_at":"2015-09-19T09:09:09.000Z",
        "tweets.full_text":"Greek coastguard says a young migrant child has died and 13 people are missing in sea off Greek island.  ",
        "tweets.hashtags":"[]",
        "tweets.user_mentions":"[]",
        "tweets.urls":"[]",
        "tweets.user_name":"SkyNewsBreak",
        "tweets.followers_count":4681836,
        "topics.title":"13 dead in migrant boat collision with ferry off Turkey"
    },
    {
        "topic":"bf88166e-76fe-4605-97df-bb63f5a1806c",
        "tweetID":645170370417332224,
        "relevancy":2,
        "tweets.created_at":"2015-09-19T09:39:37.000Z",
        "tweets.full_text":"EUROPE MIGRANT CRISIS: Young migrant child dead, 13 missing in sea off Greek island    ",
        "tweets.hashtags":"[]",
        "tweets.user_mentions":"[]",
        "tweets.urls":"['http:\/\/tdy.sg\/1gA6G3L']",
        "tweets.user_name":"TODAYonline",
        "tweets.followers_count":681260,
        "topics.title":"13 dead in migrant boat collision with ferry off Turkey"
    },
    {
        "topic":"bf88166e-76fe-4605-97df-bb63f5a1806c",
        "tweetID":645292152105271296,
        "relevancy":2,
        "tweets.created_at":"2015-09-19T17:43:32.000Z",
        "tweets.full_text":"Migrant girl, 5, drowns along with others off Greek island of Lesbos #refugeescrisis    ",
        "tweets.hashtags":"['refugeescrisis']",
        "tweets.user_mentions":"[]",
        "tweets.urls":"['http:\/\/www.ottawasun.com\/2015\/09\/19\/migrant-girl-believed-to-be-5-drowns-13-others-feared-dead-as-boat-sinks-off-greek-island']",
        "tweets.user_name":"ottawasuncom",
        "tweets.followers_count":99017,
        "topics.title":"13 dead in migrant boat collision with ferry off Turkey"
    },
    {
        "topic":"bf88166e-76fe-4605-97df-bb63f5a1806c",
        "tweetID":645475001253163008,
        "relevancy":2,
        "tweets.created_at":"2015-09-20T05:50:07.000Z",
        "tweets.full_text":"Greek coastguard is searching for 26 migrants who went missing off the coast of #Lesbos - 20 others have been rescued.  ",
        "tweets.hashtags":"['Lesbos']",
        "tweets.user_mentions":"[]",
        "tweets.urls":"[]",
        "tweets.user_name":"SkyNewsBreak",
        "tweets.followers_count":4681836,
        "topics.title":"13 dead in migrant boat collision with ferry off Turkey"
    },
    {
        "topic":"bf88166e-76fe-4605-97df-bb63f5a1806c",
        "tweetID":645494003379650560,
        "relevancy":2,
        "tweets.created_at":"2015-09-20T07:05:37.000Z",
        "tweets.full_text":"26 migrants are feared missing after a dinghy carrying them sank off the Greek island of Lesbos   ",
        "tweets.hashtags":"[]",
        "tweets.user_mentions":"[]",
        "tweets.urls":"['http:\/\/bit.ly\/1ipOmLW']",
        "tweets.user_name":"rtenews",
        "tweets.followers_count":924482,
        "topics.title":"13 dead in migrant boat collision with ferry off Turkey"
    },
    {
        "topic":"bf88166e-76fe-4605-97df-bb63f5a1806c",
        "tweetID":645495554449870849,
        "relevancy":2,
        "tweets.created_at":"2015-09-20T07:11:47.000Z",
        "tweets.full_text":"At least 26 #migrants missing after their boat sinks off the Greek island of Lesbos, says coast guard on Sunday.  ",
        "tweets.hashtags":"['migrants']",
        "tweets.user_mentions":"[]",
        "tweets.urls":"[]",
        "tweets.user_name":"CGTNOfficial",
        "tweets.followers_count":13679450,
        "topics.title":"13 dead in migrant boat collision with ferry off Turkey"
    },
    {
        "topic":"bf88166e-76fe-4605-97df-bb63f5a1806c",
        "tweetID":645501347572355072,
        "relevancy":2,
        "tweets.created_at":"2015-09-20T07:34:48.000Z",
        "tweets.full_text":"Breaking: refugees missing in new boat sinking off the coast of #Lesbos #Greece #refugeecrisis #refugeesGr.  ",
        "tweets.hashtags":"['Lesbos', 'Greece', 'refugeecrisis', 'refugeesGr']",
        "tweets.user_mentions":"[]",
        "tweets.urls":"[]",
        "tweets.user_name":"KallergisK",
        "tweets.followers_count":5182,
        "topics.title":"13 dead in migrant boat collision with ferry off Turkey"
    },
    {
        "topic":"bf88166e-76fe-4605-97df-bb63f5a1806c",
        "tweetID":645510531567255552,
        "relevancy":2,
        "tweets.created_at":"2015-09-20T08:11:18.000Z",
        "tweets.full_text":"26 people missing after inflatable dinghy carrying refugees sinks off Greek island of Lesbos:    ",
        "tweets.hashtags":"[]",
        "tweets.user_mentions":"[]",
        "tweets.urls":"['http:\/\/bit.ly\/1JirtzG']",
        "tweets.user_name":"NewstalkFM",
        "tweets.followers_count":261146,
        "topics.title":"13 dead in migrant boat collision with ferry off Turkey"
    },
    {
        "topic":"bf88166e-76fe-4605-97df-bb63f5a1806c",
        "tweetID":645511031968690176,
        "relevancy":2,
        "tweets.created_at":"2015-09-20T08:13:17.000Z",
        "tweets.full_text":"   ",
        "tweets.hashtags":"[]",
        "tweets.user_mentions":"['NewstalkFM']",
        "tweets.urls":"['http:\/\/bit.ly\/1JirtzG']",
        "tweets.user_name":"tzaf",
        "tweets.followers_count":2716,
        "topics.title":"13 dead in migrant boat collision with ferry off Turkey"
    },
    {
        "topic":"bf88166e-76fe-4605-97df-bb63f5a1806c",
        "tweetID":645551578859089920,
        "relevancy":2,
        "tweets.created_at":"2015-09-20T10:54:24.000Z",
        "tweets.full_text":"#BREAKING 13 dead in migrant boat collision with ferry off Turkey: report   ",
        "tweets.hashtags":"['BREAKING']",
        "tweets.user_mentions":"[]",
        "tweets.urls":"[]",
        "tweets.user_name":"AFP",
        "tweets.followers_count":1966807,
        "topics.title":"13 dead in migrant boat collision with ferry off Turkey"
    },
    {
        "topic":"bf88166e-76fe-4605-97df-bb63f5a1806c",
        "tweetID":645551710476222464,
        "relevancy":2,
        "tweets.created_at":"2015-09-20T10:54:56.000Z",
        "tweets.full_text":"13 dead in migrant boat collision with ferry off Turkey: report | via    ",
        "tweets.hashtags":"[]",
        "tweets.user_mentions":"['AFP']",
        "tweets.urls":"[]",
        "tweets.user_name":"gmanews",
        "tweets.followers_count":5849733,
        "topics.title":"13 dead in migrant boat collision with ferry off Turkey"
    },
    {
        "topic":"bf88166e-76fe-4605-97df-bb63f5a1806c",
        "tweetID":645551885181657088,
        "relevancy":2,
        "tweets.created_at":"2015-09-20T10:55:37.000Z",
        "tweets.full_text":"BREAKING: 13 dead in migrant boat collision with ferry off Turkey: report   ",
        "tweets.hashtags":"[]",
        "tweets.user_mentions":"['AFP']",
        "tweets.urls":"[]",
        "tweets.user_name":"HarunMaruf",
        "tweets.followers_count":349631,
        "topics.title":"13 dead in migrant boat collision with ferry off Turkey"
    },
    {
        "topic":"bf88166e-76fe-4605-97df-bb63f5a1806c",
        "tweetID":645552194100588544,
        "relevancy":2,
        "tweets.created_at":"2015-09-20T10:56:51.000Z",
        "tweets.full_text":"13 dead in refugee boat collision with ferry off #Turkey..  ",
        "tweets.hashtags":"['Turkey']",
        "tweets.user_mentions":"[]",
        "tweets.urls":"[]",
        "tweets.user_name":"IraqiSecurity",
        "tweets.followers_count":41941,
        "topics.title":"13 dead in migrant boat collision with ferry off Turkey"
    },
    {
        "topic":"bf88166e-76fe-4605-97df-bb63f5a1806c",
        "tweetID":645561385104056320,
        "relevancy":2,
        "tweets.created_at":"2015-09-20T11:33:22.000Z",
        "tweets.full_text":"Coast guard: 13 migrants die after boat collides with ferry off the Turkish coast (AP)..  ",
        "tweets.hashtags":"[]",
        "tweets.user_mentions":"[]",
        "tweets.urls":"[]",
        "tweets.user_name":"FOX29philly",
        "tweets.followers_count":618037,
        "topics.title":"13 dead in migrant boat collision with ferry off Turkey"
    },
    {
        "topic":"bf88166e-76fe-4605-97df-bb63f5a1806c",
        "tweetID":645562057119649792,
        "relevancy":2,
        "tweets.created_at":"2015-09-20T11:36:03.000Z",
        "tweets.full_text":"Thirteen migrants trying to reach Greece drown off coast of Turkey as dinghy collides with ferry, Turkish media say   ",
        "tweets.hashtags":"[]",
        "tweets.user_mentions":"[]",
        "tweets.urls":"['http:\/\/bbc.in\/1Mzx6RV']",
        "tweets.user_name":"BreakingCoDotUK",
        "tweets.followers_count":76181,
        "topics.title":"13 dead in migrant boat collision with ferry off Turkey"
    },
    {
        "topic":"bf88166e-76fe-4605-97df-bb63f5a1806c",
        "tweetID":645563177476988928,
        "relevancy":2,
        "tweets.created_at":"2015-09-20T11:40:30.000Z",
        "tweets.full_text":"JUST IN: Reports 13 migrants have died after a boat collided with a ferry off the Turkish coast. #9News.  ",
        "tweets.hashtags":"['9News']",
        "tweets.user_mentions":"[]",
        "tweets.urls":"[]",
        "tweets.user_name":"9NewsAUS",
        "tweets.followers_count":616114,
        "topics.title":"13 dead in migrant boat collision with ferry off Turkey"
    },
    {
        "topic":"bf88166e-76fe-4605-97df-bb63f5a1806c",
        "tweetID":645563351037308929,
        "relevancy":2,
        "tweets.created_at":"2015-09-20T11:41:11.000Z",
        "tweets.full_text":"Thirteen migrants trying to reach Greece drown off coast of Turkey as dinghy collides with ferry, Turkish media say   ",
        "tweets.hashtags":"[]",
        "tweets.user_mentions":"[]",
        "tweets.urls":"['http:\/\/bbc.in\/1YqNVlz']",
        "tweets.user_name":"BBCBreaking",
        "tweets.followers_count":47325687,
        "topics.title":"13 dead in migrant boat collision with ferry off Turkey"
    },
    {
        "topic":"bf88166e-76fe-4605-97df-bb63f5a1806c",
        "tweetID":645563717975941121,
        "relevancy":2,
        "tweets.created_at":"2015-09-20T11:42:39.000Z",
        "tweets.full_text":"Thirteen migrants trying to reach Greece drown off coast of Turkey as dinghy collides with ferry, Turkish media say   ",
        "tweets.hashtags":"[]",
        "tweets.user_mentions":"['BBCBreaking']",
        "tweets.urls":"[]",
        "tweets.user_name":"addisstandard",
        "tweets.followers_count":198611,
        "topics.title":"13 dead in migrant boat collision with ferry off Turkey"
    },
    {
        "topic":"bf88166e-76fe-4605-97df-bb63f5a1806c",
        "tweetID":645571465987944448,
        "relevancy":2,
        "tweets.created_at":"2015-09-20T12:13:26.000Z",
        "tweets.full_text":"Accident took place close to the port of Canakkale, western #Turkey. At least 13 people dead (inc. 4 children), 20 rescued, 13 missing..  ",
        "tweets.hashtags":"['Turkey']",
        "tweets.user_mentions":"[]",
        "tweets.urls":"[]",
        "tweets.user_name":"IraqiSecurity",
        "tweets.followers_count":41941,
        "topics.title":"13 dead in migrant boat collision with ferry off Turkey"
    },
    {
        "topic":"bf88166e-76fe-4605-97df-bb63f5a1806c",
        "tweetID":645572480611053568,
        "relevancy":2,
        "tweets.created_at":"2015-09-20T12:17:28.000Z",
        "tweets.full_text":"The Latest: Coast guard: 13 migrants die after boat collides with ferry off the Turkish coast   ",
        "tweets.hashtags":"[]",
        "tweets.user_mentions":"[]",
        "tweets.urls":"['http:\/\/n.mynews.ly\/!MB.C4qvr']",
        "tweets.user_name":"dromografos",
        "tweets.followers_count":31676,
        "topics.title":"13 dead in migrant boat collision with ferry off Turkey"
    },
    {
        "topic":"bf88166e-76fe-4605-97df-bb63f5a1806c",
        "tweetID":645573677011091456,
        "relevancy":2,
        "tweets.created_at":"2015-09-20T12:22:13.000Z",
        "tweets.full_text":"13 refugees reported to have died after their boat collided with ferry off Turkish coast:   ",
        "tweets.hashtags":"[]",
        "tweets.user_mentions":"[]",
        "tweets.urls":"['http:\/\/bit.ly\/1JirtzG']",
        "tweets.user_name":"NewstalkFM",
        "tweets.followers_count":261146,
        "topics.title":"13 dead in migrant boat collision with ferry off Turkey"
    },
    {
        "topic":"bf88166e-76fe-4605-97df-bb63f5a1806c",
        "tweetID":645574362997870592,
        "relevancy":2,
        "tweets.created_at":"2015-09-20T12:24:56.000Z",
        "tweets.full_text":"At least 13 migrants have died after their dinghy collided with a ferry, the Turkish Coastguard says.   ",
        "tweets.hashtags":"[]",
        "tweets.user_mentions":"[]",
        "tweets.urls":"['http:\/\/www.bbc.com\/news\/world-europe-34307745']",
        "tweets.user_name":"ASE",
        "tweets.followers_count":74510,
        "topics.title":"13 dead in migrant boat collision with ferry off Turkey"
    },
    {
        "topic":"bf88166e-76fe-4605-97df-bb63f5a1806c",
        "tweetID":645582053119922177,
        "relevancy":2,
        "tweets.created_at":"2015-09-20T12:55:30.000Z",
        "tweets.full_text":"At least 13 dead in migrant boat collision with ferry off Turkey   ",
        "tweets.hashtags":"[]",
        "tweets.user_mentions":"[]",
        "tweets.urls":"['http:\/\/gmane.ws\/1YqXnFz']",
        "tweets.user_name":"gmanewsbreaking",
        "tweets.followers_count":1572139,
        "topics.title":"13 dead in migrant boat collision with ferry off Turkey"
    },
    {
        "topic":"bf88166e-76fe-4605-97df-bb63f5a1806c",
        "tweetID":645588236622917632,
        "relevancy":2,
        "tweets.created_at":"2015-09-20T13:20:04.000Z",
        "tweets.full_text":"13 dead in migrant boat collision with ferry off Turkey   ",
        "tweets.hashtags":"[]",
        "tweets.user_mentions":"[]",
        "tweets.urls":"['http:\/\/timesofindia.indiatimes.com\/world\/middle-east\/13-dead-in-migrant-boat-collision-with-ferry-off-Turkey\/articleshow\/49035027.cms?utm_source=twitter.com&utm_medium=referral&utm_campaign=TOIWorldNews']",
        "tweets.user_name":"TOIWorld",
        "tweets.followers_count":68762,
        "topics.title":"13 dead in migrant boat collision with ferry off Turkey"
    },
    {
        "topic":"bf88166e-76fe-4605-97df-bb63f5a1806c",
        "tweetID":645601496969703424,
        "relevancy":2,
        "tweets.created_at":"2015-09-20T14:12:46.000Z",
        "tweets.full_text":"At least 13 dead in #migrant boat collision with ferry off #Turkey   ",
        "tweets.hashtags":"['migrant', 'Turkey']",
        "tweets.user_mentions":"[]",
        "tweets.urls":"['http:\/\/news.yahoo.com\/13-dead-migrant-boat-collision-ferry-off-turkey-110115526.html?soc_src=mediacontentstory&soc_trk=tw']",
        "tweets.user_name":"RandaHabib",
        "tweets.followers_count":36117,
        "topics.title":"13 dead in migrant boat collision with ferry off Turkey"
    },
    {
        "topic":"bf88166e-76fe-4605-97df-bb63f5a1806c",
        "tweetID":645610620100980736,
        "relevancy":2,
        "tweets.created_at":"2015-09-20T14:49:01.000Z",
        "tweets.full_text":"At least 13 migrants, including children, have died after their dinghy and a ferry collided off the coast of Turkey..  ",
        "tweets.hashtags":"[]",
        "tweets.user_mentions":"[]",
        "tweets.urls":"[]",
        "tweets.user_name":"SAfmnews",
        "tweets.followers_count":596456,
        "topics.title":"13 dead in migrant boat collision with ferry off Turkey"
    },
    {
        "topic":"bf88166e-76fe-4605-97df-bb63f5a1806c",
        "tweetID":645632405068476416,
        "relevancy":2,
        "tweets.created_at":"2015-09-20T16:15:35.000Z",
        "tweets.full_text":"At least 13 dead in migrant boat collision with ferry off Turkey   ",
        "tweets.hashtags":"[]",
        "tweets.user_mentions":"[]",
        "tweets.urls":"['http:\/\/bit.ly\/1Mkh23n']",
        "tweets.user_name":"DailyStarLeb",
        "tweets.followers_count":71198,
        "topics.title":"13 dead in migrant boat collision with ferry off Turkey"
    },
    {
        "topic":"bf88166e-76fe-4605-97df-bb63f5a1806c",
        "tweetID":645636300926640130,
        "relevancy":2,
        "tweets.created_at":"2015-09-20T16:31:04.000Z",
        "tweets.full_text":"At least 13 dead in migrant boat collision with ferry off Turkey   ",
        "tweets.hashtags":"[]",
        "tweets.user_mentions":"[]",
        "tweets.urls":"['http:\/\/gmane.ws\/1YqXnFz']",
        "tweets.user_name":"gmanews",
        "tweets.followers_count":5849733,
        "topics.title":"13 dead in migrant boat collision with ferry off Turkey"
    },
    {
        "topic":"bf88166e-76fe-4605-97df-bb63f5a1806c",
        "tweetID":645649874885722113,
        "relevancy":2,
        "tweets.created_at":"2015-09-20T17:25:00.000Z",
        "tweets.full_text":"Six refugee children among 13 dead after ferry hits inflatable dinghy.   ",
        "tweets.hashtags":"[]",
        "tweets.user_mentions":"['ayeshacarmouche']",
        "tweets.urls":"['http:\/\/google.com\/newsstand\/s\/CBIwjpLxnig']",
        "tweets.user_name":"IanDunt",
        "tweets.followers_count":314931,
        "topics.title":"13 dead in migrant boat collision with ferry off Turkey"
    },
    {
        "topic":"bf88166e-76fe-4605-97df-bb63f5a1806c",
        "tweetID":645749328305238016,
        "relevancy":2,
        "tweets.created_at":"2015-09-21T00:00:11.000Z",
        "tweets.full_text":"13 refugees reported to have died after their boat collided with ferry off Turkish coast:   ",
        "tweets.hashtags":"[]",
        "tweets.user_mentions":"[]",
        "tweets.urls":"['http:\/\/bit.ly\/1JirtzG']",
        "tweets.user_name":"NewstalkFM",
        "tweets.followers_count":261146,
        "topics.title":"13 dead in migrant boat collision with ferry off Turkey"
    },
    {
        "topic":"bf88166e-76fe-4605-97df-bb63f5a1806c",
        "tweetID":645956603099901952,
        "relevancy":2,
        "tweets.created_at":"2015-09-21T13:43:50.000Z",
        "tweets.full_text":"Second migrant boat sinks near Lesbos\u00a0   ",
        "tweets.hashtags":"[]",
        "tweets.user_mentions":"[]",
        "tweets.urls":"['http:\/\/ift.tt\/1MEovgG']",
        "tweets.user_name":"TheCyprusWeekly",
        "tweets.followers_count":2885,
        "topics.title":"13 dead in migrant boat collision with ferry off Turkey"
    },
    {
        "topic":"bf88166e-76fe-4605-97df-bb63f5a1806c",
        "tweetID":648185232550703104,
        "relevancy":1,
        "tweets.created_at":"2015-09-27T17:19:36.000Z",
        "tweets.full_text":"At last read Aydin Dogans letter to Erdogan (in Turkish) pretty much sums up state of affairs in Turkey. Truly unfortunate..  ",
        "tweets.hashtags":"[]",
        "tweets.user_mentions":"[]",
        "tweets.urls":"[]",
        "tweets.user_name":"Istanbultelaviv",
        "tweets.followers_count":37589,
        "topics.title":"13 dead in migrant boat collision with ferry off Turkey"
    },
    {
        "topic":"bf88166e-76fe-4605-97df-bb63f5a1806c",
        "tweetID":648903322057973760,
        "relevancy":1,
        "tweets.created_at":"2015-09-29T16:53:02.000Z",
        "tweets.full_text":"Refugees and migrants arrive at the Greek island of Lesbos after crossing the Aegean sea from Turkey.   ",
        "tweets.hashtags":"[]",
        "tweets.user_mentions":"[]",
        "tweets.urls":"[]",
        "tweets.user_name":"ArisMessinis",
        "tweets.followers_count":15026,
        "topics.title":"13 dead in migrant boat collision with ferry off Turkey"
    }
]