[
    {
        "topic":"f40a96b1-9b7d-48db-a3d9-447c558079e7",
        "tweetID":639485522340147200,
        "relevancy":1,
        "tweets.created_at":"2015-03-09T17:10:04.000Z",
        "tweets.full_text":"Daniel Howes: \u2018Business-like\u2019 bargaining marks automakers,     ",
        "tweets.hashtags":"[]",
        "tweets.user_mentions":"['UAW']",
        "tweets.urls":"['http:\/\/detne.ws\/1UuQqys']",
        "tweets.user_name":"detroitnews",
        "tweets.followers_count":303524,
        "topics.title":"NFP housing providers choose Greentree"
    },
    {
        "topic":"f40a96b1-9b7d-48db-a3d9-447c558079e7",
        "tweetID":639740753728638976,
        "relevancy":1,
        "tweets.created_at":"2015-04-09T10:04:16.000Z",
        "tweets.full_text":"NFP day!.  ",
        "tweets.hashtags":"[]",
        "tweets.user_mentions":"[]",
        "tweets.urls":"[]",
        "tweets.user_name":"RobinWigg",
        "tweets.followers_count":46101,
        "topics.title":"NFP housing providers choose Greentree"
    },
    {
        "topic":"f40a96b1-9b7d-48db-a3d9-447c558079e7",
        "tweetID":641735461388599296,
        "relevancy":1,
        "tweets.created_at":"2015-09-09T22:10:31.000Z",
        "tweets.full_text":"Discussing responsibilities &amp; requirements for business owners in the nail salon industry \u2192    ",
        "tweets.hashtags":"[]",
        "tweets.user_mentions":"['NYSTaxDept']",
        "tweets.urls":"['http:\/\/on.ny.gov\/1JfWqcu']",
        "tweets.user_name":"NYGovCuomo",
        "tweets.followers_count":2638532,
        "topics.title":"NFP housing providers choose Greentree"
    },
    {
        "topic":"f40a96b1-9b7d-48db-a3d9-447c558079e7",
        "tweetID":642449522572963840,
        "relevancy":1,
        "tweets.created_at":"2015-11-09T21:27:56.000Z",
        "tweets.full_text":"The organization works to provide transitional housing and services for veterans in Phoenix.   ",
        "tweets.hashtags":"[]",
        "tweets.user_mentions":"[]",
        "tweets.urls":"[]",
        "tweets.user_name":"Dbacks",
        "tweets.followers_count":585996,
        "topics.title":"NFP housing providers choose Greentree"
    },
    {
        "topic":"f40a96b1-9b7d-48db-a3d9-447c558079e7",
        "tweetID":643408716637863936,
        "relevancy":2,
        "tweets.created_at":"2015-09-14T12:59:26.000Z",
        "tweets.full_text":"Housing is now a national crisis, so delighted housing now has full status in shadow cabinet and to take on the job.  ",
        "tweets.hashtags":"[]",
        "tweets.user_mentions":"['JohnHealey_MP']",
        "tweets.urls":"[]",
        "tweets.user_name":"UKLabour",
        "tweets.followers_count":904334,
        "topics.title":"NFP housing providers choose Greentree"
    },
    {
        "topic":"f40a96b1-9b7d-48db-a3d9-447c558079e7",
        "tweetID":643457961554087938,
        "relevancy":1,
        "tweets.created_at":"2015-09-14T16:15:07.000Z",
        "tweets.full_text":"Conference to gather state\u2019s housing providers   by   ",
        "tweets.hashtags":"[]",
        "tweets.user_mentions":"['rachelmolenda']",
        "tweets.urls":"['http:\/\/www.wvgazettemail.com\/article\/20150913\/GZ01\/150919868\/1419']",
        "tweets.user_name":"wvgazettemail",
        "tweets.followers_count":61702,
        "topics.title":"NFP housing providers choose Greentree"
    },
    {
        "topic":"f40a96b1-9b7d-48db-a3d9-447c558079e7",
        "tweetID":644415374578966528,
        "relevancy":1,
        "tweets.created_at":"2015-09-17T07:39:32.000Z",
        "tweets.full_text":"  Both for-profit &amp; NFP providers in job services\/training are corporatised, provider-centred &amp; treat \u2026.  ",
        "tweets.hashtags":"[]",
        "tweets.user_mentions":"['CivilSocietyOz', 'mbachelard', 'VCOSS']",
        "tweets.urls":"[]",
        "tweets.user_name":"mbachelard",
        "tweets.followers_count":11614,
        "topics.title":"NFP housing providers choose Greentree"
    },
    {
        "topic":"f40a96b1-9b7d-48db-a3d9-447c558079e7",
        "tweetID":644459145559678976,
        "relevancy":1,
        "tweets.created_at":"2015-09-17T10:33:28.000Z",
        "tweets.full_text":"To grow &amp;become sustainable, a business must implement efficient business systems that enable their processes to drive the company forward.  ",
        "tweets.hashtags":"[]",
        "tweets.user_mentions":"[]",
        "tweets.urls":"[]",
        "tweets.user_name":"na_sibanibani",
        "tweets.followers_count":4517,
        "topics.title":"NFP housing providers choose Greentree"
    },
    {
        "topic":"f40a96b1-9b7d-48db-a3d9-447c558079e7",
        "tweetID":646735807760371712,
        "relevancy":2,
        "tweets.created_at":"2015-09-23T17:20:06.000Z",
        "tweets.full_text":"Apply now for an  online course on business reporting led by  and  Learn more:   ",
        "tweets.hashtags":"[]",
        "tweets.user_mentions":"['ICFJ', 'talkingbiznews', 'alfvara']",
        "tweets.urls":"['http:\/\/j.mp\/McGrawHillData']",
        "tweets.user_name":"ICFJ",
        "tweets.followers_count":70966,
        "topics.title":"NFP housing providers choose Greentree"
    }
]