[
    {
        "topic":"62e1db0d-c532-4fae-be44-5c7a5598fe9f",
        "tweetID":640678594403041280,
        "relevancy":2,
        "tweets.created_at":"2015-07-09T00:10:54.000Z",
        "tweets.full_text":"As religious leaders speak out against the Assisted Dying bill, is it time to let the terminally ill have some dignity in death   ",
        "tweets.hashtags":"[]",
        "tweets.user_mentions":"['darrenadam']",
        "tweets.urls":"[]",
        "tweets.user_name":"LBC",
        "tweets.followers_count":459722,
        "topics.title":"British legislators overwhelmingly reject 'right to die' law"
    },
    {
        "topic":"62e1db0d-c532-4fae-be44-5c7a5598fe9f",
        "tweetID":640862114140151808,
        "relevancy":2,
        "tweets.created_at":"2015-07-09T12:20:09.000Z",
        "tweets.full_text":"The assisted dying bill would be transformative,offering dignity to dying people and reducing suffering |    ",
        "tweets.hashtags":"[]",
        "tweets.user_mentions":"['karinsmyth']",
        "tweets.urls":"['http:\/\/prog.rs\/7fv']",
        "tweets.user_name":"ProgressOnline",
        "tweets.followers_count":32361,
        "topics.title":"British legislators overwhelmingly reject 'right to die' law"
    },
    {
        "topic":"62e1db0d-c532-4fae-be44-5c7a5598fe9f",
        "tweetID":642079552676724736,
        "relevancy":2,
        "tweets.created_at":"2015-10-09T20:57:49.000Z",
        "tweets.full_text":"The assisted dying bill will get its 2nd reading in the House of Commons tomorrow; Should terminally ill patients be given the right to die.  ",
        "tweets.hashtags":"[]",
        "tweets.user_mentions":"[]",
        "tweets.urls":"[]",
        "tweets.user_name":"BBCRadioLondon",
        "tweets.followers_count":71432,
        "topics.title":"British legislators overwhelmingly reject 'right to die' law"
    },
    {
        "topic":"62e1db0d-c532-4fae-be44-5c7a5598fe9f",
        "tweetID":642255115487981568,
        "relevancy":2,
        "tweets.created_at":"2015-11-09T08:35:26.000Z",
        "tweets.full_text":"Right to Die and Pro Life campaigners side by side. A most British protest.   ",
        "tweets.hashtags":"[]",
        "tweets.user_mentions":"[]",
        "tweets.urls":"[]",
        "tweets.user_name":"C4Ciaran",
        "tweets.followers_count":55138,
        "topics.title":"British legislators overwhelmingly reject 'right to die' law"
    },
    {
        "topic":"62e1db0d-c532-4fae-be44-5c7a5598fe9f",
        "tweetID":642259292012195840,
        "relevancy":1,
        "tweets.created_at":"2015-11-09T08:52:02.000Z",
        "tweets.full_text":"Im terminally ill, but I still dont want assisted dying in Britain   ",
        "tweets.hashtags":"[]",
        "tweets.user_mentions":"[]",
        "tweets.urls":"['http:\/\/tgr.ph\/1i2OSiY']",
        "tweets.user_name":"TelePolitics",
        "tweets.followers_count":58426,
        "topics.title":"British legislators overwhelmingly reject 'right to die' law"
    },
    {
        "topic":"62e1db0d-c532-4fae-be44-5c7a5598fe9f",
        "tweetID":642271618593619968,
        "relevancy":2,
        "tweets.created_at":"2015-11-09T09:41:01.000Z",
        "tweets.full_text":"MPs are debating whether some terminally ill adults in England and Wales should be allowed to end their lives...   ",
        "tweets.hashtags":"[]",
        "tweets.user_mentions":"[]",
        "tweets.urls":"['http:\/\/bbc.in\/1Q5VYym']",
        "tweets.user_name":"BBCPolitics",
        "tweets.followers_count":762379,
        "topics.title":"British legislators overwhelmingly reject 'right to die' law"
    },
    {
        "topic":"62e1db0d-c532-4fae-be44-5c7a5598fe9f",
        "tweetID":642310186825326593,
        "relevancy":2,
        "tweets.created_at":"2015-11-09T12:14:16.000Z",
        "tweets.full_text":"MPs are debating whether terminally ill people should be  allowed to end their lives under medical supervision. What is your view.  ",
        "tweets.hashtags":"[]",
        "tweets.user_mentions":"[]",
        "tweets.urls":"[]",
        "tweets.user_name":"BBCTalkback",
        "tweets.followers_count":32291,
        "topics.title":"British legislators overwhelmingly reject 'right to die' law"
    },
    {
        "topic":"62e1db0d-c532-4fae-be44-5c7a5598fe9f",
        "tweetID":642327813849239552,
        "relevancy":1,
        "tweets.created_at":"2015-11-09T13:24:19.000Z",
        "tweets.full_text":"#Breaking MPs vote against enshrining the right to die in British law by 330 to 118.  ",
        "tweets.hashtags":"['Breaking']",
        "tweets.user_mentions":"[]",
        "tweets.urls":"[]",
        "tweets.user_name":"PA",
        "tweets.followers_count":136743,
        "topics.title":"British legislators overwhelmingly reject 'right to die' law"
    },
    {
        "topic":"62e1db0d-c532-4fae-be44-5c7a5598fe9f",
        "tweetID":642365867548934146,
        "relevancy":2,
        "tweets.created_at":"2015-11-09T15:55:32.000Z",
        "tweets.full_text":"Also on  at 5pm: The right to die is rejected as MPs overwhelmingly vote to defeat a change in the law   ",
        "tweets.hashtags":"[]",
        "tweets.user_mentions":"['channel5_tv']",
        "tweets.urls":"[]",
        "tweets.user_name":"5_News",
        "tweets.followers_count":26229,
        "topics.title":"British legislators overwhelmingly reject 'right to die' law"
    },
    {
        "topic":"62e1db0d-c532-4fae-be44-5c7a5598fe9f",
        "tweetID":642372606339993601,
        "relevancy":2,
        "tweets.created_at":"2015-11-09T16:22:18.000Z",
        "tweets.full_text":"A great shame that MPs have rejected the chance for terminally ill people to die with dignity, with autonomy over time and place..  ",
        "tweets.hashtags":"[]",
        "tweets.user_mentions":"[]",
        "tweets.urls":"[]",
        "tweets.user_name":"StephenRW01",
        "tweets.followers_count":11057,
        "topics.title":"British legislators overwhelmingly reject 'right to die' law"
    },
    {
        "topic":"62e1db0d-c532-4fae-be44-5c7a5598fe9f",
        "tweetID":642815584405712896,
        "relevancy":1,
        "tweets.created_at":"2015-12-09T21:42:32.000Z",
        "tweets.full_text":"California passes a bill to legalize assisted suicide for terminally ill people.   ",
        "tweets.hashtags":"[]",
        "tweets.user_mentions":"[]",
        "tweets.urls":"['http:\/\/www.cnn.com\/2015\/09\/12\/us\/california-assisted-suicide-legislation\/index.html']",
        "tweets.user_name":"sahilkapur",
        "tweets.followers_count":177341,
        "topics.title":"British legislators overwhelmingly reject 'right to die' law"
    },
    {
        "topic":"62e1db0d-c532-4fae-be44-5c7a5598fe9f",
        "tweetID":643171359665745920,
        "relevancy":2,
        "tweets.created_at":"2015-09-13T21:16:16.000Z",
        "tweets.full_text":"Right to Life campaigners want NZ MPs to note the vote in the British House of Commons where an assisted dying bill has been defeated.  ",
        "tweets.hashtags":"[]",
        "tweets.user_mentions":"[]",
        "tweets.urls":"[]",
        "tweets.user_name":"NewshubNZ",
        "tweets.followers_count":69566,
        "topics.title":"British legislators overwhelmingly reject 'right to die' law"
    },
    {
        "topic":"62e1db0d-c532-4fae-be44-5c7a5598fe9f",
        "tweetID":643766941228867584,
        "relevancy":1,
        "tweets.created_at":"2015-09-15T12:42:54.000Z",
        "tweets.full_text":"Terminally ill man throws goodbye party for himself   ",
        "tweets.hashtags":"[]",
        "tweets.user_mentions":"[]",
        "tweets.urls":"['http:\/\/2wsb.tv\/1Kd6rGJ']",
        "tweets.user_name":"wsbtv",
        "tweets.followers_count":1179508,
        "topics.title":"British legislators overwhelmingly reject 'right to die' law"
    },
    {
        "topic":"62e1db0d-c532-4fae-be44-5c7a5598fe9f",
        "tweetID":645623672544329728,
        "relevancy":1,
        "tweets.created_at":"2015-09-20T15:40:53.000Z",
        "tweets.full_text":"If anyone wants to fly me ton London this fall, thatd be awesome.   ",
        "tweets.hashtags":"[]",
        "tweets.user_mentions":"[]",
        "tweets.urls":"['http:\/\/bit.ly\/1NFcKVX']",
        "tweets.user_name":"TylerGreenBooks",
        "tweets.followers_count":76111,
        "topics.title":"British legislators overwhelmingly reject 'right to die' law"
    },
    {
        "topic":"62e1db0d-c532-4fae-be44-5c7a5598fe9f",
        "tweetID":647100660987654145,
        "relevancy":1,
        "tweets.created_at":"2015-09-24T17:29:54.000Z",
        "tweets.full_text":"A London charity is giving homeless young people tickets to sleep on night buses    ",
        "tweets.hashtags":"[]",
        "tweets.user_mentions":"[]",
        "tweets.urls":"['http:\/\/on.mash.to\/1LzS3ut']",
        "tweets.user_name":"mashable",
        "tweets.followers_count":9640950,
        "topics.title":"British legislators overwhelmingly reject 'right to die' law"
    }
]