[
    {
        "topic":"b43c7d5a-b486-415b-9d98-d9a9f62dff2c",
        "tweetID":639863273152606212,
        "relevancy":1,
        "tweets.created_at":"2015-04-09T18:11:07.000Z",
        "tweets.full_text":"Preview: Premier League relegation battle enters the final straight: The First Capital Plus Premier League ret...   ",
        "tweets.hashtags":"[]",
        "tweets.user_mentions":"[]",
        "tweets.urls":"['http:\/\/bit.ly\/1JTXCOM']",
        "tweets.user_name":"modernghanaweb",
        "tweets.followers_count":35052,
        "topics.title":"Bespoke luxury experiences for Indian fans at English Premier League"
    },
    {
        "topic":"b43c7d5a-b486-415b-9d98-d9a9f62dff2c",
        "tweetID":640130937926225921,
        "relevancy":2,
        "tweets.created_at":"2015-05-09T11:54:43.000Z",
        "tweets.full_text":"Match Officials for First Capital Plus Premier League Matchday 29: The First Capital Plus Premier League enter...   ",
        "tweets.hashtags":"[]",
        "tweets.user_mentions":"[]",
        "tweets.urls":"['http:\/\/bit.ly\/1KRI1Va']",
        "tweets.user_name":"modernghanaweb",
        "tweets.followers_count":35052,
        "topics.title":"Bespoke luxury experiences for Indian fans at English Premier League"
    },
    {
        "topic":"b43c7d5a-b486-415b-9d98-d9a9f62dff2c",
        "tweetID":642203086182723584,
        "relevancy":1,
        "tweets.created_at":"2015-11-09T05:08:41.000Z",
        "tweets.full_text":"more #UK #India innovation means an ever more unbeatable combination for sustainable &amp; secure \u2026.  ",
        "tweets.hashtags":"['IUKBC2015', 'UK', 'India']",
        "tweets.user_mentions":"['DHCScottFW', 'UKTradeMinister']",
        "tweets.urls":"[]",
        "tweets.user_name":"UKinIndia",
        "tweets.followers_count":54383,
        "topics.title":"Bespoke luxury experiences for Indian fans at English Premier League"
    },
    {
        "topic":"b43c7d5a-b486-415b-9d98-d9a9f62dff2c",
        "tweetID":642341569434099713,
        "relevancy":2,
        "tweets.created_at":"2015-11-09T14:18:58.000Z",
        "tweets.full_text":"The English Premier League is back in full force this weekend. Man United vs Liverpool the big one to look out for:   ",
        "tweets.hashtags":"[]",
        "tweets.user_mentions":"[]",
        "tweets.urls":"['http:\/\/go.shr.lc\/1QsmN0s']",
        "tweets.user_name":"followthebounce",
        "tweets.followers_count":34657,
        "topics.title":"Bespoke luxury experiences for Indian fans at English Premier League"
    },
    {
        "topic":"b43c7d5a-b486-415b-9d98-d9a9f62dff2c",
        "tweetID":642708610640936960,
        "relevancy":1,
        "tweets.created_at":"2015-12-09T14:37:28.000Z",
        "tweets.full_text":"3rd Premier League goal in 52 Premier League games  .Hmmmm..  ",
        "tweets.hashtags":"[]",
        "tweets.user_mentions":"[]",
        "tweets.urls":"[]",
        "tweets.user_name":"StanCollymore",
        "tweets.followers_count":890064,
        "topics.title":"Bespoke luxury experiences for Indian fans at English Premier League"
    },
    {
        "topic":"b43c7d5a-b486-415b-9d98-d9a9f62dff2c",
        "tweetID":643431162761900032,
        "relevancy":1,
        "tweets.created_at":"2015-09-14T14:28:38.000Z",
        "tweets.full_text":"From the Premier League to Myanmar  in five years, that is one hell of a ride for Caleb Folan.  ",
        "tweets.hashtags":"[]",
        "tweets.user_mentions":"[]",
        "tweets.urls":"[]",
        "tweets.user_name":"SimonPeach",
        "tweets.followers_count":118320,
        "topics.title":"Bespoke luxury experiences for Indian fans at English Premier League"
    },
    {
        "topic":"b43c7d5a-b486-415b-9d98-d9a9f62dff2c",
        "tweetID":647762770956566528,
        "relevancy":2,
        "tweets.created_at":"2015-09-26T13:20:54.000Z",
        "tweets.full_text":"ENGLISH PREMIER LEAGUE:  Team news:    Anthony Martial makes his first Old Trafford start in the Premier League,...   ",
        "tweets.hashtags":"[]",
        "tweets.user_mentions":"[]",
        "tweets.urls":"['http:\/\/fb.me\/4eXKPieDd']",
        "tweets.user_name":"PostNewsZambia",
        "tweets.followers_count":25973,
        "topics.title":"Bespoke luxury experiences for Indian fans at English Premier League"
    }
]