{
    "topic":"f4d8fb92-1eb2-4395-9449-e5bfb71a1f77",
    "topics.content":"FRANKLIN -- Police need your help to find the people responsible for vandalizing a playground in Franklin.   Kaylas Playground, near 35th and Puetz in Franklin, is a play space.  ",
    "topics.title":"Police searching for suspects who vandalized new Franklin playground",
    "topics.media-type":"News",
    "topics.source":"Big News Network",
    "topics.published":"2015-07-09T16:42:32.000Z",
    "topic_tweets":6,
    "tweets.created_at_initial":"2015-07-09 12:30:33",
    "tweets.created_at_final":"2015-09-22 11:22:00",
    "tweets.time_interval":74.0
}