[
    {
        "topic":"3d264ea6-0679-45da-a1d9-4a16007458f5",
        "tweetID":638501583156703234,
        "relevancy":1,
        "tweets.created_at":"2015-01-09T00:00:14.000Z",
        "tweets.full_text":"MTV confirms Nicki Minaj and Miley Cyrus drama was all REAL:   ",
        "tweets.hashtags":"[]",
        "tweets.user_mentions":"[]",
        "tweets.urls":"['http:\/\/bit.ly\/1Q4z9f4']",
        "tweets.user_name":"OK_Magazine",
        "tweets.followers_count":528877,
        "topics.title":"Hollywood hotheads 'fight' it out"
    },
    {
        "topic":"3d264ea6-0679-45da-a1d9-4a16007458f5",
        "tweetID":638507787287416832,
        "relevancy":1,
        "tweets.created_at":"2015-01-09T00:24:54.000Z",
        "tweets.full_text":"No, Miley Cyrus wasn\u2019t whitesplaining\u201d to Nicki Minaj    ",
        "tweets.hashtags":"[]",
        "tweets.user_mentions":"[]",
        "tweets.urls":"['http:\/\/thebea.st\/1N5PCRC']",
        "tweets.user_name":"thedailybeast",
        "tweets.followers_count":1320897,
        "topics.title":"Hollywood hotheads 'fight' it out"
    },
    {
        "topic":"3d264ea6-0679-45da-a1d9-4a16007458f5",
        "tweetID":638732814893088768,
        "relevancy":1,
        "tweets.created_at":"2015-01-09T15:19:04.000Z",
        "tweets.full_text":"Nicki Minaj has every right to be pissed at Miley Cyrus - by     ",
        "tweets.hashtags":"[]",
        "tweets.user_mentions":"['blackvoices']",
        "tweets.urls":"[]",
        "tweets.user_name":"lindiwesuttle",
        "tweets.followers_count":114856,
        "topics.title":"Hollywood hotheads 'fight' it out"
    },
    {
        "topic":"3d264ea6-0679-45da-a1d9-4a16007458f5",
        "tweetID":639120119868858368,
        "relevancy":1,
        "tweets.created_at":"2015-02-09T16:58:05.000Z",
        "tweets.full_text":"REVEALED: What Nicki Minaj and Miley Cyrus are beefing about | Post-Nigeria   ",
        "tweets.hashtags":"[]",
        "tweets.user_mentions":"[]",
        "tweets.urls":"['http:\/\/ish.re\/R4MI']",
        "tweets.user_name":"page36news",
        "tweets.followers_count":20526,
        "topics.title":"Hollywood hotheads 'fight' it out"
    },
    {
        "topic":"3d264ea6-0679-45da-a1d9-4a16007458f5",
        "tweetID":639132993039298560,
        "relevancy":1,
        "tweets.created_at":"2015-02-09T17:49:14.000Z",
        "tweets.full_text":"REVEALED: What Nicki Minaj and Miley Cyrus are beefing about   ",
        "tweets.hashtags":"[]",
        "tweets.user_mentions":"[]",
        "tweets.urls":"['http:\/\/www.post-nigeria.com\/revealed-what-nicki-minaj-and-miley-cyrus-are-beefing-about\/']",
        "tweets.user_name":"page36news",
        "tweets.followers_count":20526,
        "topics.title":"Hollywood hotheads 'fight' it out"
    },
    {
        "topic":"3d264ea6-0679-45da-a1d9-4a16007458f5",
        "tweetID":639713872199421952,
        "relevancy":1,
        "tweets.created_at":"2015-04-09T08:17:27.000Z",
        "tweets.full_text":"REVEALED: What Nicki Minaj and Miley Cyrus are beefing about | Post-Nigeria    ",
        "tweets.hashtags":"[]",
        "tweets.user_mentions":"[]",
        "tweets.urls":"['http:\/\/ish.re\/R4MI']",
        "tweets.user_name":"page36news",
        "tweets.followers_count":20526,
        "topics.title":"Hollywood hotheads 'fight' it out"
    },
    {
        "topic":"3d264ea6-0679-45da-a1d9-4a16007458f5",
        "tweetID":639742455001260032,
        "relevancy":1,
        "tweets.created_at":"2015-04-09T10:11:01.000Z",
        "tweets.full_text":"REVEALED: What Nicki Minaj and Miley Cyrus are beefing about | Post-Nigeria    ",
        "tweets.hashtags":"[]",
        "tweets.user_mentions":"[]",
        "tweets.urls":"['http:\/\/ish.re\/R4MI']",
        "tweets.user_name":"page36news",
        "tweets.followers_count":20526,
        "topics.title":"Hollywood hotheads 'fight' it out"
    },
    {
        "topic":"3d264ea6-0679-45da-a1d9-4a16007458f5",
        "tweetID":640292056678723584,
        "relevancy":1,
        "tweets.created_at":"2015-05-09T22:34:57.000Z",
        "tweets.full_text":"Celebs like Miley Cyrus and Nicki Minaj need to start sticking together     ",
        "tweets.hashtags":"[]",
        "tweets.user_mentions":"['MirrorCeleb']",
        "tweets.urls":"['http:\/\/www.mirror.co.uk\/3am\/celebrity-news\/celebs-like-miley-cyrus-nicki-6390597']",
        "tweets.user_name":"DailyMirror",
        "tweets.followers_count":1235556,
        "topics.title":"Hollywood hotheads 'fight' it out"
    },
    {
        "topic":"3d264ea6-0679-45da-a1d9-4a16007458f5",
        "tweetID":642998168280367104,
        "relevancy":1,
        "tweets.created_at":"2015-09-13T09:48:04.000Z",
        "tweets.full_text":"Grace Jones called out Rihanna, Miley Cyrus &amp; Nicki Minaj this week:   ",
        "tweets.hashtags":"[]",
        "tweets.user_mentions":"[]",
        "tweets.urls":"['http:\/\/grzia.uk\/k17n2f']",
        "tweets.user_name":"GraziaUK",
        "tweets.followers_count":370188,
        "topics.title":"Hollywood hotheads 'fight' it out"
    }
]