[
    {
        "topic":"04373281-0764-483e-a96f-481562918702",
        "tweetID":639152567386157057,
        "relevancy":2,
        "tweets.created_at":"2015-02-09T19:07:01.000Z",
        "tweets.full_text":"New featurette for Sicario takes a look at Emily Blunt!   ",
        "tweets.hashtags":"[]",
        "tweets.user_mentions":"[]",
        "tweets.urls":"['http:\/\/www.traileraddict.com\/sicario\/featurette-kate-macer']",
        "tweets.user_name":"TrailerAddict",
        "tweets.followers_count":33665,
        "topics.title":"Sicario Movie Review"
    },
    {
        "topic":"04373281-0764-483e-a96f-481562918702",
        "tweetID":641497697246121984,
        "relevancy":2,
        "tweets.created_at":"2015-09-09T06:25:44.000Z",
        "tweets.full_text":"Tonight on #Kimmel Emily Blunt #Sicario, #AmericanHero #SpencerStone &amp;  ft.  on the Samsung stage h\u2026.  ",
        "tweets.hashtags":"['Kimmel', 'Sicario', 'AmericanHero', 'SpencerStone']",
        "tweets.user_mentions":"['JimmyKimmelLive', 'RitaOra', 'chrisbrown']",
        "tweets.urls":"[]",
        "tweets.user_name":"abc7newsbayarea",
        "tweets.followers_count":559257,
        "topics.title":"Sicario Movie Review"
    },
    {
        "topic":"04373281-0764-483e-a96f-481562918702",
        "tweetID":641795545971843073,
        "relevancy":1,
        "tweets.created_at":"2015-10-09T02:09:16.000Z",
        "tweets.full_text":"Law Enforcement Agencies Tackle Growing Drug Problem   ",
        "tweets.hashtags":"[]",
        "tweets.user_mentions":"[]",
        "tweets.urls":"['http:\/\/www.wctv.tv\/home\/headlines\/Molly-and-Flakka-326143211.html?utm_medium=social&utm_source=twitter_wctv']",
        "tweets.user_name":"WCTV",
        "tweets.followers_count":57302,
        "topics.title":"Sicario Movie Review"
    },
    {
        "topic":"04373281-0764-483e-a96f-481562918702",
        "tweetID":641953395851554816,
        "relevancy":1,
        "tweets.created_at":"2015-10-09T12:36:31.000Z",
        "tweets.full_text":" New Insights from a Former #FBI Agent.  Langley on Collaboration w Law Enforcement   ",
        "tweets.hashtags":"['FBI']",
        "tweets.user_mentions":"['CharlesSchwab']",
        "tweets.urls":"['http:\/\/ow.ly\/S1TZ8']",
        "tweets.user_name":"BnkInfoSecurity",
        "tweets.followers_count":9392,
        "topics.title":"Sicario Movie Review"
    },
    {
        "topic":"04373281-0764-483e-a96f-481562918702",
        "tweetID":642114535843889152,
        "relevancy":1,
        "tweets.created_at":"2015-10-09T23:16:49.000Z",
        "tweets.full_text":"SICARIO: Emily Blunt gives a great performance as a character that makes no goddamn sense. #TIFF15.  ",
        "tweets.hashtags":"['TIFF15']",
        "tweets.user_mentions":"[]",
        "tweets.urls":"[]",
        "tweets.user_name":"SamuelAAdams",
        "tweets.followers_count":35324,
        "topics.title":"Sicario Movie Review"
    },
    {
        "topic":"04373281-0764-483e-a96f-481562918702",
        "tweetID":642499761908527105,
        "relevancy":1,
        "tweets.created_at":"2015-12-09T00:47:34.000Z",
        "tweets.full_text":"John Krasinski is here at the #Sicario party to support his lady Emily Blunt. #TIFF15.  ",
        "tweets.hashtags":"['Sicario', 'TIFF15']",
        "tweets.user_mentions":"[]",
        "tweets.urls":"[]",
        "tweets.user_name":"Beccamford",
        "tweets.followers_count":20044,
        "topics.title":"Sicario Movie Review"
    },
    {
        "topic":"04373281-0764-483e-a96f-481562918702",
        "tweetID":642531695854526466,
        "relevancy":2,
        "tweets.created_at":"2015-12-09T02:54:28.000Z",
        "tweets.full_text":"Emily Blunt says #Sicario shows how cheap life has become:  #TIFF15   ",
        "tweets.hashtags":"['Sicario', 'TIFF15']",
        "tweets.user_mentions":"[]",
        "tweets.urls":"['http:\/\/ow.ly\/S77ys']",
        "tweets.user_name":"EW",
        "tweets.followers_count":6549026,
        "topics.title":"Sicario Movie Review"
    },
    {
        "topic":"04373281-0764-483e-a96f-481562918702",
        "tweetID":643100068132843522,
        "relevancy":2,
        "tweets.created_at":"2015-09-13T16:32:59.000Z",
        "tweets.full_text":"Film Review: Sicario (\u2605\u2605\u2605\u00bd) #TIFF15 #TIFF -   ",
        "tweets.hashtags":"['TIFF15', 'TIFF']",
        "tweets.user_mentions":"[]",
        "tweets.urls":"['http:\/\/www.awardscircuit.com\/2015\/09\/10\/film-review-sicario-']",
        "tweets.user_name":"AwardsCircuit",
        "tweets.followers_count":13349,
        "topics.title":"Sicario Movie Review"
    },
    {
        "topic":"04373281-0764-483e-a96f-481562918702",
        "tweetID":643232152700628992,
        "relevancy":2,
        "tweets.created_at":"2015-09-14T01:17:50.000Z",
        "tweets.full_text":"Benicio del Toro, Emily Blunt on Mexican Cartels Brutality in Drug Wars   #TIFF15   ",
        "tweets.hashtags":"['Sicario', 'TIFF15']",
        "tweets.user_mentions":"['THR']",
        "tweets.urls":"['http:\/\/thr.cm\/KhnuZb']",
        "tweets.user_name":"Lionsgate",
        "tweets.followers_count":1020799,
        "topics.title":"Sicario Movie Review"
    },
    {
        "topic":"04373281-0764-483e-a96f-481562918702",
        "tweetID":643504489232736258,
        "relevancy":2,
        "tweets.created_at":"2015-09-14T19:20:00.000Z",
        "tweets.full_text":"Today  welcomes #UFC Champion  + Emily Blunt talks #Sicario at 4pm on #WISN12   ",
        "tweets.hashtags":"['UFC', 'Sicario', 'WISN12']",
        "tweets.user_mentions":"['TheEllenShow', 'RondaRousey']",
        "tweets.urls":"[]",
        "tweets.user_name":"WISN12News",
        "tweets.followers_count":97905,
        "topics.title":"Sicario Movie Review"
    },
    {
        "topic":"04373281-0764-483e-a96f-481562918702",
        "tweetID":643537188035104768,
        "relevancy":1,
        "tweets.created_at":"2015-09-14T21:29:56.000Z",
        "tweets.full_text":"Emily Blunt. Check. Mate.    ",
        "tweets.hashtags":"[]",
        "tweets.user_mentions":"[]",
        "tweets.urls":"['https:\/\/twitter.com\/GameTrailersVO\/status\/643536980173832192']",
        "tweets.user_name":"mikeyface",
        "tweets.followers_count":59373,
        "topics.title":"Sicario Movie Review"
    },
    {
        "topic":"04373281-0764-483e-a96f-481562918702",
        "tweetID":643867138785198080,
        "relevancy":2,
        "tweets.created_at":"2015-09-15T19:21:03.000Z",
        "tweets.full_text":"Emily Blunt faces tough questions as FBI agent in thriller Sicario   ",
        "tweets.hashtags":"[]",
        "tweets.user_mentions":"[]",
        "tweets.urls":"['http:\/\/reut.rs\/1QfGHuP']",
        "tweets.user_name":"ReutersShowbiz",
        "tweets.followers_count":14310,
        "topics.title":"Sicario Movie Review"
    },
    {
        "topic":"04373281-0764-483e-a96f-481562918702",
        "tweetID":643869904051945472,
        "relevancy":2,
        "tweets.created_at":"2015-09-15T19:32:02.000Z",
        "tweets.full_text":"Emily Blunt promotes #Sicario in style in New York City    ",
        "tweets.hashtags":"['Sicario']",
        "tweets.user_mentions":"[]",
        "tweets.urls":"['http:\/\/ow.ly\/SfxTp']",
        "tweets.user_name":"Fashion_Critic_",
        "tweets.followers_count":146213,
        "topics.title":"Sicario Movie Review"
    },
    {
        "topic":"04373281-0764-483e-a96f-481562918702",
        "tweetID":644065806091862016,
        "relevancy":1,
        "tweets.created_at":"2015-09-16T08:30:28.000Z",
        "tweets.full_text":"Emily Blunt faces tough questions as FBI agent in thriller Sicario    ",
        "tweets.hashtags":"[]",
        "tweets.user_mentions":"[]",
        "tweets.urls":"['http:\/\/tw.gs\/34W7Bv']",
        "tweets.user_name":"DunyaNews",
        "tweets.followers_count":1994356,
        "topics.title":"Sicario Movie Review"
    },
    {
        "topic":"04373281-0764-483e-a96f-481562918702",
        "tweetID":644104849181700096,
        "relevancy":2,
        "tweets.created_at":"2015-09-16T11:05:37.000Z",
        "tweets.full_text":"Emily Blunt faces tough questions as FBI agent in thriller Sicario    ",
        "tweets.hashtags":"[]",
        "tweets.user_mentions":"[]",
        "tweets.urls":"['http:\/\/tw.gs\/34W7Bv']",
        "tweets.user_name":"DunyaNews",
        "tweets.followers_count":1994356,
        "topics.title":"Sicario Movie Review"
    },
    {
        "topic":"04373281-0764-483e-a96f-481562918702",
        "tweetID":644494597717127168,
        "relevancy":1,
        "tweets.created_at":"2015-09-17T12:54:20.000Z",
        "tweets.full_text":"    European, American policemen talk law enforcement at #SES15_9   ",
        "tweets.hashtags":"['SES15_9']",
        "tweets.user_mentions":"['Marshall_Center', 'usembassylondon', 'FBI', 'FBIPressOffice', 'US_EUCOM']",
        "tweets.urls":"[]",
        "tweets.user_name":"usembbrussels",
        "tweets.followers_count":22705,
        "topics.title":"Sicario Movie Review"
    },
    {
        "topic":"04373281-0764-483e-a96f-481562918702",
        "tweetID":644529107225735168,
        "relevancy":2,
        "tweets.created_at":"2015-09-17T15:11:28.000Z",
        "tweets.full_text":"Emily Blunt and Benicio del Toro star in the gruesome, haunting Sicario:    ",
        "tweets.hashtags":"[]",
        "tweets.user_mentions":"[]",
        "tweets.urls":"['http:\/\/slate.me\/1Qkk7Bc']",
        "tweets.user_name":"Slate",
        "tweets.followers_count":1807662,
        "topics.title":"Sicario Movie Review"
    },
    {
        "topic":"04373281-0764-483e-a96f-481562918702",
        "tweetID":644587918712045568,
        "relevancy":2,
        "tweets.created_at":"2015-09-17T19:05:10.000Z",
        "tweets.full_text":"Sicario Review: Emily Blunt Sees Worst of the War on Drugs    ",
        "tweets.hashtags":"[]",
        "tweets.user_mentions":"[]",
        "tweets.urls":"['http:\/\/goo.gl\/YWbvqG']",
        "tweets.user_name":"TheWrap",
        "tweets.followers_count":244056,
        "topics.title":"Sicario Movie Review"
    },
    {
        "topic":"04373281-0764-483e-a96f-481562918702",
        "tweetID":644865145257259009,
        "relevancy":2,
        "tweets.created_at":"2015-09-18T13:26:46.000Z",
        "tweets.full_text":"Really enjoyed Sicario.  Emily Blunt is fantastic..  ",
        "tweets.hashtags":"[]",
        "tweets.user_mentions":"[]",
        "tweets.urls":"[]",
        "tweets.user_name":"sethmeyers",
        "tweets.followers_count":5039095,
        "topics.title":"Sicario Movie Review"
    },
    {
        "topic":"04373281-0764-483e-a96f-481562918702",
        "tweetID":644915289688285184,
        "relevancy":2,
        "tweets.created_at":"2015-09-18T16:46:01.000Z",
        "tweets.full_text":"Denis Villeneuve\u2019s drug-cartel drama #Sicario delivers. Our review:    ",
        "tweets.hashtags":"['Sicario']",
        "tweets.user_mentions":"[]",
        "tweets.urls":"['http:\/\/vult.re\/1QM21ch']",
        "tweets.user_name":"vulture",
        "tweets.followers_count":507867,
        "topics.title":"Sicario Movie Review"
    },
    {
        "topic":"04373281-0764-483e-a96f-481562918702",
        "tweetID":644938258342875137,
        "relevancy":2,
        "tweets.created_at":"2015-09-18T18:17:17.000Z",
        "tweets.full_text":"Really enjoyed Sicario.  Emily Blunt is fantastic..  ",
        "tweets.hashtags":"[]",
        "tweets.user_mentions":"['sethmeyers']",
        "tweets.urls":"[]",
        "tweets.user_name":"Lionsgate",
        "tweets.followers_count":1020799,
        "topics.title":"Sicario Movie Review"
    },
    {
        "topic":"04373281-0764-483e-a96f-481562918702",
        "tweetID":645055642194079744,
        "relevancy":2,
        "tweets.created_at":"2015-09-19T02:03:44.000Z",
        "tweets.full_text":"Loved SICARIO. Always-great Emily Blunt demonstrating that women in action movies dont necessarily have to be beating people down 24\/7..  ",
        "tweets.hashtags":"[]",
        "tweets.user_mentions":"[]",
        "tweets.urls":"[]",
        "tweets.user_name":"rohandas",
        "tweets.followers_count":545,
        "topics.title":"Sicario Movie Review"
    },
    {
        "topic":"04373281-0764-483e-a96f-481562918702",
        "tweetID":645077629461233664,
        "relevancy":2,
        "tweets.created_at":"2015-09-19T03:31:06.000Z",
        "tweets.full_text":"Denis Villeneuve\u2019s drug-cartel drama #Sicario delivers. Our review:    ",
        "tweets.hashtags":"['Sicario']",
        "tweets.user_mentions":"[]",
        "tweets.urls":"['http:\/\/vult.re\/1iD0oTa']",
        "tweets.user_name":"vulture",
        "tweets.followers_count":507867,
        "topics.title":"Sicario Movie Review"
    },
    {
        "topic":"04373281-0764-483e-a96f-481562918702",
        "tweetID":645094847280320512,
        "relevancy":1,
        "tweets.created_at":"2015-09-19T04:39:31.000Z",
        "tweets.full_text":"I commend the solid teamwork among  +  and all law enforcement that led to an arrest in the I-10 shooting case..  ",
        "tweets.hashtags":"[]",
        "tweets.user_mentions":"['Arizona_DPS', 'PhoenixPolice']",
        "tweets.urls":"[]",
        "tweets.user_name":"gregstantonaz",
        "tweets.followers_count":66981,
        "topics.title":"Sicario Movie Review"
    },
    {
        "topic":"04373281-0764-483e-a96f-481562918702",
        "tweetID":645134336526786560,
        "relevancy":1,
        "tweets.created_at":"2015-09-19T07:16:26.000Z",
        "tweets.full_text":"Emily Blunt apologises for poking fun at her American citizenship   ",
        "tweets.hashtags":"[]",
        "tweets.user_mentions":"['guardian']",
        "tweets.urls":"['http:\/\/trib.al\/HJDHuSl']",
        "tweets.user_name":"nkemifejika",
        "tweets.followers_count":29696,
        "topics.title":"Sicario Movie Review"
    },
    {
        "topic":"04373281-0764-483e-a96f-481562918702",
        "tweetID":646071635422740480,
        "relevancy":2,
        "tweets.created_at":"2015-09-21T21:20:55.000Z",
        "tweets.full_text":" the movie Sicario is farken cool too.  ",
        "tweets.hashtags":"[]",
        "tweets.user_mentions":"['MaasdorpJR']",
        "tweets.urls":"[]",
        "tweets.user_name":"DanColasimone",
        "tweets.followers_count":7534,
        "topics.title":"Sicario Movie Review"
    },
    {
        "topic":"04373281-0764-483e-a96f-481562918702",
        "tweetID":646162011949133824,
        "relevancy":1,
        "tweets.created_at":"2015-09-22T03:20:03.000Z",
        "tweets.full_text":"Emily Blunt looks as elegant as ever during #SanSebastianFilmFestival #Sicario    ",
        "tweets.hashtags":"['SanSebastianFilmFestival', 'Sicario']",
        "tweets.user_mentions":"[]",
        "tweets.urls":"['http:\/\/ow.ly\/SuoUs']",
        "tweets.user_name":"Fashion_Critic_",
        "tweets.followers_count":146213,
        "topics.title":"Sicario Movie Review"
    },
    {
        "topic":"04373281-0764-483e-a96f-481562918702",
        "tweetID":646190967180103681,
        "relevancy":1,
        "tweets.created_at":"2015-09-22T05:15:06.000Z",
        "tweets.full_text":"Emily Blunt gets friendly with fans at the London premiere of Sicario:    ",
        "tweets.hashtags":"[]",
        "tweets.user_mentions":"[]",
        "tweets.urls":"['http:\/\/www.popsugar.com\/celebrity\/Emily-Blunt-Attends-Sicario-Premiere-London-38509222']",
        "tweets.user_name":"POPSUGAR",
        "tweets.followers_count":211256,
        "topics.title":"Sicario Movie Review"
    },
    {
        "topic":"04373281-0764-483e-a96f-481562918702",
        "tweetID":646232257481445376,
        "relevancy":2,
        "tweets.created_at":"2015-09-22T07:59:11.000Z",
        "tweets.full_text":"Exclusive Premiere Interviews: Emily Blunt, Denis Villeneuve &amp; More talk Sicario    ",
        "tweets.hashtags":"[]",
        "tweets.user_mentions":"[]",
        "tweets.urls":"['http:\/\/www.heyuguys.com\/sicario-premiere-interviews\/']",
        "tweets.user_name":"HeyUGuys",
        "tweets.followers_count":49273,
        "topics.title":"Sicario Movie Review"
    },
    {
        "topic":"04373281-0764-483e-a96f-481562918702",
        "tweetID":646817622030462977,
        "relevancy":2,
        "tweets.created_at":"2015-09-23T22:45:13.000Z",
        "tweets.full_text":"Movie Review: Sicario is Emily Blunts road to the #Oscars   ",
        "tweets.hashtags":"['Oscars']",
        "tweets.user_mentions":"[]",
        "tweets.urls":"['http:\/\/ow.ly\/SAN2P']",
        "tweets.user_name":"ClarendonPatch",
        "tweets.followers_count":5363,
        "topics.title":"Sicario Movie Review"
    },
    {
        "topic":"04373281-0764-483e-a96f-481562918702",
        "tweetID":649326347274330112,
        "relevancy":1,
        "tweets.created_at":"2015-09-30T20:53:59.000Z",
        "tweets.full_text":"Exclusive! Fed Law enforcement has 13 major drug cartel thugs on a plane headed from Mexico to the U.S. right now. Big tak\u2026.  ",
        "tweets.hashtags":"[]",
        "tweets.user_mentions":"['adamhousley']",
        "tweets.urls":"[]",
        "tweets.user_name":"4danlopez",
        "tweets.followers_count":3870,
        "topics.title":"Sicario Movie Review"
    }
]