[
    {
        "topic":"515100e7-e13c-4a1e-8abd-86748b375e11",
        "tweetID":639340949890469888,
        "relevancy":1,
        "tweets.created_at":"2015-03-09T07:35:35.000Z",
        "tweets.full_text":"Bob Arum: Manny Pacquiao retiring next year, eyeing Senate seat   ",
        "tweets.hashtags":"[]",
        "tweets.user_mentions":"[]",
        "tweets.urls":"['http:\/\/gmane.ws\/1KKFlbT']",
        "tweets.user_name":"gmanewsbreaking",
        "tweets.followers_count":1572139,
        "topics.title":"Pacquiao buries 5 treys for a career-best 19 pts."
    },
    {
        "topic":"515100e7-e13c-4a1e-8abd-86748b375e11",
        "tweetID":639724332651032576,
        "relevancy":1,
        "tweets.created_at":"2015-04-09T08:59:01.000Z",
        "tweets.full_text":"Manny Pacquiao to retire after one more fight in 2016, says promoter.    ",
        "tweets.hashtags":"[]",
        "tweets.user_mentions":"[]",
        "tweets.urls":"['http:\/\/yhoo.it\/1EEeddn']",
        "tweets.user_name":"YahooSG",
        "tweets.followers_count":328875,
        "topics.title":"Pacquiao buries 5 treys for a career-best 19 pts."
    },
    {
        "topic":"515100e7-e13c-4a1e-8abd-86748b375e11",
        "tweetID":640389353592651776,
        "relevancy":1,
        "tweets.created_at":"2015-06-09T05:01:34.000Z",
        "tweets.full_text":"Pacquiao hints he has more than one fight left: GENERAL SANTOS, Sept 6 \u2014 Philippine boxing hero Manny Pacquiao...   ",
        "tweets.hashtags":"[]",
        "tweets.user_mentions":"[]",
        "tweets.urls":"['http:\/\/bit.ly\/1XwkZbw']",
        "tweets.user_name":"leslielau",
        "tweets.followers_count":3314,
        "topics.title":"Pacquiao buries 5 treys for a career-best 19 pts."
    },
    {
        "topic":"515100e7-e13c-4a1e-8abd-86748b375e11",
        "tweetID":640456070020878336,
        "relevancy":2,
        "tweets.created_at":"2015-06-09T09:26:40.000Z",
        "tweets.full_text":"Manny Pacquiao has hinted that he has several more fights left in him -&gt;  #SSBoxing   ",
        "tweets.hashtags":"['SSBoxing']",
        "tweets.user_mentions":"['SuperSportTV']",
        "tweets.urls":"['http:\/\/bit.ly\/1M2STBd']",
        "tweets.user_name":"SuperSportBlitz",
        "tweets.followers_count":1263827,
        "topics.title":"Pacquiao buries 5 treys for a career-best 19 pts."
    },
    {
        "topic":"515100e7-e13c-4a1e-8abd-86748b375e11",
        "tweetID":640459449933561857,
        "relevancy":1,
        "tweets.created_at":"2015-06-09T09:40:06.000Z",
        "tweets.full_text":"\u2018I know better\u2019: Manny Pacquiao plays down talk of 2016 retirement    ",
        "tweets.hashtags":"[]",
        "tweets.user_mentions":"[]",
        "tweets.urls":"['http:\/\/news.ae\/1JLqhsm']",
        "tweets.user_name":"TheNationalNews",
        "tweets.followers_count":1036418,
        "topics.title":"Pacquiao buries 5 treys for a career-best 19 pts."
    },
    {
        "topic":"515100e7-e13c-4a1e-8abd-86748b375e11",
        "tweetID":642023388614160384,
        "relevancy":2,
        "tweets.created_at":"2015-10-09T17:14:38.000Z",
        "tweets.full_text":"Report: Floyd Mayweather used a banned IV one day before Manny Pacquiao fight   ",
        "tweets.hashtags":"[]",
        "tweets.user_mentions":"[]",
        "tweets.urls":"['http:\/\/read.bi\/1O3SFtX']",
        "tweets.user_name":"caribnews",
        "tweets.followers_count":71671,
        "topics.title":"Pacquiao buries 5 treys for a career-best 19 pts."
    },
    {
        "topic":"515100e7-e13c-4a1e-8abd-86748b375e11",
        "tweetID":642035598425853952,
        "relevancy":1,
        "tweets.created_at":"2015-10-09T18:03:09.000Z",
        "tweets.full_text":"Manny Pacquiao feels vindicated by Mayweather IV controversy    ",
        "tweets.hashtags":"[]",
        "tweets.user_mentions":"['rapplerdotcom']",
        "tweets.urls":"['http:\/\/rplr.co\/1EYDnDz']",
        "tweets.user_name":"RapplerTeam",
        "tweets.followers_count":1770,
        "topics.title":"Pacquiao buries 5 treys for a career-best 19 pts."
    },
    {
        "topic":"515100e7-e13c-4a1e-8abd-86748b375e11",
        "tweetID":642134718394290176,
        "relevancy":1,
        "tweets.created_at":"2015-11-09T00:37:01.000Z",
        "tweets.full_text":"Truth finally came out and I was vindicated.\u201d  Manny Pacquiao feels vindicated by  IV controversy   ",
        "tweets.hashtags":"[]",
        "tweets.user_mentions":"['FloydMayweather']",
        "tweets.urls":"['http:\/\/rplr.co\/1ER2VmC']",
        "tweets.user_name":"rapplerdotcom",
        "tweets.followers_count":3423856,
        "topics.title":"Pacquiao buries 5 treys for a career-best 19 pts."
    },
    {
        "topic":"515100e7-e13c-4a1e-8abd-86748b375e11",
        "tweetID":642955992741732352,
        "relevancy":2,
        "tweets.created_at":"2015-09-13T07:00:28.000Z",
        "tweets.full_text":"(Video) Boxing: Manny Pacquiao Throws Shots At Floyd Mayweather During His Fight With Berto    ",
        "tweets.hashtags":"[]",
        "tweets.user_mentions":"[]",
        "tweets.urls":"['http:\/\/ow.ly\/S8uk9', 'http:\/\/fb.me\/6M9I0ajlm']",
        "tweets.user_name":"funkflex",
        "tweets.followers_count":816555,
        "topics.title":"Pacquiao buries 5 treys for a career-best 19 pts."
    },
    {
        "topic":"515100e7-e13c-4a1e-8abd-86748b375e11",
        "tweetID":643012778362540033,
        "relevancy":2,
        "tweets.created_at":"2015-09-13T10:46:07.000Z",
        "tweets.full_text":"(Video) Boxing: Manny Pacquiao Throws Shots At Floyd Mayweather During His Fight With Berto -  #IFWT.  ",
        "tweets.hashtags":"['IFWT']",
        "tweets.user_mentions":"[]",
        "tweets.urls":"['http:\/\/bit.ly\/1KL9lWC']",
        "tweets.user_name":"funkflex",
        "tweets.followers_count":816555,
        "topics.title":"Pacquiao buries 5 treys for a career-best 19 pts."
    },
    {
        "topic":"515100e7-e13c-4a1e-8abd-86748b375e11",
        "tweetID":643197473708732416,
        "relevancy":2,
        "tweets.created_at":"2015-09-13T23:00:02.000Z",
        "tweets.full_text":"Manny Pacquiao bored as Mayweather retires unbeaten.    ",
        "tweets.hashtags":"[]",
        "tweets.user_mentions":"[]",
        "tweets.urls":"['http:\/\/yhoo.it\/1VVTgiJ']",
        "tweets.user_name":"Yahoo_MY",
        "tweets.followers_count":87070,
        "topics.title":"Pacquiao buries 5 treys for a career-best 19 pts."
    },
    {
        "topic":"515100e7-e13c-4a1e-8abd-86748b375e11",
        "tweetID":643288389882630144,
        "relevancy":2,
        "tweets.created_at":"2015-09-14T05:01:18.000Z",
        "tweets.full_text":"(Video) Boxing: Manny Pacquiao Throws Shots At Floyd Mayweather During His Fight With Berto   ",
        "tweets.hashtags":"[]",
        "tweets.user_mentions":"[]",
        "tweets.urls":"['http:\/\/ow.ly\/S8uk9']",
        "tweets.user_name":"funkflex",
        "tweets.followers_count":816555,
        "topics.title":"Pacquiao buries 5 treys for a career-best 19 pts."
    },
    {
        "topic":"515100e7-e13c-4a1e-8abd-86748b375e11",
        "tweetID":644047649042243584,
        "relevancy":1,
        "tweets.created_at":"2015-09-16T07:18:20.000Z",
        "tweets.full_text":"Manny Pacquiao shows his hometown using #StreetViewPH. #RStream || via      ",
        "tweets.hashtags":"['StreetViewPH', 'RStream']",
        "tweets.user_mentions":"['AKQuintos']",
        "tweets.urls":"['https:\/\/twitter.com\/AKQuintos\/status\/644046908244127745\/photo\/1']",
        "tweets.user_name":"rapplerdotcom",
        "tweets.followers_count":3423856,
        "topics.title":"Pacquiao buries 5 treys for a career-best 19 pts."
    },
    {
        "topic":"515100e7-e13c-4a1e-8abd-86748b375e11",
        "tweetID":644401705107501056,
        "relevancy":1,
        "tweets.created_at":"2015-09-17T06:45:13.000Z",
        "tweets.full_text":"Visitors can see Manny Pacquiao and more at this weekends Philippine Festival    ",
        "tweets.hashtags":"[]",
        "tweets.user_mentions":"[]",
        "tweets.urls":"['http:\/\/jtim.es\/SjMPT']",
        "tweets.user_name":"japantimes",
        "tweets.followers_count":382732,
        "topics.title":"Pacquiao buries 5 treys for a career-best 19 pts."
    }
]