[
    {
        "topic":"f5c00739-0880-4d50-b917-9d7ea72fae77",
        "tweetID":641978873488523265,
        "relevancy":1,
        "tweets.created_at":"2015-10-09T14:17:45.000Z",
        "tweets.full_text":"Central Bank unveils two new \u20ac2 coins to mark the centenary of the Easter Rising    ",
        "tweets.hashtags":"[]",
        "tweets.user_mentions":"['centralbank_ie']",
        "tweets.urls":"[]",
        "tweets.user_name":"TodayFMNews",
        "tweets.followers_count":27505,
        "topics.title":"State funeral for Thomas Kent tomorrow"
    },
    {
        "topic":"f5c00739-0880-4d50-b917-9d7ea72fae77",
        "tweetID":642693527856640000,
        "relevancy":2,
        "tweets.created_at":"2015-12-09T13:37:32.000Z",
        "tweets.full_text":"The body of Thomas Kent will lie in state at Collins Barracks ahead of Fridays State Funeral.   ",
        "tweets.hashtags":"[]",
        "tweets.user_mentions":"[]",
        "tweets.urls":"['https:\/\/twitter.com\/merrionstreet\/status\/642368169131290624']",
        "tweets.user_name":"OSullivanJennie",
        "tweets.followers_count":7091,
        "topics.title":"State funeral for Thomas Kent tomorrow"
    },
    {
        "topic":"f5c00739-0880-4d50-b917-9d7ea72fae77",
        "tweetID":642798123253899264,
        "relevancy":2,
        "tweets.created_at":"2015-12-09T20:33:09.000Z",
        "tweets.full_text":"Incredible stories of Irishmen who fought in the British Army during the Easter 1916 Rising   ",
        "tweets.hashtags":"[]",
        "tweets.user_mentions":"['theirishpost']",
        "tweets.urls":"['http:\/\/irishpost.co.uk\/10-facts-about-the-irish-men-who-fought-for-the-british-during-the-1916-easter-rising\/']",
        "tweets.user_name":"RobinSwannMoH",
        "tweets.followers_count":23659,
        "topics.title":"State funeral for Thomas Kent tomorrow"
    },
    {
        "topic":"f5c00739-0880-4d50-b917-9d7ea72fae77",
        "tweetID":644481680984510464,
        "relevancy":2,
        "tweets.created_at":"2015-09-17T12:03:01.000Z",
        "tweets.full_text":"Remains of Thomas Kent to lie in repose in Cork today before state funeral    ",
        "tweets.hashtags":"[]",
        "tweets.user_mentions":"[]",
        "tweets.urls":"['http:\/\/jrnl.to\/1Kb5Br1']",
        "tweets.user_name":"thejournal_ie",
        "tweets.followers_count":664092,
        "topics.title":"State funeral for Thomas Kent tomorrow"
    },
    {
        "topic":"f5c00739-0880-4d50-b917-9d7ea72fae77",
        "tweetID":644486926251200512,
        "relevancy":2,
        "tweets.created_at":"2015-09-17T12:23:51.000Z",
        "tweets.full_text":"Thomas Kents remains will lie in state  Collins Barracks #Cork 6pm until late, ahead of State Funeral.   ",
        "tweets.hashtags":"['Cork']",
        "tweets.user_mentions":"['defenceforces']",
        "tweets.urls":"[]",
        "tweets.user_name":"OSullivanJennie",
        "tweets.followers_count":7091,
        "topics.title":"State funeral for Thomas Kent tomorrow"
    },
    {
        "topic":"f5c00739-0880-4d50-b917-9d7ea72fae77",
        "tweetID":644497070208909312,
        "relevancy":2,
        "tweets.created_at":"2015-09-17T13:04:10.000Z",
        "tweets.full_text":"State funeral and reinterment of Cork Vol Thomas Kent executed after the Easter Rising underway today. Remains reposing in Collins Barracks..  ",
        "tweets.hashtags":"[]",
        "tweets.user_mentions":"[]",
        "tweets.urls":"[]",
        "tweets.user_name":"AlexMaskeySF",
        "tweets.followers_count":12356,
        "topics.title":"State funeral for Thomas Kent tomorrow"
    },
    {
        "topic":"f5c00739-0880-4d50-b917-9d7ea72fae77",
        "tweetID":644497080606695424,
        "relevancy":2,
        "tweets.created_at":"2015-09-17T13:04:12.000Z",
        "tweets.full_text":"The remains of Thomas Kent are lying-in-State at Collins Barracks #Cork ahead of tomorrows State Funeral   ",
        "tweets.hashtags":"['Cork']",
        "tweets.user_mentions":"[]",
        "tweets.urls":"['http:\/\/www.rte.ie\/news\/2015\/0917\/728409-thomas-kent\/']",
        "tweets.user_name":"OSullivanJennie",
        "tweets.followers_count":7091,
        "topics.title":"State funeral for Thomas Kent tomorrow"
    },
    {
        "topic":"f5c00739-0880-4d50-b917-9d7ea72fae77",
        "tweetID":644522596709584896,
        "relevancy":2,
        "tweets.created_at":"2015-09-17T14:45:36.000Z",
        "tweets.full_text":"Were in Collins Barracks where the remains of Commandant Thomas Kent are due to lie in repose   ",
        "tweets.hashtags":"[]",
        "tweets.user_mentions":"[]",
        "tweets.urls":"[]",
        "tweets.user_name":"merrionstreet",
        "tweets.followers_count":56539,
        "topics.title":"State funeral for Thomas Kent tomorrow"
    },
    {
        "topic":"f5c00739-0880-4d50-b917-9d7ea72fae77",
        "tweetID":644523416238821376,
        "relevancy":2,
        "tweets.created_at":"2015-09-17T14:48:51.000Z",
        "tweets.full_text":"Commandant Thomas Kent will be lying in repose at Collins Barracks, Cork this evening to allow members of the public to pay respects.  ",
        "tweets.hashtags":"[]",
        "tweets.user_mentions":"[]",
        "tweets.urls":"[]",
        "tweets.user_name":"merrionstreet",
        "tweets.followers_count":56539,
        "topics.title":"State funeral for Thomas Kent tomorrow"
    },
    {
        "topic":"f5c00739-0880-4d50-b917-9d7ea72fae77",
        "tweetID":644524374276603904,
        "relevancy":2,
        "tweets.created_at":"2015-09-17T14:52:40.000Z",
        "tweets.full_text":"Garrison Church #Collins Barracks #Cork - awaiting arrival of remains of Thomas Kent     ",
        "tweets.hashtags":"['Collins', 'Cork']",
        "tweets.user_mentions":"['rtenews', 'defenceforces']",
        "tweets.urls":"[]",
        "tweets.user_name":"OSullivanJennie",
        "tweets.followers_count":7091,
        "topics.title":"State funeral for Thomas Kent tomorrow"
    },
    {
        "topic":"f5c00739-0880-4d50-b917-9d7ea72fae77",
        "tweetID":644528909325848576,
        "relevancy":2,
        "tweets.created_at":"2015-09-17T15:10:41.000Z",
        "tweets.full_text":"The remains of Commandant Thomas Kent arrive at Collins Barracks, Cork where he will lie in repose this evening   ",
        "tweets.hashtags":"[]",
        "tweets.user_mentions":"[]",
        "tweets.urls":"[]",
        "tweets.user_name":"merrionstreet",
        "tweets.followers_count":56539,
        "topics.title":"State funeral for Thomas Kent tomorrow"
    },
    {
        "topic":"f5c00739-0880-4d50-b917-9d7ea72fae77",
        "tweetID":644528910919696385,
        "relevancy":2,
        "tweets.created_at":"2015-09-17T15:10:41.000Z",
        "tweets.full_text":"Arrival of Thomas Kents remains to the chapel at Collins Barracks #Cork #1916     ",
        "tweets.hashtags":"['Cork']",
        "tweets.user_mentions":"['rtenews', 'RTENewsNow']",
        "tweets.urls":"[]",
        "tweets.user_name":"OSullivanJennie",
        "tweets.followers_count":7091,
        "topics.title":"State funeral for Thomas Kent tomorrow"
    },
    {
        "topic":"f5c00739-0880-4d50-b917-9d7ea72fae77",
        "tweetID":644531231665864704,
        "relevancy":2,
        "tweets.created_at":"2015-09-17T15:19:55.000Z",
        "tweets.full_text":"Commandant Thomas Kent lies in repose at the chapel at Collins Barracks, Cork:   ",
        "tweets.hashtags":"[]",
        "tweets.user_mentions":"[]",
        "tweets.urls":"[]",
        "tweets.user_name":"merrionstreet",
        "tweets.followers_count":56539,
        "topics.title":"State funeral for Thomas Kent tomorrow"
    },
    {
        "topic":"f5c00739-0880-4d50-b917-9d7ea72fae77",
        "tweetID":644566199070756864,
        "relevancy":2,
        "tweets.created_at":"2015-09-17T17:38:51.000Z",
        "tweets.full_text":"State funeral and reinterment of Cork Vol Thomas Kent executed after the Easter Rising underway today. Remains reposing \u2026.  ",
        "tweets.hashtags":"[]",
        "tweets.user_mentions":"['alexmaskeymla']",
        "tweets.urls":"[]",
        "tweets.user_name":"NiallSF",
        "tweets.followers_count":28149,
        "topics.title":"State funeral for Thomas Kent tomorrow"
    },
    {
        "topic":"f5c00739-0880-4d50-b917-9d7ea72fae77",
        "tweetID":644597538029481985,
        "relevancy":2,
        "tweets.created_at":"2015-09-17T19:43:23.000Z",
        "tweets.full_text":"You can view photos from Collins Barracks where Thomas Kent lay in repose this evening here:   ",
        "tweets.hashtags":"[]",
        "tweets.user_mentions":"[]",
        "tweets.urls":"['https:\/\/flickr.com\/photos\/50497922@N05\/sets\/72157658325717009']",
        "tweets.user_name":"merrionstreet",
        "tweets.followers_count":56539,
        "topics.title":"State funeral for Thomas Kent tomorrow"
    },
    {
        "topic":"f5c00739-0880-4d50-b917-9d7ea72fae77",
        "tweetID":644616886789914625,
        "relevancy":2,
        "tweets.created_at":"2015-09-17T21:00:16.000Z",
        "tweets.full_text":"VIDEO: Remains of executed rebel Thomas Kent arrive at Collins Barracks |  (RMC)   ",
        "tweets.hashtags":"[]",
        "tweets.user_mentions":"[]",
        "tweets.urls":"['http:\/\/exa.mn\/12v5']",
        "tweets.user_name":"irishexaminer",
        "tweets.followers_count":210561,
        "topics.title":"State funeral for Thomas Kent tomorrow"
    },
    {
        "topic":"f5c00739-0880-4d50-b917-9d7ea72fae77",
        "tweetID":644661189641928704,
        "relevancy":2,
        "tweets.created_at":"2015-09-17T23:56:19.000Z",
        "tweets.full_text":"State Funeral For Irish Rebel Thomas Kent   ",
        "tweets.hashtags":"[]",
        "tweets.user_mentions":"[]",
        "tweets.urls":"['http:\/\/news.sky.com\/story\/1554706\/state-funeral-for-irish-rebel-thomas-kent']",
        "tweets.user_name":"SkyNews",
        "tweets.followers_count":6913466,
        "topics.title":"State funeral for Thomas Kent tomorrow"
    },
    {
        "topic":"f5c00739-0880-4d50-b917-9d7ea72fae77",
        "tweetID":644790379141660673,
        "relevancy":2,
        "tweets.created_at":"2015-09-18T08:29:40.000Z",
        "tweets.full_text":"State funeral for executed 1916 rebel Thomas Kent    ",
        "tweets.hashtags":"[]",
        "tweets.user_mentions":"[]",
        "tweets.urls":"['http:\/\/www.irishtimes.com\/news\/ireland\/irish-news\/state-funeral-for-executed-1916-rebel-thomas-kent-1.2356594']",
        "tweets.user_name":"IrishTimesNews",
        "tweets.followers_count":8348,
        "topics.title":"State funeral for Thomas Kent tomorrow"
    },
    {
        "topic":"f5c00739-0880-4d50-b917-9d7ea72fae77",
        "tweetID":644790379817013248,
        "relevancy":2,
        "tweets.created_at":"2015-09-18T08:29:40.000Z",
        "tweets.full_text":"State funeral for executed 1916 rebel Thomas Kent    ",
        "tweets.hashtags":"[]",
        "tweets.user_mentions":"[]",
        "tweets.urls":"['http:\/\/www.irishtimes.com\/news\/ireland\/irish-news\/state-funeral-for-executed-1916-rebel-thomas-kent-1.2356594']",
        "tweets.user_name":"IrishTimes",
        "tweets.followers_count":586065,
        "topics.title":"State funeral for Thomas Kent tomorrow"
    },
    {
        "topic":"f5c00739-0880-4d50-b917-9d7ea72fae77",
        "tweetID":644799125276487681,
        "relevancy":2,
        "tweets.created_at":"2015-09-18T09:04:25.000Z",
        "tweets.full_text":"Elliott criticises Irish state funeral for Thomas Kent    ",
        "tweets.hashtags":"[]",
        "tweets.user_mentions":"[]",
        "tweets.urls":"['http:\/\/uup.org\/news\/3809\/21\/Elliott-criticises-Irish-state-funeral-for-Thomas-Kent']",
        "tweets.user_name":"uuponline",
        "tweets.followers_count":22426,
        "topics.title":"State funeral for Thomas Kent tomorrow"
    },
    {
        "topic":"f5c00739-0880-4d50-b917-9d7ea72fae77",
        "tweetID":644802282949902336,
        "relevancy":2,
        "tweets.created_at":"2015-09-18T09:16:58.000Z",
        "tweets.full_text":"Elliott criticises Irish state funeral for Thomas Kent    ",
        "tweets.hashtags":"[]",
        "tweets.user_mentions":"['uuponline']",
        "tweets.urls":"['http:\/\/uup.org\/news\/3809\/21\/Elliott-criticises-Irish-state-funeral-for-Thomas-Kent']",
        "tweets.user_name":"StevieMcCaffery",
        "tweets.followers_count":8285,
        "topics.title":"State funeral for Thomas Kent tomorrow"
    },
    {
        "topic":"f5c00739-0880-4d50-b917-9d7ea72fae77",
        "tweetID":644823126610735104,
        "relevancy":2,
        "tweets.created_at":"2015-09-18T10:39:48.000Z",
        "tweets.full_text":"Final preparations underway for Thomas Kents State Funeral Castlelyons #Cork   ",
        "tweets.hashtags":"['Cork']",
        "tweets.user_mentions":"['OSullivanJennie']",
        "tweets.urls":"[]",
        "tweets.user_name":"rtenews",
        "tweets.followers_count":924482,
        "topics.title":"State funeral for Thomas Kent tomorrow"
    },
    {
        "topic":"f5c00739-0880-4d50-b917-9d7ea72fae77",
        "tweetID":644850984666140672,
        "relevancy":2,
        "tweets.created_at":"2015-09-18T12:30:30.000Z",
        "tweets.full_text":"Taoiseach, T\u00e1naiste and Cabinet members at Castlelyons church for the State funeral of Thomas Kent:   ",
        "tweets.hashtags":"[]",
        "tweets.user_mentions":"[]",
        "tweets.urls":"[]",
        "tweets.user_name":"merrionstreet",
        "tweets.followers_count":56539,
        "topics.title":"State funeral for Thomas Kent tomorrow"
    },
    {
        "topic":"f5c00739-0880-4d50-b917-9d7ea72fae77",
        "tweetID":644851295900274688,
        "relevancy":2,
        "tweets.created_at":"2015-09-18T12:31:44.000Z",
        "tweets.full_text":"President Michael D Higgins and Sabina Higgins arrive at Castlelyons church for the State funeral of Thomas Kent:   ",
        "tweets.hashtags":"[]",
        "tweets.user_mentions":"[]",
        "tweets.urls":"[]",
        "tweets.user_name":"merrionstreet",
        "tweets.followers_count":56539,
        "topics.title":"State funeral for Thomas Kent tomorrow"
    },
    {
        "topic":"f5c00739-0880-4d50-b917-9d7ea72fae77",
        "tweetID":644853803469017088,
        "relevancy":2,
        "tweets.created_at":"2015-09-18T12:41:42.000Z",
        "tweets.full_text":"Remains of Thomas Kent arrive in Castlelyons, ahead of the 1916 leaders State funeral    ",
        "tweets.hashtags":"[]",
        "tweets.user_mentions":"[]",
        "tweets.urls":"['http:\/\/jrnl.to\/1gxdHlX']",
        "tweets.user_name":"thejournal_ie",
        "tweets.followers_count":664092,
        "topics.title":"State funeral for Thomas Kent tomorrow"
    },
    {
        "topic":"f5c00739-0880-4d50-b917-9d7ea72fae77",
        "tweetID":644855255377813504,
        "relevancy":2,
        "tweets.created_at":"2015-09-18T12:47:28.000Z",
        "tweets.full_text":"The remains of Commandant Thomas Kent arrive at Castlelyons church for the funeral mass:   ",
        "tweets.hashtags":"[]",
        "tweets.user_mentions":"[]",
        "tweets.urls":"[]",
        "tweets.user_name":"merrionstreet",
        "tweets.followers_count":56539,
        "topics.title":"State funeral for Thomas Kent tomorrow"
    },
    {
        "topic":"f5c00739-0880-4d50-b917-9d7ea72fae77",
        "tweetID":644879454653820928,
        "relevancy":2,
        "tweets.created_at":"2015-09-18T14:23:37.000Z",
        "tweets.full_text":"Taoiseach  begins his graveside oration at Castlelyons church #ThomasKent:   ",
        "tweets.hashtags":"['ThomasKent']",
        "tweets.user_mentions":"['EndaKennyTD']",
        "tweets.urls":"[]",
        "tweets.user_name":"merrionstreet",
        "tweets.followers_count":56539,
        "topics.title":"State funeral for Thomas Kent tomorrow"
    },
    {
        "topic":"f5c00739-0880-4d50-b917-9d7ea72fae77",
        "tweetID":644881146262749184,
        "relevancy":2,
        "tweets.created_at":"2015-09-18T14:30:21.000Z",
        "tweets.full_text":"1916 leader Thomas Kent is laid to rest at State funeral in Cork:   ",
        "tweets.hashtags":"[]",
        "tweets.user_mentions":"[]",
        "tweets.urls":"['http:\/\/bit.ly\/1Qmirak']",
        "tweets.user_name":"NewstalkFM",
        "tweets.followers_count":261146,
        "topics.title":"State funeral for Thomas Kent tomorrow"
    },
    {
        "topic":"f5c00739-0880-4d50-b917-9d7ea72fae77",
        "tweetID":644889852299902976,
        "relevancy":2,
        "tweets.created_at":"2015-09-18T15:04:56.000Z",
        "tweets.full_text":"Thomas Kent laid to rest at State funeral    ",
        "tweets.hashtags":"[]",
        "tweets.user_mentions":"[]",
        "tweets.urls":"['http:\/\/bit.ly\/1KkrxmJ']",
        "tweets.user_name":"rtenews",
        "tweets.followers_count":924482,
        "topics.title":"State funeral for Thomas Kent tomorrow"
    },
    {
        "topic":"f5c00739-0880-4d50-b917-9d7ea72fae77",
        "tweetID":644895281931272192,
        "relevancy":2,
        "tweets.created_at":"2015-09-18T15:26:31.000Z",
        "tweets.full_text":"Taoiseach  beginning his graveside oration at Castlelyons church for the State funeral of #ThomasKent.   ",
        "tweets.hashtags":"['ThomasKent']",
        "tweets.user_mentions":"['EndaKennyTD']",
        "tweets.urls":"[]",
        "tweets.user_name":"FineGael",
        "tweets.followers_count":52301,
        "topics.title":"State funeral for Thomas Kent tomorrow"
    },
    {
        "topic":"f5c00739-0880-4d50-b917-9d7ea72fae77",
        "tweetID":644908427781754880,
        "relevancy":2,
        "tweets.created_at":"2015-09-18T16:18:45.000Z",
        "tweets.full_text":"Attended funeral today for Thomas Kent, who was one of the 1916 leaders executed in Cork by a British firing squad   ",
        "tweets.hashtags":"[]",
        "tweets.user_mentions":"[]",
        "tweets.urls":"[]",
        "tweets.user_name":"jennifermccann0",
        "tweets.followers_count":4409,
        "topics.title":"State funeral for Thomas Kent tomorrow"
    },
    {
        "topic":"f5c00739-0880-4d50-b917-9d7ea72fae77",
        "tweetID":644977804912623616,
        "relevancy":2,
        "tweets.created_at":"2015-09-18T20:54:26.000Z",
        "tweets.full_text":"State funeral for executed 1916 rebel Thomas Kent   ",
        "tweets.hashtags":"[]",
        "tweets.user_mentions":"[]",
        "tweets.urls":"['http:\/\/www.irishtimes.com\/news\/ireland\/irish-news\/state-funeral-for-executed-1916-rebel-thomas-kent-1.2356594']",
        "tweets.user_name":"immsollawyers",
        "tweets.followers_count":2080,
        "topics.title":"State funeral for Thomas Kent tomorrow"
    },
    {
        "topic":"f5c00739-0880-4d50-b917-9d7ea72fae77",
        "tweetID":645432217934524417,
        "relevancy":2,
        "tweets.created_at":"2015-09-20T03:00:06.000Z",
        "tweets.full_text":"UUP slams state funeral for terrorist Thomas Kent :: The News Letter:   #Ireland #Ulster.  ",
        "tweets.hashtags":"['Ireland', 'Ulster']",
        "tweets.user_mentions":"[]",
        "tweets.urls":"['http:\/\/bit.ly\/1PeBfYV']",
        "tweets.user_name":"nuzhound",
        "tweets.followers_count":3280,
        "topics.title":"State funeral for Thomas Kent tomorrow"
    },
    {
        "topic":"f5c00739-0880-4d50-b917-9d7ea72fae77",
        "tweetID":649005949466775552,
        "relevancy":1,
        "tweets.created_at":"2015-09-29T23:40:50.000Z",
        "tweets.full_text":"Exhibition celebrating centennial of Irish Easter Rising opens in Phoenix Arizona   ",
        "tweets.hashtags":"[]",
        "tweets.user_mentions":"[]",
        "tweets.urls":"['http:\/\/www.scottsdaleindependent.com\/entertainment\/exhibition-celebrating-centennial-of-irish-easter-rising-opens-in-phoenix\/#.VgshR8Z5CCU.twitter']",
        "tweets.user_name":"IrelandinSF",
        "tweets.followers_count":7834,
        "topics.title":"State funeral for Thomas Kent tomorrow"
    }
]