[
    {
        "topic":"b5a591aa-8dd0-43d2-9961-ab19510f87ac",
        "tweetID":642510491051388929,
        "relevancy":2,
        "tweets.created_at":"2015-12-09T01:30:12.000Z",
        "tweets.full_text":"British lawmakers reject controversial right to die bill     ",
        "tweets.hashtags":"[]",
        "tweets.user_mentions":"[]",
        "tweets.urls":"['http:\/\/www.ndtv.com\/world-news\/british-lawmakers-reject-controversial-right-to-die-bill-1216692']",
        "tweets.user_name":"ndtv",
        "tweets.followers_count":14553126,
        "topics.title":"British Parliament rejects controversial right-to-die bill"
    },
    {
        "topic":"b5a591aa-8dd0-43d2-9961-ab19510f87ac",
        "tweetID":642579672597950464,
        "relevancy":2,
        "tweets.created_at":"2015-12-09T06:05:07.000Z",
        "tweets.full_text":"British parliament rejects right-to-die law    ",
        "tweets.hashtags":"[]",
        "tweets.user_mentions":"[]",
        "tweets.urls":"['http:\/\/aje.io\/4v5l']",
        "tweets.user_name":"AJENews",
        "tweets.followers_count":1843110,
        "topics.title":"British Parliament rejects controversial right-to-die bill"
    },
    {
        "topic":"b5a591aa-8dd0-43d2-9961-ab19510f87ac",
        "tweetID":639396730950189056,
        "relevancy":2,
        "tweets.created_at":"2015-03-09T11:17:14.000Z",
        "tweets.full_text":"Bulgarian Parliament Rejects Anti-Corruption Bill at First Reading   ",
        "tweets.hashtags":"[]",
        "tweets.user_mentions":"[]",
        "tweets.urls":"['http:\/\/bit.ly\/1JP6YzH']",
        "tweets.user_name":"novinite_com",
        "tweets.followers_count":7702,
        "topics.title":"British Parliament rejects controversial right-to-die bill"
    },
    {
        "topic":"b5a591aa-8dd0-43d2-9961-ab19510f87ac",
        "tweetID":640569207827132416,
        "relevancy":2,
        "tweets.created_at":"2015-06-09T16:56:15.000Z",
        "tweets.full_text":"Archbishop of Canterbury says assisted dying bill is a legal and ethical Rubicon:    ",
        "tweets.hashtags":"[]",
        "tweets.user_mentions":"[]",
        "tweets.urls":"['http:\/\/bit.ly\/1Frpfh5']",
        "tweets.user_name":"BelTel",
        "tweets.followers_count":190802,
        "topics.title":"British Parliament rejects controversial right-to-die bill"
    },
    {
        "topic":"b5a591aa-8dd0-43d2-9961-ab19510f87ac",
        "tweetID":640877069744930816,
        "relevancy":1,
        "tweets.created_at":"2015-07-09T13:19:35.000Z",
        "tweets.full_text":"Parliament Convenes to Debate the Controversial NGO\u00a0Bill    ",
        "tweets.hashtags":"[]",
        "tweets.user_mentions":"['KuchuTimes']",
        "tweets.urls":"['http:\/\/www.kuchutimes.com\/2015\/09\/parliament-convenes-to-debate-the-controversial-ngo-bill\/']",
        "tweets.user_name":"KashaJacqueline",
        "tweets.followers_count":7755,
        "topics.title":"British Parliament rejects controversial right-to-die bill"
    },
    {
        "topic":"b5a591aa-8dd0-43d2-9961-ab19510f87ac",
        "tweetID":642328095219912704,
        "relevancy":1,
        "tweets.created_at":"2015-11-09T13:25:26.000Z",
        "tweets.full_text":"Shame the Assisted Dying Bill died in a 118-330 defeat. Carry on suffering.  ",
        "tweets.hashtags":"[]",
        "tweets.user_mentions":"[]",
        "tweets.urls":"[]",
        "tweets.user_name":"Kevin_Maguire",
        "tweets.followers_count":251748,
        "topics.title":"British Parliament rejects controversial right-to-die bill"
    },
    {
        "topic":"b5a591aa-8dd0-43d2-9961-ab19510f87ac",
        "tweetID":642328734771597312,
        "relevancy":2,
        "tweets.created_at":"2015-11-09T13:27:58.000Z",
        "tweets.full_text":"MPs have rejected plans for a right to die in England and Wales in a free vote by 330 votes to 118 #AssistedDying.  ",
        "tweets.hashtags":"['AssistedDying']",
        "tweets.user_mentions":"[]",
        "tweets.urls":"[]",
        "tweets.user_name":"SkyNewsBreak",
        "tweets.followers_count":4681836,
        "topics.title":"British Parliament rejects controversial right-to-die bill"
    },
    {
        "topic":"b5a591aa-8dd0-43d2-9961-ab19510f87ac",
        "tweetID":642328807823814656,
        "relevancy":2,
        "tweets.created_at":"2015-11-09T13:28:16.000Z",
        "tweets.full_text":"A bill to legalise assisted dying in Wales and England has been overwhelmingly rejected by MPs.   ",
        "tweets.hashtags":"[]",
        "tweets.user_mentions":"[]",
        "tweets.urls":"['http:\/\/bbc.in\/1Q6pwvA']",
        "tweets.user_name":"BBCPolitics",
        "tweets.followers_count":762379,
        "topics.title":"British Parliament rejects controversial right-to-die bill"
    },
    {
        "topic":"b5a591aa-8dd0-43d2-9961-ab19510f87ac",
        "tweetID":642384429202149376,
        "relevancy":2,
        "tweets.created_at":"2015-11-09T17:09:17.000Z",
        "tweets.full_text":"MPs have rejected a right to die legislation in England and Wales   ",
        "tweets.hashtags":"[]",
        "tweets.user_mentions":"[]",
        "tweets.urls":"['http:\/\/www.bbc.co.uk\/news\/health-34208624']",
        "tweets.user_name":"bilkisulabaran",
        "tweets.followers_count":19886,
        "topics.title":"British Parliament rejects controversial right-to-die bill"
    },
    {
        "topic":"b5a591aa-8dd0-43d2-9961-ab19510f87ac",
        "tweetID":642400576009957376,
        "relevancy":1,
        "tweets.created_at":"2015-11-09T18:13:27.000Z",
        "tweets.full_text":"MPs reject plans for right to die in England and Wales by 330 to 118 in first vote on issue in almost 20 years   ",
        "tweets.hashtags":"[]",
        "tweets.user_mentions":"['BBCBreaking']",
        "tweets.urls":"[]",
        "tweets.user_name":"vickywong710",
        "tweets.followers_count":5934,
        "topics.title":"British Parliament rejects controversial right-to-die bill"
    },
    {
        "topic":"b5a591aa-8dd0-43d2-9961-ab19510f87ac",
        "tweetID":642407024492306432,
        "relevancy":1,
        "tweets.created_at":"2015-11-09T18:39:04.000Z",
        "tweets.full_text":"MPs debate controversial right to die bill   ",
        "tweets.hashtags":"[]",
        "tweets.user_mentions":"[]",
        "tweets.urls":"['http:\/\/f24.my\/1i4h7Oj']",
        "tweets.user_name":"France24_en",
        "tweets.followers_count":280343,
        "topics.title":"British Parliament rejects controversial right-to-die bill"
    },
    {
        "topic":"b5a591aa-8dd0-43d2-9961-ab19510f87ac",
        "tweetID":642444406759497728,
        "relevancy":1,
        "tweets.created_at":"2015-11-09T21:07:37.000Z",
        "tweets.full_text":"Though most Britons back it, a change to the law on assisted suicide is overwhelmingly rejected by parliamentarians:   ",
        "tweets.hashtags":"[]",
        "tweets.user_mentions":"[]",
        "tweets.urls":"['http:\/\/econ.st\/1QtH71u']",
        "tweets.user_name":"TheEconomist",
        "tweets.followers_count":25400307,
        "topics.title":"British Parliament rejects controversial right-to-die bill"
    }
]