{
    "topic":"1a0e4778-5711-48a0-879f-c5d0490c3918",
    "topics.content":",  6:19 PM ET) -- The U.S. Senate has passed a bipartisan bill that would require federal enforcement agencies to account for tax breaks or other credits included in major settlements when they are publicly announced, a measure that the bills backers say will enhance public scrutiny of the deals.   Introduced by Senators Elizabeth Warren, D-Mass. and James Lankford, R-Okla., the Truth in Settlements Act would require that federal agencies disclose the true value of settlements reached with companies to account for tax deductions and other credits that they say reduce....  ",
    "topics.title":"Senate Passes Bill To Increase Transparency In Gov't Deals",
    "topics.media-type":"News",
    "topics.source":"Law360 - White Collar",
    "topics.published":"2015-09-23T18:19:12.000Z",
    "topic_tweets":20,
    "tweets.created_at_initial":"2015-02-09 14:43:05",
    "tweets.created_at_final":"2015-09-30 20:20:09",
    "tweets.time_interval":233.0
}