[
    {
        "topic":"1a0e4778-5711-48a0-879f-c5d0490c3918",
        "tweetID":639086147797446656,
        "relevancy":2,
        "tweets.created_at":"2015-02-09T14:43:05.000Z",
        "tweets.full_text":"GOP leggies say their beliefs are not relevant to the bill, Dems say they are given that bill deals with family planning funding..  ",
        "tweets.hashtags":"[]",
        "tweets.user_mentions":"[]",
        "tweets.urls":"[]",
        "tweets.user_name":"jasonmdstein",
        "tweets.followers_count":7869,
        "topics.title":"Senate Passes Bill To Increase Transparency In Gov't Deals"
    },
    {
        "topic":"1a0e4778-5711-48a0-879f-c5d0490c3918",
        "tweetID":640730586454233088,
        "relevancy":2,
        "tweets.created_at":"2015-07-09T03:37:30.000Z",
        "tweets.full_text":"Tax and Superannuation Laws Amendment (2015 Measures No. 2) Bill has passed the #Senate without amendments.  ",
        "tweets.hashtags":"['Senate']",
        "tweets.user_mentions":"[]",
        "tweets.urls":"[]",
        "tweets.user_name":"AuSenate",
        "tweets.followers_count":35864,
        "topics.title":"Senate Passes Bill To Increase Transparency In Gov't Deals"
    },
    {
        "topic":"1a0e4778-5711-48a0-879f-c5d0490c3918",
        "tweetID":641229509719683072,
        "relevancy":2,
        "tweets.created_at":"2015-08-09T12:40:03.000Z",
        "tweets.full_text":". The bipartisan bill... was drafted so that 60 votes would be required in the Senate...   ",
        "tweets.hashtags":"[]",
        "tweets.user_mentions":"['timkaine', 'TheIranDeal']",
        "tweets.urls":"[]",
        "tweets.user_name":"joshrogin",
        "tweets.followers_count":231182,
        "topics.title":"Senate Passes Bill To Increase Transparency In Gov't Deals"
    },
    {
        "topic":"1a0e4778-5711-48a0-879f-c5d0490c3918",
        "tweetID":641235571990491136,
        "relevancy":2,
        "tweets.created_at":"2015-08-09T13:04:08.000Z",
        "tweets.full_text":"The bipartisan bill... was drafted so that 60 votes would be required in the Senate...   ",
        "tweets.hashtags":"[]",
        "tweets.user_mentions":"['joshrogin', 'timkaine', 'TheIranDeal']",
        "tweets.urls":"[]",
        "tweets.user_name":"AJentleson",
        "tweets.followers_count":71795,
        "topics.title":"Senate Passes Bill To Increase Transparency In Gov't Deals"
    },
    {
        "topic":"1a0e4778-5711-48a0-879f-c5d0490c3918",
        "tweetID":643823812216229889,
        "relevancy":2,
        "tweets.created_at":"2015-09-15T16:28:53.000Z",
        "tweets.full_text":"The only people affected by todays proposed cuts to tax credits are families that are in work.  ",
        "tweets.hashtags":"[]",
        "tweets.user_mentions":"['ChildSocPol']",
        "tweets.urls":"[]",
        "tweets.user_name":"unisontheunion",
        "tweets.followers_count":66359,
        "topics.title":"Senate Passes Bill To Increase Transparency In Gov't Deals"
    },
    {
        "topic":"1a0e4778-5711-48a0-879f-c5d0490c3918",
        "tweetID":644229091705536512,
        "relevancy":1,
        "tweets.created_at":"2015-09-16T19:19:19.000Z",
        "tweets.full_text":"And the bill that would have changed the system, #AB1200, died in the state Senate.. #KQEDPoliticalMuscle   ",
        "tweets.hashtags":"['AB1200', 'KQEDPoliticalMuscle']",
        "tweets.user_mentions":"[]",
        "tweets.urls":"['https:\/\/twitter.com\/connectedprof\/status\/644222348392951808']",
        "tweets.user_name":"johnmyers",
        "tweets.followers_count":31062,
        "topics.title":"Senate Passes Bill To Increase Transparency In Gov't Deals"
    },
    {
        "topic":"1a0e4778-5711-48a0-879f-c5d0490c3918",
        "tweetID":646385377834614784,
        "relevancy":2,
        "tweets.created_at":"2015-09-22T18:07:37.000Z",
        "tweets.full_text":"I\u2019m glad the Senate unanimously passed my Truth in Settlements Act for more transparency around gov settlements.   ",
        "tweets.hashtags":"[]",
        "tweets.user_mentions":"[]",
        "tweets.urls":"['http:\/\/bit.ly\/1WglPHV']",
        "tweets.user_name":"SenWarren",
        "tweets.followers_count":6870746,
        "topics.title":"Senate Passes Bill To Increase Transparency In Gov't Deals"
    },
    {
        "topic":"1a0e4778-5711-48a0-879f-c5d0490c3918",
        "tweetID":646656903125336064,
        "relevancy":2,
        "tweets.created_at":"2015-09-23T12:06:34.000Z",
        "tweets.full_text":"Lankford transparency bill clears Senate   ",
        "tweets.hashtags":"[]",
        "tweets.user_mentions":"[]",
        "tweets.urls":"['http:\/\/newsok.com\/article\/5448723?utm_source=NewsOK.com&utm_medium=Social&utm_campaign=ShareBar-Twitter']",
        "tweets.user_name":"casteelpolitics",
        "tweets.followers_count":4603,
        "topics.title":"Senate Passes Bill To Increase Transparency In Gov't Deals"
    },
    {
        "topic":"1a0e4778-5711-48a0-879f-c5d0490c3918",
        "tweetID":647054740501712896,
        "relevancy":1,
        "tweets.created_at":"2015-09-24T14:27:26.000Z",
        "tweets.full_text":"Just a reminder that John Boehner didnt bring the Senate-passed bipartisan immigration bill to the floor last Congress..  ",
        "tweets.hashtags":"[]",
        "tweets.user_mentions":"[]",
        "tweets.urls":"[]",
        "tweets.user_name":"meredithshiner",
        "tweets.followers_count":16847,
        "topics.title":"Senate Passes Bill To Increase Transparency In Gov't Deals"
    },
    {
        "topic":"1a0e4778-5711-48a0-879f-c5d0490c3918",
        "tweetID":647094395095810048,
        "relevancy":1,
        "tweets.created_at":"2015-09-24T17:05:00.000Z",
        "tweets.full_text":"Tune into the U.S. Senate floor session here:   ",
        "tweets.hashtags":"[]",
        "tweets.user_mentions":"[]",
        "tweets.urls":"['http:\/\/floor.senate.gov\/MediaPlayer.php?view_id=2&event_id=526']",
        "tweets.user_name":"AlaskaDemocrats",
        "tweets.followers_count":5153,
        "topics.title":"Senate Passes Bill To Increase Transparency In Gov't Deals"
    },
    {
        "topic":"1a0e4778-5711-48a0-879f-c5d0490c3918",
        "tweetID":648462708636020736,
        "relevancy":1,
        "tweets.created_at":"2015-09-28T11:42:12.000Z",
        "tweets.full_text":"Senate committee passes NUMS bill     ",
        "tweets.hashtags":"[]",
        "tweets.user_mentions":"[]",
        "tweets.urls":"['http:\/\/www.dawn.com\/news\/1209514']",
        "tweets.user_name":"dawn_com",
        "tweets.followers_count":1085452,
        "topics.title":"Senate Passes Bill To Increase Transparency In Gov't Deals"
    },
    {
        "topic":"1a0e4778-5711-48a0-879f-c5d0490c3918",
        "tweetID":649195631777480704,
        "relevancy":2,
        "tweets.created_at":"2015-09-30T12:14:34.000Z",
        "tweets.full_text":"House, Senate to send Obama temporary spending bill: A temporary funding measure that would keep the government\u2026   ",
        "tweets.hashtags":"[]",
        "tweets.user_mentions":"[]",
        "tweets.urls":"['http:\/\/charlotte.cityandpress.com\/node\/10247406']",
        "tweets.user_name":"CharlotteCP",
        "tweets.followers_count":1891,
        "topics.title":"Senate Passes Bill To Increase Transparency In Gov't Deals"
    },
    {
        "topic":"1a0e4778-5711-48a0-879f-c5d0490c3918",
        "tweetID":649229756760760321,
        "relevancy":2,
        "tweets.created_at":"2015-09-30T14:30:10.000Z",
        "tweets.full_text":"78-20, Senate passes govt funding bill (with Planned Parenthood money intact)..  ",
        "tweets.hashtags":"[]",
        "tweets.user_mentions":"[]",
        "tweets.urls":"[]",
        "tweets.user_name":"sahilkapur",
        "tweets.followers_count":177341,
        "topics.title":"Senate Passes Bill To Increase Transparency In Gov't Deals"
    },
    {
        "topic":"1a0e4778-5711-48a0-879f-c5d0490c3918",
        "tweetID":649229850037891073,
        "relevancy":2,
        "tweets.created_at":"2015-09-30T14:30:33.000Z",
        "tweets.full_text":"*SENATE PASSES SPENDING BILL TO AVOID U.S. GOVERNMENT SHUTDOWN.  ",
        "tweets.hashtags":"[]",
        "tweets.user_mentions":"[]",
        "tweets.urls":"[]",
        "tweets.user_name":"Phil_Mattingly",
        "tweets.followers_count":141087,
        "topics.title":"Senate Passes Bill To Increase Transparency In Gov't Deals"
    },
    {
        "topic":"1a0e4778-5711-48a0-879f-c5d0490c3918",
        "tweetID":649230611895480320,
        "relevancy":2,
        "tweets.created_at":"2015-09-30T14:33:34.000Z",
        "tweets.full_text":"Senate passes bill to avert government shutdown, sends to House   ",
        "tweets.hashtags":"[]",
        "tweets.user_mentions":"[]",
        "tweets.urls":"['http:\/\/reut.rs\/1YOAeNI']",
        "tweets.user_name":"ReutersPolitics",
        "tweets.followers_count":283053,
        "topics.title":"Senate Passes Bill To Increase Transparency In Gov't Deals"
    },
    {
        "topic":"1a0e4778-5711-48a0-879f-c5d0490c3918",
        "tweetID":649230763980943360,
        "relevancy":2,
        "tweets.created_at":"2015-09-30T14:34:10.000Z",
        "tweets.full_text":"Senate passes bill to avert government shutdown, sends to House   ",
        "tweets.hashtags":"[]",
        "tweets.user_mentions":"[]",
        "tweets.urls":"['http:\/\/reut.rs\/1JCvWxr']",
        "tweets.user_name":"Reuters",
        "tweets.followers_count":23027536,
        "topics.title":"Senate Passes Bill To Increase Transparency In Gov't Deals"
    },
    {
        "topic":"1a0e4778-5711-48a0-879f-c5d0490c3918",
        "tweetID":649231971478990848,
        "relevancy":1,
        "tweets.created_at":"2015-09-30T14:38:58.000Z",
        "tweets.full_text":"BREAKING: Senate passes spending bill to avoid govt shutdown, 78-20.-#AMR Staff.  ",
        "tweets.hashtags":"['AMR']",
        "tweets.user_mentions":"[]",
        "tweets.urls":"[]",
        "tweets.user_name":"mitchellreports",
        "tweets.followers_count":1955012,
        "topics.title":"Senate Passes Bill To Increase Transparency In Gov't Deals"
    },
    {
        "topic":"1a0e4778-5711-48a0-879f-c5d0490c3918",
        "tweetID":649232073530675200,
        "relevancy":2,
        "tweets.created_at":"2015-09-30T14:39:23.000Z",
        "tweets.full_text":"Senate passes spending bill to avoid govt shutdown, 78-20.-#AMR Staff.  ",
        "tweets.hashtags":"['AMR']",
        "tweets.user_mentions":"['mitchellreports']",
        "tweets.urls":"[]",
        "tweets.user_name":"_Amanda_Jarrett",
        "tweets.followers_count":3288,
        "topics.title":"Senate Passes Bill To Increase Transparency In Gov't Deals"
    },
    {
        "topic":"1a0e4778-5711-48a0-879f-c5d0490c3918",
        "tweetID":649317808631848960,
        "relevancy":2,
        "tweets.created_at":"2015-09-30T20:20:03.000Z",
        "tweets.full_text":"U.S. Senate approves temporary spending bill; House to follow   ",
        "tweets.hashtags":"[]",
        "tweets.user_mentions":"[]",
        "tweets.urls":"['http:\/\/bit.ly\/1Rg5dNr']",
        "tweets.user_name":"sunjournal",
        "tweets.followers_count":36796,
        "topics.title":"Senate Passes Bill To Increase Transparency In Gov't Deals"
    },
    {
        "topic":"1a0e4778-5711-48a0-879f-c5d0490c3918",
        "tweetID":649317831415332864,
        "relevancy":1,
        "tweets.created_at":"2015-09-30T20:20:09.000Z",
        "tweets.full_text":"Senate has passed a bill that funds the govt through Dec., without defunding planned parenthood:   ",
        "tweets.hashtags":"[]",
        "tweets.user_mentions":"[]",
        "tweets.urls":"['http:\/\/ow.ly\/SRmrw']",
        "tweets.user_name":"CPRNews",
        "tweets.followers_count":27092,
        "topics.title":"Senate Passes Bill To Increase Transparency In Gov't Deals"
    }
]