[
    {
        "topic":"58bba8c3-41c6-43cb-953c-40ff68b343fc",
        "tweetID":639043503700508672,
        "relevancy":2,
        "tweets.created_at":"2015-02-09T11:53:38.000Z",
        "tweets.full_text":"Food blogger  takes a look at delis in the #WestMidlands  Have you been to these     ",
        "tweets.hashtags":"['WestMidlands']",
        "tweets.user_mentions":"['WordInVegWays']",
        "tweets.urls":"['http:\/\/www.expressandstar.com\/opinion\/trusted-voices\/anna-rose\/2015\/09\/02\/shopping-at-delicatessens-in-the-west-midlands\/']",
        "tweets.user_name":"ExpressandStar",
        "tweets.followers_count":151540,
        "topics.title":"Must do Brisbane: Best continental delis"
    },
    {
        "topic":"58bba8c3-41c6-43cb-953c-40ff68b343fc",
        "tweetID":640333626874331137,
        "relevancy":2,
        "tweets.created_at":"2015-06-09T01:20:08.000Z",
        "tweets.full_text":"Bryce L.s Review of South Coast Deli - Santa Barbara (5\/5) on Yelp: Wish we had a deli like this where I live.\u2026   ",
        "tweets.hashtags":"[]",
        "tweets.user_mentions":"[]",
        "tweets.urls":"['http:\/\/dlvr.it\/C4Cn9Z']",
        "tweets.user_name":"_Santa_Barbara",
        "tweets.followers_count":14791,
        "topics.title":"Must do Brisbane: Best continental delis"
    },
    {
        "topic":"58bba8c3-41c6-43cb-953c-40ff68b343fc",
        "tweetID":640842901291855872,
        "relevancy":1,
        "tweets.created_at":"2015-07-09T11:03:48.000Z",
        "tweets.full_text":"Which is the best Italian food restaurant in Lahore Also continental food. Thanks in advance.  ",
        "tweets.hashtags":"[]",
        "tweets.user_mentions":"[]",
        "tweets.urls":"[]",
        "tweets.user_name":"MehrTarar",
        "tweets.followers_count":219009,
        "topics.title":"Must do Brisbane: Best continental delis"
    },
    {
        "topic":"58bba8c3-41c6-43cb-953c-40ff68b343fc",
        "tweetID":641285484816109568,
        "relevancy":1,
        "tweets.created_at":"2015-08-09T16:22:28.000Z",
        "tweets.full_text":" I\u2019ve never had the wild boar salami. I\u2019ll have to look for it at local delis. Hard to find in general though..  ",
        "tweets.hashtags":"[]",
        "tweets.user_mentions":"['negrino']",
        "tweets.urls":"[]",
        "tweets.user_name":"ShawnKing",
        "tweets.followers_count":4426,
        "topics.title":"Must do Brisbane: Best continental delis"
    },
    {
        "topic":"58bba8c3-41c6-43cb-953c-40ff68b343fc",
        "tweetID":641600970435219457,
        "relevancy":2,
        "tweets.created_at":"2015-09-09T13:16:06.000Z",
        "tweets.full_text":"Just at the deli. Deli guy said whatll you have I said  A bacon and egg on a bagel with a side of smile. He laughed and served it up..  ",
        "tweets.hashtags":"[]",
        "tweets.user_mentions":"[]",
        "tweets.urls":"[]",
        "tweets.user_name":"iamcolinquinn",
        "tweets.followers_count":533990,
        "topics.title":"Must do Brisbane: Best continental delis"
    },
    {
        "topic":"58bba8c3-41c6-43cb-953c-40ff68b343fc",
        "tweetID":642735771246559232,
        "relevancy":2,
        "tweets.created_at":"2015-12-09T16:25:23.000Z",
        "tweets.full_text":" Its continental deli in NeasdenShoppingCentre.Amazing choice of cold cuts,cooked dinners,bread &amp;drinks   ",
        "tweets.hashtags":"[]",
        "tweets.user_mentions":"['WHampstead']",
        "tweets.urls":"[]",
        "tweets.user_name":"KilburnHerald",
        "tweets.followers_count":8102,
        "topics.title":"Must do Brisbane: Best continental delis"
    },
    {
        "topic":"58bba8c3-41c6-43cb-953c-40ff68b343fc",
        "tweetID":643094867577556992,
        "relevancy":1,
        "tweets.created_at":"2015-09-13T16:12:19.000Z",
        "tweets.full_text":" You got Snowdon Deli at YYZ!.  ",
        "tweets.hashtags":"[]",
        "tweets.user_mentions":"['heathr']",
        "tweets.urls":"[]",
        "tweets.user_name":"arjunbasu",
        "tweets.followers_count":149795,
        "topics.title":"Must do Brisbane: Best continental delis"
    },
    {
        "topic":"58bba8c3-41c6-43cb-953c-40ff68b343fc",
        "tweetID":643746266791419904,
        "relevancy":2,
        "tweets.created_at":"2015-09-15T11:20:44.000Z",
        "tweets.full_text":"Coffee with a Cop this morning in Montgomery at Chappys Deli on Perry Hill Rd. from 8-9 am. A chance to ask questions and voic\u2026.  ",
        "tweets.hashtags":"[]",
        "tweets.user_mentions":"['BamaJD']",
        "tweets.urls":"[]",
        "tweets.user_name":"wsfa12news",
        "tweets.followers_count":115472,
        "topics.title":"Must do Brisbane: Best continental delis"
    },
    {
        "topic":"58bba8c3-41c6-43cb-953c-40ff68b343fc",
        "tweetID":646034875800231936,
        "relevancy":1,
        "tweets.created_at":"2015-09-21T18:54:51.000Z",
        "tweets.full_text":"The 8 Best Jewish Delis In NYC    ",
        "tweets.hashtags":"[]",
        "tweets.user_mentions":"[]",
        "tweets.urls":"['http:\/\/gothamist.com\/2015\/09\/21\/best_jewish_delis_nyc.php']",
        "tweets.user_name":"Gothamist",
        "tweets.followers_count":955020,
        "topics.title":"Must do Brisbane: Best continental delis"
    },
    {
        "topic":"58bba8c3-41c6-43cb-953c-40ff68b343fc",
        "tweetID":646495101024206849,
        "relevancy":2,
        "tweets.created_at":"2015-09-23T01:23:38.000Z",
        "tweets.full_text":"Sausage and Meatballs  #italianfood #italiandeli #mydayinla #dtla @ Eastside Italian Deli   ",
        "tweets.hashtags":"['italianfood', 'italiandeli', 'mydayinla', 'dtla']",
        "tweets.user_mentions":"['LIMER35']",
        "tweets.urls":"['https:\/\/instagram.com\/p\/79CZ3hiLdg\/']",
        "tweets.user_name":"LATimescitybeat",
        "tweets.followers_count":49620,
        "topics.title":"Must do Brisbane: Best continental delis"
    },
    {
        "topic":"58bba8c3-41c6-43cb-953c-40ff68b343fc",
        "tweetID":646668446516793344,
        "relevancy":2,
        "tweets.created_at":"2015-09-23T12:52:26.000Z",
        "tweets.full_text":"  Byron is right about the Greek Deli.  ",
        "tweets.hashtags":"[]",
        "tweets.user_mentions":"['blakehounshell', 'ByronTau']",
        "tweets.urls":"[]",
        "tweets.user_name":"reidepstein",
        "tweets.followers_count":39306,
        "topics.title":"Must do Brisbane: Best continental delis"
    },
    {
        "topic":"58bba8c3-41c6-43cb-953c-40ff68b343fc",
        "tweetID":648147014622932992,
        "relevancy":2,
        "tweets.created_at":"2015-09-27T14:47:44.000Z",
        "tweets.full_text":"Theres a Smoke House Deli in Dahisar    ",
        "tweets.hashtags":"[]",
        "tweets.user_mentions":"[]",
        "tweets.urls":"[]",
        "tweets.user_name":"Cest_La_Vee_",
        "tweets.followers_count":1503,
        "topics.title":"Must do Brisbane: Best continental delis"
    },
    {
        "topic":"58bba8c3-41c6-43cb-953c-40ff68b343fc",
        "tweetID":648381263934427136,
        "relevancy":1,
        "tweets.created_at":"2015-09-28T06:18:34.000Z",
        "tweets.full_text":"Deli owners share Polish heritage in Adams   ",
        "tweets.hashtags":"[]",
        "tweets.user_mentions":"[]",
        "tweets.urls":"['http:\/\/host.madison.com\/news\/state-and-regional\/deli-owners-share-polish-heritage-in-adams\/article_77193de3-2d71-52e9-a38b-5691e743b174.html']",
        "tweets.user_name":"WiStateJournal",
        "tweets.followers_count":79706,
        "topics.title":"Must do Brisbane: Best continental delis"
    },
    {
        "topic":"58bba8c3-41c6-43cb-953c-40ff68b343fc",
        "tweetID":649246087757361152,
        "relevancy":2,
        "tweets.created_at":"2015-09-30T15:35:04.000Z",
        "tweets.full_text":"Domand Deli \u2014 one of the last of the Bronx Italian delis, still piling the pastrami high.    ",
        "tweets.hashtags":"[]",
        "tweets.user_mentions":"[]",
        "tweets.urls":"['http:\/\/nyti.ms\/1FE8Trk']",
        "tweets.user_name":"NYTMetro",
        "tweets.followers_count":146852,
        "topics.title":"Must do Brisbane: Best continental delis"
    }
]