[
    {
        "topic":"b5a30ea8-644f-4822-a1f9-8bad37e881b0",
        "tweetID":648246843491680256,
        "relevancy":1,
        "tweets.created_at":"2015-09-27T21:24:25.000Z",
        "tweets.full_text":"PM: This investment is helping the world\u2019s poorest and most vulnerable people to build a better life. #UNGA.  ",
        "tweets.hashtags":"['UNGA']",
        "tweets.user_mentions":"[]",
        "tweets.urls":"[]",
        "tweets.user_name":"10DowningStreet",
        "tweets.followers_count":5867369,
        "topics.title":"Students of relocated communities receive gifts of hope"
    },
    {
        "topic":"b5a30ea8-644f-4822-a1f9-8bad37e881b0",
        "tweetID":639521248083595264,
        "relevancy":1,
        "tweets.created_at":"2015-03-09T19:32:01.000Z",
        "tweets.full_text":"#job Director of Development, Gifts-In-Kind (Employment: Full time) - Project HOPE #Millwood #VA  #jobs.  ",
        "tweets.hashtags":"['job', 'Millwood', 'VA', 'jobs']",
        "tweets.user_mentions":"[]",
        "tweets.urls":"['http:\/\/dcjobs.com\/j\/14007810']",
        "tweets.user_name":"projecthopeorg",
        "tweets.followers_count":11624,
        "topics.title":"Students of relocated communities receive gifts of hope"
    },
    {
        "topic":"b5a30ea8-644f-4822-a1f9-8bad37e881b0",
        "tweetID":644328434160828416,
        "relevancy":1,
        "tweets.created_at":"2015-09-17T01:54:04.000Z",
        "tweets.full_text":"Every year, thousands of students receive scholarships from people they never knew.   ",
        "tweets.hashtags":"[]",
        "tweets.user_mentions":"[]",
        "tweets.urls":"['http:\/\/on.wsj.com\/1OwVDX2']",
        "tweets.user_name":"WSJ",
        "tweets.followers_count":18503579,
        "topics.title":"Students of relocated communities receive gifts of hope"
    },
    {
        "topic":"b5a30ea8-644f-4822-a1f9-8bad37e881b0",
        "tweetID":644541893020413952,
        "relevancy":1,
        "tweets.created_at":"2015-09-17T16:02:16.000Z",
        "tweets.full_text":"Watch here Kennedy Odede, the founder of Shining Hope for Communities   #SABCNEWS.  ",
        "tweets.hashtags":"['SABCNEWS']",
        "tweets.user_mentions":"[]",
        "tweets.urls":"['http:\/\/www.youtube.com\/watch?v=a3N7v_dJO0Q&sns=tw']",
        "tweets.user_name":"sarahkimani",
        "tweets.followers_count":62512,
        "topics.title":"Students of relocated communities receive gifts of hope"
    },
    {
        "topic":"b5a30ea8-644f-4822-a1f9-8bad37e881b0",
        "tweetID":645222851981611008,
        "relevancy":1,
        "tweets.created_at":"2015-09-19T13:08:10.000Z",
        "tweets.full_text":"I would like to congratulate the Foundation in meeting the education needs of deserving children through the Student Aid Programme..  ",
        "tweets.hashtags":"[]",
        "tweets.user_mentions":"[]",
        "tweets.urls":"[]",
        "tweets.user_name":"liowtionglai",
        "tweets.followers_count":100305,
        "topics.title":"Students of relocated communities receive gifts of hope"
    },
    {
        "topic":"b5a30ea8-644f-4822-a1f9-8bad37e881b0",
        "tweetID":649171959234867200,
        "relevancy":1,
        "tweets.created_at":"2015-09-30T10:40:30.000Z",
        "tweets.full_text":"To promote economic and social development and the advancement and empowerment of disadvantaged people and communities. #NDPvision2030.  ",
        "tweets.hashtags":"['NDPvision2030']",
        "tweets.user_mentions":"[]",
        "tweets.urls":"[]",
        "tweets.user_name":"GCISMedia",
        "tweets.followers_count":115795,
        "topics.title":"Students of relocated communities receive gifts of hope"
    }
]