[
    {
        "topic":"92ae56ba-2a40-46e7-8788-f5bf9a9dfb56",
        "tweetID":639224042357170176,
        "relevancy":2,
        "tweets.created_at":"2015-02-09T23:51:02.000Z",
        "tweets.full_text":"Scott Walker ties Obama attitude to police killings:    ",
        "tweets.hashtags":"[]",
        "tweets.user_mentions":"[]",
        "tweets.urls":"['http:\/\/hill.cm\/TzVBSUA']",
        "tweets.user_name":"thehill",
        "tweets.followers_count":4108995,
        "topics.title":"Attacks on officers raise question: Do police nationwide face new risks?"
    },
    {
        "topic":"92ae56ba-2a40-46e7-8788-f5bf9a9dfb56",
        "tweetID":639246956733308930,
        "relevancy":2,
        "tweets.created_at":"2015-03-09T01:22:05.000Z",
        "tweets.full_text":"Scott Walker ties Obama attitude to police killings:    ",
        "tweets.hashtags":"[]",
        "tweets.user_mentions":"[]",
        "tweets.urls":"['http:\/\/hill.cm\/noKRHg4']",
        "tweets.user_name":"thehill",
        "tweets.followers_count":4108995,
        "topics.title":"Attacks on officers raise question: Do police nationwide face new risks?"
    },
    {
        "topic":"92ae56ba-2a40-46e7-8788-f5bf9a9dfb56",
        "tweetID":639247950963568641,
        "relevancy":2,
        "tweets.created_at":"2015-03-09T01:26:02.000Z",
        "tweets.full_text":"   ",
        "tweets.hashtags":"[]",
        "tweets.user_mentions":"['thehill']",
        "tweets.urls":"['http:\/\/hill.cm\/noKRHg4']",
        "tweets.user_name":"MadPolitics",
        "tweets.followers_count":8946,
        "topics.title":"Attacks on officers raise question: Do police nationwide face new risks?"
    },
    {
        "topic":"92ae56ba-2a40-46e7-8788-f5bf9a9dfb56",
        "tweetID":639275888165543941,
        "relevancy":2,
        "tweets.created_at":"2015-03-09T03:17:03.000Z",
        "tweets.full_text":"   ",
        "tweets.hashtags":"[]",
        "tweets.user_mentions":"['thehill']",
        "tweets.urls":"['http:\/\/hill.cm\/nXg04u8']",
        "tweets.user_name":"MadPolitics",
        "tweets.followers_count":8946,
        "topics.title":"Attacks on officers raise question: Do police nationwide face new risks?"
    },
    {
        "topic":"92ae56ba-2a40-46e7-8788-f5bf9a9dfb56",
        "tweetID":643147405819543553,
        "relevancy":2,
        "tweets.created_at":"2015-09-13T19:41:05.000Z",
        "tweets.full_text":"Scott Walker blames Obama for attacks on police officers    ",
        "tweets.hashtags":"[]",
        "tweets.user_mentions":"[]",
        "tweets.urls":"['http:\/\/huff.to\/1QxZdzs']",
        "tweets.user_name":"HuffPostPol",
        "tweets.followers_count":1457097,
        "topics.title":"Attacks on officers raise question: Do police nationwide face new risks?"
    },
    {
        "topic":"92ae56ba-2a40-46e7-8788-f5bf9a9dfb56",
        "tweetID":638756466845962240,
        "relevancy":2,
        "tweets.created_at":"2015-01-09T16:53:03.000Z",
        "tweets.full_text":"3 suspects being sought following shooting of Police Officer about 8:30 AM in Fox Lake, Ill. NO comment on the condition of the officer..  ",
        "tweets.hashtags":"[]",
        "tweets.user_mentions":"[]",
        "tweets.urls":"[]",
        "tweets.user_name":"IONTB",
        "tweets.followers_count":5976,
        "topics.title":"Attacks on officers raise question: Do police nationwide face new risks?"
    },
    {
        "topic":"92ae56ba-2a40-46e7-8788-f5bf9a9dfb56",
        "tweetID":638759153171759105,
        "relevancy":2,
        "tweets.created_at":"2015-01-09T17:03:44.000Z",
        "tweets.full_text":"A manhunt is underway outside for two, possibly three suspects wanted in the shooting death this morning of a Fox Lake, Ill. police officer..  ",
        "tweets.hashtags":"[]",
        "tweets.user_mentions":"[]",
        "tweets.urls":"[]",
        "tweets.user_name":"PatrickDManning",
        "tweets.followers_count":2063,
        "topics.title":"Attacks on officers raise question: Do police nationwide face new risks?"
    },
    {
        "topic":"92ae56ba-2a40-46e7-8788-f5bf9a9dfb56",
        "tweetID":638760961810153472,
        "relevancy":2,
        "tweets.created_at":"2015-01-09T17:10:55.000Z",
        "tweets.full_text":"Many road closures in the Fox Lake area as manhunt continues. 3 police helicopters now on scene..   ",
        "tweets.hashtags":"[]",
        "tweets.user_mentions":"[]",
        "tweets.urls":"[]",
        "tweets.user_name":"SarahJindra",
        "tweets.followers_count":16439,
        "topics.title":"Attacks on officers raise question: Do police nationwide face new risks?"
    },
    {
        "topic":"92ae56ba-2a40-46e7-8788-f5bf9a9dfb56",
        "tweetID":638768834246279168,
        "relevancy":2,
        "tweets.created_at":"2015-01-09T17:42:12.000Z",
        "tweets.full_text":"Police officer killed in Fox Lake, Ill., manhunt underway:    ",
        "tweets.hashtags":"[]",
        "tweets.user_mentions":"[]",
        "tweets.urls":"['http:\/\/on.tmj4.com\/1JKpswM']",
        "tweets.user_name":"tmj4",
        "tweets.followers_count":71970,
        "topics.title":"Attacks on officers raise question: Do police nationwide face new risks?"
    },
    {
        "topic":"92ae56ba-2a40-46e7-8788-f5bf9a9dfb56",
        "tweetID":638769083735904256,
        "relevancy":2,
        "tweets.created_at":"2015-01-09T17:43:11.000Z",
        "tweets.full_text":"Our thoughts are with our colleagues at the Fox Lake (IL) Police Department after the murder of one of their police officers this morning..  ",
        "tweets.hashtags":"[]",
        "tweets.user_mentions":"[]",
        "tweets.urls":"[]",
        "tweets.user_name":"PortlandPolice",
        "tweets.followers_count":238314,
        "topics.title":"Attacks on officers raise question: Do police nationwide face new risks?"
    },
    {
        "topic":"92ae56ba-2a40-46e7-8788-f5bf9a9dfb56",
        "tweetID":638769093097717762,
        "relevancy":2,
        "tweets.created_at":"2015-01-09T17:43:14.000Z",
        "tweets.full_text":"In fox lake ill. Officer shot and killed. Three suspects at large   ",
        "tweets.hashtags":"[]",
        "tweets.user_mentions":"['myrasanchick']",
        "tweets.urls":"[]",
        "tweets.user_name":"fox6now",
        "tweets.followers_count":86707,
        "topics.title":"Attacks on officers raise question: Do police nationwide face new risks?"
    },
    {
        "topic":"92ae56ba-2a40-46e7-8788-f5bf9a9dfb56",
        "tweetID":638814467451691009,
        "relevancy":2,
        "tweets.created_at":"2015-01-09T20:43:32.000Z",
        "tweets.full_text":"There will be a news conference shortly from Fox Lake, Ill., about the officer shot &amp; killed: Watch it live:   ",
        "tweets.hashtags":"[]",
        "tweets.user_mentions":"[]",
        "tweets.urls":"['http:\/\/wisn.tv\/6017ByzQz']",
        "tweets.user_name":"WISN12News",
        "tweets.followers_count":97905,
        "topics.title":"Attacks on officers raise question: Do police nationwide face new risks?"
    },
    {
        "topic":"92ae56ba-2a40-46e7-8788-f5bf9a9dfb56",
        "tweetID":638824370383642624,
        "relevancy":2,
        "tweets.created_at":"2015-01-09T21:22:53.000Z",
        "tweets.full_text":"Our  is live on the scene of a fatal police officer shooting just south of the border in Fox Lake, IL. Live report at 4:30..  ",
        "tweets.hashtags":"[]",
        "tweets.user_mentions":"[]",
        "tweets.urls":"[]",
        "tweets.user_name":"CBS58",
        "tweets.followers_count":28508,
        "topics.title":"Attacks on officers raise question: Do police nationwide face new risks?"
    },
    {
        "topic":"92ae56ba-2a40-46e7-8788-f5bf9a9dfb56",
        "tweetID":638835245798703105,
        "relevancy":2,
        "tweets.created_at":"2015-01-09T22:06:06.000Z",
        "tweets.full_text":"Video:  Officer shot, killed in Fox Lake, Ill., identified   ",
        "tweets.hashtags":"[]",
        "tweets.user_mentions":"[]",
        "tweets.urls":"['http:\/\/on.wisn.com\/1hwbjwD']",
        "tweets.user_name":"WISN12News",
        "tweets.followers_count":97905,
        "topics.title":"Attacks on officers raise question: Do police nationwide face new risks?"
    },
    {
        "topic":"92ae56ba-2a40-46e7-8788-f5bf9a9dfb56",
        "tweetID":639034030881542144,
        "relevancy":2,
        "tweets.created_at":"2015-02-09T11:16:00.000Z",
        "tweets.full_text":"Law enforcement across northern IL are searching for 3 men suspected of gunning down a veteran police lieutenant   ",
        "tweets.hashtags":"[]",
        "tweets.user_mentions":"['CBSThisMorning']",
        "tweets.urls":"[]",
        "tweets.user_name":"BrittanyNoble_",
        "tweets.followers_count":10700,
        "topics.title":"Attacks on officers raise question: Do police nationwide face new risks?"
    },
    {
        "topic":"92ae56ba-2a40-46e7-8788-f5bf9a9dfb56",
        "tweetID":639115767993233408,
        "relevancy":2,
        "tweets.created_at":"2015-02-09T16:40:47.000Z",
        "tweets.full_text":"Fox Lake, Ill. officials to provide update on fatal officer shooting, manhunt:   ",
        "tweets.hashtags":"[]",
        "tweets.user_mentions":"[]",
        "tweets.urls":"['http:\/\/on.tmj4.com\/1Flledh']",
        "tweets.user_name":"tmj4",
        "tweets.followers_count":71970,
        "topics.title":"Attacks on officers raise question: Do police nationwide face new risks?"
    },
    {
        "topic":"92ae56ba-2a40-46e7-8788-f5bf9a9dfb56",
        "tweetID":639118735857610752,
        "relevancy":2,
        "tweets.created_at":"2015-02-09T16:52:35.000Z",
        "tweets.full_text":"Update on manhunt in Fox Lake, Ill.:   ",
        "tweets.hashtags":"[]",
        "tweets.user_mentions":"[]",
        "tweets.urls":"['http:\/\/www.scrippsmedia.com\/tmj4\/live-stream']",
        "tweets.user_name":"tmj4",
        "tweets.followers_count":71970,
        "topics.title":"Attacks on officers raise question: Do police nationwide face new risks?"
    },
    {
        "topic":"92ae56ba-2a40-46e7-8788-f5bf9a9dfb56",
        "tweetID":639167673688039425,
        "relevancy":1,
        "tweets.created_at":"2015-02-09T20:07:03.000Z",
        "tweets.full_text":"That means only 26 police officers have been shot and killed in the line of duty this year. 47 officers were shot and kil\u2026.  ",
        "tweets.hashtags":"[]",
        "tweets.user_mentions":"[]",
        "tweets.urls":"[]",
        "tweets.user_name":"BmoreBloc",
        "tweets.followers_count":19645,
        "topics.title":"Attacks on officers raise question: Do police nationwide face new risks?"
    },
    {
        "topic":"92ae56ba-2a40-46e7-8788-f5bf9a9dfb56",
        "tweetID":639267961346232320,
        "relevancy":2,
        "tweets.created_at":"2015-03-09T02:45:33.000Z",
        "tweets.full_text":"Search for officer\u2019s killers leaves community in mourning, on edge: FOX LAKE, Ill. \u2013 Tuesday\u2019s fatal shooting of a\u2026   ",
        "tweets.hashtags":"[]",
        "tweets.user_mentions":"[]",
        "tweets.urls":"['http:\/\/chicago.cityandpress.com\/node\/10120718']",
        "tweets.user_name":"Chicago_CP",
        "tweets.followers_count":4796,
        "topics.title":"Attacks on officers raise question: Do police nationwide face new risks?"
    },
    {
        "topic":"92ae56ba-2a40-46e7-8788-f5bf9a9dfb56",
        "tweetID":639294435038232576,
        "relevancy":2,
        "tweets.created_at":"2015-03-09T04:30:45.000Z",
        "tweets.full_text":"Police have intensified their search for the suspects in the murder of a Fox Lake police officer.   ",
        "tweets.hashtags":"[]",
        "tweets.user_mentions":"[]",
        "tweets.urls":"['http:\/\/cbsloc.al\/1NZlMxm']",
        "tweets.user_name":"cbschicago",
        "tweets.followers_count":176080,
        "topics.title":"Attacks on officers raise question: Do police nationwide face new risks?"
    },
    {
        "topic":"92ae56ba-2a40-46e7-8788-f5bf9a9dfb56",
        "tweetID":639514340274536448,
        "relevancy":2,
        "tweets.created_at":"2015-03-09T19:04:34.000Z",
        "tweets.full_text":"Police: Home video may show 3 suspects in Fox Lake cop killing: As the manhunt for three men suspected of killing\u2026   ",
        "tweets.hashtags":"[]",
        "tweets.user_mentions":"[]",
        "tweets.urls":"['http:\/\/chicago.cityandpress.com\/node\/10123867']",
        "tweets.user_name":"Chicago_CP",
        "tweets.followers_count":4796,
        "topics.title":"Attacks on officers raise question: Do police nationwide face new risks?"
    },
    {
        "topic":"92ae56ba-2a40-46e7-8788-f5bf9a9dfb56",
        "tweetID":639795100726329345,
        "relevancy":2,
        "tweets.created_at":"2015-04-09T13:40:13.000Z",
        "tweets.full_text":"Attacks on officers spark fear in police spouses  via   ",
        "tweets.hashtags":"[]",
        "tweets.user_mentions":"['tanyaeiserer', 'wfaachannel8']",
        "tweets.urls":"['http:\/\/on.wfaa.com\/1EDWqTL']",
        "tweets.user_name":"ToddNEWS",
        "tweets.followers_count":6198,
        "topics.title":"Attacks on officers raise question: Do police nationwide face new risks?"
    },
    {
        "topic":"92ae56ba-2a40-46e7-8788-f5bf9a9dfb56",
        "tweetID":639815441943265280,
        "relevancy":2,
        "tweets.created_at":"2015-04-09T15:01:03.000Z",
        "tweets.full_text":"Attacks on officers spark fear in police spouses:    ",
        "tweets.hashtags":"[]",
        "tweets.user_mentions":"[]",
        "tweets.urls":"['http:\/\/kvue.tv\/1LZISVi']",
        "tweets.user_name":"KVUE",
        "tweets.followers_count":219635,
        "topics.title":"Attacks on officers raise question: Do police nationwide face new risks?"
    },
    {
        "topic":"92ae56ba-2a40-46e7-8788-f5bf9a9dfb56",
        "tweetID":639969492366331904,
        "relevancy":2,
        "tweets.created_at":"2015-05-09T01:13:11.000Z",
        "tweets.full_text":"Officials say \u2018significant evidence\u2019 found in Fox Lake investigation: FOX LAKE, Ill. \u2014 Officials in the Fox Lake\u2026   ",
        "tweets.hashtags":"[]",
        "tweets.user_mentions":"[]",
        "tweets.urls":"['http:\/\/chicago.cityandpress.com\/node\/10131285']",
        "tweets.user_name":"Chicago_CP",
        "tweets.followers_count":4796,
        "topics.title":"Attacks on officers raise question: Do police nationwide face new risks?"
    },
    {
        "topic":"92ae56ba-2a40-46e7-8788-f5bf9a9dfb56",
        "tweetID":640459426143539200,
        "relevancy":1,
        "tweets.created_at":"2015-06-09T09:40:01.000Z",
        "tweets.full_text":"#SAPSCOMMEMORATION Police Minister Nkosinathi Nhleko: Police killings are escalating #sabcnews.  ",
        "tweets.hashtags":"['SAPSCOMMEMORATION', 'sabcnews']",
        "tweets.user_mentions":"[]",
        "tweets.urls":"[]",
        "tweets.user_name":"Chriseldalewis",
        "tweets.followers_count":136265,
        "topics.title":"Attacks on officers raise question: Do police nationwide face new risks?"
    },
    {
        "topic":"92ae56ba-2a40-46e7-8788-f5bf9a9dfb56",
        "tweetID":640477091570548736,
        "relevancy":1,
        "tweets.created_at":"2015-06-09T10:50:12.000Z",
        "tweets.full_text":"To all the police officers who died in the line of duty...#FinalSalute    ",
        "tweets.hashtags":"['FinalSalute']",
        "tweets.user_mentions":"[]",
        "tweets.urls":"['https:\/\/twitter.com\/SAPoliceService\/status\/640473248820559872']",
        "tweets.user_name":"ProudlySA",
        "tweets.followers_count":176608,
        "topics.title":"Attacks on officers raise question: Do police nationwide face new risks?"
    },
    {
        "topic":"92ae56ba-2a40-46e7-8788-f5bf9a9dfb56",
        "tweetID":640477223133298688,
        "relevancy":1,
        "tweets.created_at":"2015-06-09T10:50:44.000Z",
        "tweets.full_text":"#SAPSCOMMEMORATION Zuma: We want to use September to highlight attacks against police nationwide #sabcnews.  ",
        "tweets.hashtags":"['SAPSCOMMEMORATION', 'sabcnews']",
        "tweets.user_mentions":"[]",
        "tweets.urls":"[]",
        "tweets.user_name":"Chriseldalewis",
        "tweets.followers_count":136265,
        "topics.title":"Attacks on officers raise question: Do police nationwide face new risks?"
    },
    {
        "topic":"92ae56ba-2a40-46e7-8788-f5bf9a9dfb56",
        "tweetID":640481390165889024,
        "relevancy":1,
        "tweets.created_at":"2015-06-09T11:07:17.000Z",
        "tweets.full_text":"We want to use September to highlight attacks against police nationwide #sabcnews.  ",
        "tweets.hashtags":"['SAPSCOMMEMORATION', 'sabcnews']",
        "tweets.user_mentions":"['Chriseldalewis']",
        "tweets.urls":"[]",
        "tweets.user_name":"SABCNews",
        "tweets.followers_count":1824283,
        "topics.title":"Attacks on officers raise question: Do police nationwide face new risks?"
    },
    {
        "topic":"92ae56ba-2a40-46e7-8788-f5bf9a9dfb56",
        "tweetID":641000663497969664,
        "relevancy":1,
        "tweets.created_at":"2015-07-09T21:30:42.000Z",
        "tweets.full_text":"6p    -  reports on nationwide attacks on police and where we go from here - hope youll join us.  ",
        "tweets.hashtags":"[]",
        "tweets.user_mentions":"['FoxNews', 'SpecialReport']",
        "tweets.urls":"[]",
        "tweets.user_name":"ShannonBream",
        "tweets.followers_count":485903,
        "topics.title":"Attacks on officers raise question: Do police nationwide face new risks?"
    },
    {
        "topic":"92ae56ba-2a40-46e7-8788-f5bf9a9dfb56",
        "tweetID":642185884553609216,
        "relevancy":2,
        "tweets.created_at":"2015-11-09T04:00:20.000Z",
        "tweets.full_text":"HEADLINES: Police are still searching for the remaining members of a gang involved in the shooting of two officers..  ",
        "tweets.hashtags":"[]",
        "tweets.user_mentions":"[]",
        "tweets.urls":"[]",
        "tweets.user_name":"eNCA",
        "tweets.followers_count":2621788,
        "topics.title":"Attacks on officers raise question: Do police nationwide face new risks?"
    },
    {
        "topic":"92ae56ba-2a40-46e7-8788-f5bf9a9dfb56",
        "tweetID":643031423469772800,
        "relevancy":2,
        "tweets.created_at":"2015-09-13T12:00:12.000Z",
        "tweets.full_text":"Motorcyclists conduct a rose ride for fallen Fox Lake, Ill., police officer:    ",
        "tweets.hashtags":"[]",
        "tweets.user_mentions":"[]",
        "tweets.urls":"['http:\/\/www.nwitimes.com\/news\/local\/illinois\/motorcyclists-conduct-a-rose-ride-for-fallen-fox-lake-ill\/article_d111dbc7-d3ba-5bc8-9e4a-8b67bb075a42.html']",
        "tweets.user_name":"nwi",
        "tweets.followers_count":62199,
        "topics.title":"Attacks on officers raise question: Do police nationwide face new risks?"
    },
    {
        "topic":"92ae56ba-2a40-46e7-8788-f5bf9a9dfb56",
        "tweetID":643248834412421120,
        "relevancy":2,
        "tweets.created_at":"2015-09-14T02:24:07.000Z",
        "tweets.full_text":"Scott Walker blames Obama for attacks on police officers  via   ",
        "tweets.hashtags":"[]",
        "tweets.user_mentions":"['HuffPostPol']",
        "tweets.urls":"['http:\/\/m.huffpost.com\/us\/entry\/55f59b01e4b042295e369ee9']",
        "tweets.user_name":"MzzzMariah",
        "tweets.followers_count":3504,
        "topics.title":"Attacks on officers raise question: Do police nationwide face new risks?"
    },
    {
        "topic":"92ae56ba-2a40-46e7-8788-f5bf9a9dfb56",
        "tweetID":643275761105956864,
        "relevancy":2,
        "tweets.created_at":"2015-09-14T04:11:07.000Z",
        "tweets.full_text":"Scott Walker blames Obama for attacks on police officers    ",
        "tweets.hashtags":"[]",
        "tweets.user_mentions":"[]",
        "tweets.urls":"['http:\/\/huff.to\/1QyNqkg']",
        "tweets.user_name":"HuffPostPol",
        "tweets.followers_count":1457097,
        "topics.title":"Attacks on officers raise question: Do police nationwide face new risks?"
    },
    {
        "topic":"92ae56ba-2a40-46e7-8788-f5bf9a9dfb56",
        "tweetID":647720589281599488,
        "relevancy":1,
        "tweets.created_at":"2015-09-26T10:33:17.000Z",
        "tweets.full_text":"#Cop_Killing Police are investigating the murder of a police officer who was shot and killed near Mitchells Plain. MM.  ",
        "tweets.hashtags":"['Cop_Killing']",
        "tweets.user_mentions":"[]",
        "tweets.urls":"[]",
        "tweets.user_name":"ewnreporter",
        "tweets.followers_count":707309,
        "topics.title":"Attacks on officers raise question: Do police nationwide face new risks?"
    }
]