[
    {
        "topic":"e7fc9f97-0952-4481-951b-583a3f17893e",
        "tweetID":638639426185236480,
        "relevancy":1,
        "tweets.created_at":"2015-01-09T09:07:59.000Z",
        "tweets.full_text":"Nine of 10 world heritage sites in Iraq and Syria are in danger.   ",
        "tweets.hashtags":"[]",
        "tweets.user_mentions":"['washingtonpost']",
        "tweets.urls":"['http:\/\/wapo.st\/1LHdjMR']",
        "tweets.user_name":"fryan",
        "tweets.followers_count":13205,
        "topics.title":"Amerlux, along with SLL and CIBSE, to Celebrate \"Night of Heritage Light\" throughout UK on October 1st"
    },
    {
        "topic":"e7fc9f97-0952-4481-951b-583a3f17893e",
        "tweetID":638660310430273536,
        "relevancy":1,
        "tweets.created_at":"2015-01-09T10:30:58.000Z",
        "tweets.full_text":"With 19 UNESCO World Heritage-listed Sites, Australia is a must-visit! Book now:\u00a0   ",
        "tweets.hashtags":"[]",
        "tweets.user_mentions":"[]",
        "tweets.urls":"['http:\/\/goo.gl\/N5prsU']",
        "tweets.user_name":"SingaporeAir",
        "tweets.followers_count":743145,
        "topics.title":"Amerlux, along with SLL and CIBSE, to Celebrate \"Night of Heritage Light\" throughout UK on October 1st"
    },
    {
        "topic":"e7fc9f97-0952-4481-951b-583a3f17893e",
        "tweetID":638938006586552324,
        "relevancy":1,
        "tweets.created_at":"2015-02-09T04:54:26.000Z",
        "tweets.full_text":"Map: There are 10 world heritage sites in Iraq and Syria. Nine are in danger.   ",
        "tweets.hashtags":"[]",
        "tweets.user_mentions":"[]",
        "tweets.urls":"['http:\/\/wapo.st\/1JLUDI2']",
        "tweets.user_name":"washingtonpost",
        "tweets.followers_count":17443248,
        "topics.title":"Amerlux, along with SLL and CIBSE, to Celebrate \"Night of Heritage Light\" throughout UK on October 1st"
    },
    {
        "topic":"e7fc9f97-0952-4481-951b-583a3f17893e",
        "tweetID":639377950459207680,
        "relevancy":1,
        "tweets.created_at":"2015-03-09T10:02:37.000Z",
        "tweets.full_text":"Global support grows for preservation of world heritage sites under #Daesh control.      ",
        "tweets.hashtags":"['Daesh']",
        "tweets.user_mentions":"['sawabcenter']",
        "tweets.urls":"['http:\/\/ow.ly\/RGhWV']",
        "tweets.user_name":"USEmbassyFrance",
        "tweets.followers_count":37704,
        "topics.title":"Amerlux, along with SLL and CIBSE, to Celebrate \"Night of Heritage Light\" throughout UK on October 1st"
    },
    {
        "topic":"e7fc9f97-0952-4481-951b-583a3f17893e",
        "tweetID":640963887962173440,
        "relevancy":2,
        "tweets.created_at":"2015-07-09T19:04:34.000Z",
        "tweets.full_text":" can you help  is after an electrician to help with the Night of Heritage Light on Oct 1st at Ironbridge #NOHL #IYL2015.  ",
        "tweets.hashtags":"['NOHL', 'IYL2015']",
        "tweets.user_mentions":"['CIBSEWM', 'SLL100']",
        "tweets.urls":"[]",
        "tweets.user_name":"lizpeck10",
        "tweets.followers_count":3953,
        "topics.title":"Amerlux, along with SLL and CIBSE, to Celebrate \"Night of Heritage Light\" throughout UK on October 1st"
    },
    {
        "topic":"e7fc9f97-0952-4481-951b-583a3f17893e",
        "tweetID":640964266586165248,
        "relevancy":2,
        "tweets.created_at":"2015-07-09T19:06:04.000Z",
        "tweets.full_text":" can you help  is after an electrician to help with the Night of Heritage Light Oct 1st at Blenheim Palace #NOHL #IYL2015.  ",
        "tweets.hashtags":"['NOHL', 'IYL2015']",
        "tweets.user_mentions":"['cibsehcnw', 'SLL100']",
        "tweets.urls":"[]",
        "tweets.user_name":"lizpeck10",
        "tweets.followers_count":3953,
        "topics.title":"Amerlux, along with SLL and CIBSE, to Celebrate \"Night of Heritage Light\" throughout UK on October 1st"
    },
    {
        "topic":"e7fc9f97-0952-4481-951b-583a3f17893e",
        "tweetID":640969866476978176,
        "relevancy":2,
        "tweets.created_at":"2015-07-09T19:28:19.000Z",
        "tweets.full_text":" can you help  is after electricians to help with the Night of Heritage Light on Oct 1st in NWest #NOHL #IYL2015.  ",
        "tweets.hashtags":"['NOHL', 'IYL2015']",
        "tweets.user_mentions":"['Cainselectrical', 'SLL100']",
        "tweets.urls":"[]",
        "tweets.user_name":"lizpeck10",
        "tweets.followers_count":3953,
        "topics.title":"Amerlux, along with SLL and CIBSE, to Celebrate \"Night of Heritage Light\" throughout UK on October 1st"
    },
    {
        "topic":"e7fc9f97-0952-4481-951b-583a3f17893e",
        "tweetID":642458753439268864,
        "relevancy":2,
        "tweets.created_at":"2015-11-09T22:04:37.000Z",
        "tweets.full_text":"For tweeps wondering what on earth the  #NoHL is, I urge you to google (UK) Night of heritage light. All will be revealed!.  ",
        "tweets.hashtags":"['NoHL']",
        "tweets.user_mentions":"['SLL100']",
        "tweets.urls":"[]",
        "tweets.user_name":"lizpeck10",
        "tweets.followers_count":3953,
        "topics.title":"Amerlux, along with SLL and CIBSE, to Celebrate \"Night of Heritage Light\" throughout UK on October 1st"
    },
    {
        "topic":"e7fc9f97-0952-4481-951b-583a3f17893e",
        "tweetID":642968682356846592,
        "relevancy":1,
        "tweets.created_at":"2015-09-13T07:50:54.000Z",
        "tweets.full_text":"[mi] Malaysia can learn from India in preservation of heritage sites, says Rais   ",
        "tweets.hashtags":"[]",
        "tweets.user_mentions":"[]",
        "tweets.urls":"['http:\/\/bit.ly\/1XYQZFk']",
        "tweets.user_name":"malaysiatoday",
        "tweets.followers_count":8279,
        "topics.title":"Amerlux, along with SLL and CIBSE, to Celebrate \"Night of Heritage Light\" throughout UK on October 1st"
    },
    {
        "topic":"e7fc9f97-0952-4481-951b-583a3f17893e",
        "tweetID":643684868036108288,
        "relevancy":1,
        "tweets.created_at":"2015-09-15T07:16:46.000Z",
        "tweets.full_text":"During Heritage Month, let us connect with our past by visiting heritage sites #myheritage.  ",
        "tweets.hashtags":"['myheritage']",
        "tweets.user_mentions":"[]",
        "tweets.urls":"[]",
        "tweets.user_name":"GCISMedia",
        "tweets.followers_count":115795,
        "topics.title":"Amerlux, along with SLL and CIBSE, to Celebrate \"Night of Heritage Light\" throughout UK on October 1st"
    },
    {
        "topic":"e7fc9f97-0952-4481-951b-583a3f17893e",
        "tweetID":644332776670527489,
        "relevancy":1,
        "tweets.created_at":"2015-09-17T02:11:19.000Z",
        "tweets.full_text":"Cultural Preservationist Sheds Light on Threatened World Heritage Sites   ",
        "tweets.hashtags":"[]",
        "tweets.user_mentions":"[]",
        "tweets.urls":"['http:\/\/wvpublic.org\/post\/cultural-preservationist-sheds-light-threatened-world-heritage-sites']",
        "tweets.user_name":"wvpublicnews",
        "tweets.followers_count":16695,
        "topics.title":"Amerlux, along with SLL and CIBSE, to Celebrate \"Night of Heritage Light\" throughout UK on October 1st"
    },
    {
        "topic":"e7fc9f97-0952-4481-951b-583a3f17893e",
        "tweetID":645159319516905472,
        "relevancy":1,
        "tweets.created_at":"2015-09-19T08:55:42.000Z",
        "tweets.full_text":"Winners in the category of World Heritage Site of the year &amp; Favourite World Heritage Site #Golden Shield Heritage Award\u2026.  ",
        "tweets.hashtags":"['Golden']",
        "tweets.user_mentions":"['robben_island']",
        "tweets.urls":"[]",
        "tweets.user_name":"Derek_Hanekom",
        "tweets.followers_count":179553,
        "topics.title":"Amerlux, along with SLL and CIBSE, to Celebrate \"Night of Heritage Light\" throughout UK on October 1st"
    },
    {
        "topic":"e7fc9f97-0952-4481-951b-583a3f17893e",
        "tweetID":645521173527306240,
        "relevancy":1,
        "tweets.created_at":"2015-09-20T08:53:35.000Z",
        "tweets.full_text":"Top sites for Frances Heritage Days 2015 - The Local   ",
        "tweets.hashtags":"[]",
        "tweets.user_mentions":"[]",
        "tweets.urls":"['http:\/\/buff.ly\/1iGckmU']",
        "tweets.user_name":"RivieraReporter",
        "tweets.followers_count":2986,
        "topics.title":"Amerlux, along with SLL and CIBSE, to Celebrate \"Night of Heritage Light\" throughout UK on October 1st"
    },
    {
        "topic":"e7fc9f97-0952-4481-951b-583a3f17893e",
        "tweetID":645538117953421312,
        "relevancy":1,
        "tweets.created_at":"2015-09-20T10:00:55.000Z",
        "tweets.full_text":"21 World Heritage Sites you have probably never heard of    ",
        "tweets.hashtags":"[]",
        "tweets.user_mentions":"[]",
        "tweets.urls":"['http:\/\/www.telegraph.co.uk\/travel\/travelnews\/10999939\/21-World-Heritage-Sites-you-have-probably-never-heard-of.html']",
        "tweets.user_name":"Telegraph",
        "tweets.followers_count":3004954,
        "topics.title":"Amerlux, along with SLL and CIBSE, to Celebrate \"Night of Heritage Light\" throughout UK on October 1st"
    },
    {
        "topic":"e7fc9f97-0952-4481-951b-583a3f17893e",
        "tweetID":645539307982340098,
        "relevancy":1,
        "tweets.created_at":"2015-09-20T10:05:39.000Z",
        "tweets.full_text":"21 World Heritage Sites you have probably never heard of    ",
        "tweets.hashtags":"[]",
        "tweets.user_mentions":"['Telegraph']",
        "tweets.urls":"['http:\/\/www.telegraph.co.uk\/travel\/travelnews\/10999939\/21-World-Heritage-Sites-you-have-probably-never-heard-of.html']",
        "tweets.user_name":"JaneyGodley",
        "tweets.followers_count":215742,
        "topics.title":"Amerlux, along with SLL and CIBSE, to Celebrate \"Night of Heritage Light\" throughout UK on October 1st"
    },
    {
        "topic":"e7fc9f97-0952-4481-951b-583a3f17893e",
        "tweetID":646238503500705792,
        "relevancy":1,
        "tweets.created_at":"2015-09-22T08:24:00.000Z",
        "tweets.full_text":"Preserving national heritage sites  by  #Pakistan.  ",
        "tweets.hashtags":"['Pakistan']",
        "tweets.user_mentions":"['Baahirezaman', 'yasmeen_9']",
        "tweets.urls":"['http:\/\/www.pakistantoday.com.pk\/?p=444590']",
        "tweets.user_name":"afiasalam",
        "tweets.followers_count":35220,
        "topics.title":"Amerlux, along with SLL and CIBSE, to Celebrate \"Night of Heritage Light\" throughout UK on October 1st"
    },
    {
        "topic":"e7fc9f97-0952-4481-951b-583a3f17893e",
        "tweetID":646294319213756416,
        "relevancy":1,
        "tweets.created_at":"2015-09-22T12:05:47.000Z",
        "tweets.full_text":"Campaigners tell UNESCO to recognize that Palestinians lived in one of its world heritage sites   ",
        "tweets.hashtags":"[]",
        "tweets.user_mentions":"[]",
        "tweets.urls":"['http:\/\/bit.ly\/1L2HWzH']",
        "tweets.user_name":"intifada",
        "tweets.followers_count":116509,
        "topics.title":"Amerlux, along with SLL and CIBSE, to Celebrate \"Night of Heritage Light\" throughout UK on October 1st"
    },
    {
        "topic":"e7fc9f97-0952-4481-951b-583a3f17893e",
        "tweetID":646589992366575616,
        "relevancy":1,
        "tweets.created_at":"2015-09-23T07:40:41.000Z",
        "tweets.full_text":"Most Beautiful  World Heritage Sites to Discover  #Petra #Jordan on the list #LoveJO     ",
        "tweets.hashtags":"['Petra', 'Jordan', 'LoveJO']",
        "tweets.user_mentions":"['ZaraHolding', 'UNESCO']",
        "tweets.urls":"['http:\/\/bit.ly\/1KwT4z7']",
        "tweets.user_name":"nalfayez",
        "tweets.followers_count":81630,
        "topics.title":"Amerlux, along with SLL and CIBSE, to Celebrate \"Night of Heritage Light\" throughout UK on October 1st"
    },
    {
        "topic":"e7fc9f97-0952-4481-951b-583a3f17893e",
        "tweetID":648146354426937344,
        "relevancy":1,
        "tweets.created_at":"2015-09-27T14:45:07.000Z",
        "tweets.full_text":"Special Photo Series: The UNESCO World Heritage Sites of Tamil Nadu, by     ",
        "tweets.hashtags":"[]",
        "tweets.user_mentions":"[]",
        "tweets.urls":"['http:\/\/bit.ly\/1iCK7wS']",
        "tweets.user_name":"thenewsminute",
        "tweets.followers_count":166489,
        "topics.title":"Amerlux, along with SLL and CIBSE, to Celebrate \"Night of Heritage Light\" throughout UK on October 1st"
    },
    {
        "topic":"e7fc9f97-0952-4481-951b-583a3f17893e",
        "tweetID":648440941712416768,
        "relevancy":1,
        "tweets.created_at":"2015-09-28T10:15:42.000Z",
        "tweets.full_text":"  Yes. Also just grumpy when UNESCO a World Heritage sites run a no pictures policy..  ",
        "tweets.hashtags":"[]",
        "tweets.user_mentions":"['MartinHoscik', 'JoelTaylorMetro']",
        "tweets.urls":"[]",
        "tweets.user_name":"wallaceme",
        "tweets.followers_count":56680,
        "topics.title":"Amerlux, along with SLL and CIBSE, to Celebrate \"Night of Heritage Light\" throughout UK on October 1st"
    },
    {
        "topic":"e7fc9f97-0952-4481-951b-583a3f17893e",
        "tweetID":648544308501458944,
        "relevancy":1,
        "tweets.created_at":"2015-09-28T17:06:27.000Z",
        "tweets.full_text":"Do check out the special Photo Series: The UNESCO World Heritage Sites of Tamil Nadu, by    ",
        "tweets.hashtags":"[]",
        "tweets.user_mentions":"[]",
        "tweets.urls":"['http:\/\/bit.ly\/1iCK7wS']",
        "tweets.user_name":"dhanyarajendran",
        "tweets.followers_count":267870,
        "topics.title":"Amerlux, along with SLL and CIBSE, to Celebrate \"Night of Heritage Light\" throughout UK on October 1st"
    },
    {
        "topic":"e7fc9f97-0952-4481-951b-583a3f17893e",
        "tweetID":648863865426575360,
        "relevancy":2,
        "tweets.created_at":"2015-09-29T14:16:15.000Z",
        "tweets.full_text":"This Thursday the Ironworks will be lit up as part of the UNESCO Night of Heritage Light. #UNESCO #NoHL   ",
        "tweets.hashtags":"['UNESCO', 'NoHL']",
        "tweets.user_mentions":"['BlaenavonIron']",
        "tweets.urls":"[]",
        "tweets.user_name":"lizpeck10",
        "tweets.followers_count":3953,
        "topics.title":"Amerlux, along with SLL and CIBSE, to Celebrate \"Night of Heritage Light\" throughout UK on October 1st"
    },
    {
        "topic":"e7fc9f97-0952-4481-951b-583a3f17893e",
        "tweetID":648976708515823616,
        "relevancy":2,
        "tweets.created_at":"2015-09-29T21:44:39.000Z",
        "tweets.full_text":"See the iron bridge lit in a variety of colours on the night of heritage light. Info&gt;    ",
        "tweets.hashtags":"[]",
        "tweets.user_mentions":"['VisitIronbridge']",
        "tweets.urls":"['http:\/\/ow.ly\/SorOm']",
        "tweets.user_name":"lizpeck10",
        "tweets.followers_count":3953,
        "topics.title":"Amerlux, along with SLL and CIBSE, to Celebrate \"Night of Heritage Light\" throughout UK on October 1st"
    },
    {
        "topic":"e7fc9f97-0952-4481-951b-583a3f17893e",
        "tweetID":649201012796952576,
        "relevancy":2,
        "tweets.created_at":"2015-09-30T12:35:57.000Z",
        "tweets.full_text":"Tomorrow you say The night of heritage light That sounds fun!    ",
        "tweets.hashtags":"[]",
        "tweets.user_mentions":"[]",
        "tweets.urls":"['https:\/\/twitter.com\/fmarksimon\/status\/649198878567350272']",
        "tweets.user_name":"lizpeck10",
        "tweets.followers_count":3953,
        "topics.title":"Amerlux, along with SLL and CIBSE, to Celebrate \"Night of Heritage Light\" throughout UK on October 1st"
    },
    {
        "topic":"e7fc9f97-0952-4481-951b-583a3f17893e",
        "tweetID":649224661398605824,
        "relevancy":1,
        "tweets.created_at":"2015-09-30T14:09:55.000Z",
        "tweets.full_text":"The entire city of Timbuktu is listed as a World Heritage Site by Unesco   ",
        "tweets.hashtags":"[]",
        "tweets.user_mentions":"[]",
        "tweets.urls":"['http:\/\/www.jfjustice.net\/mali-the-hearing-of-ahmad-al-mahdi-al-faqi-before-the-icc-is-a-victory-but-charges-must-be-expanded\/']",
        "tweets.user_name":"JFJustice",
        "tweets.followers_count":11769,
        "topics.title":"Amerlux, along with SLL and CIBSE, to Celebrate \"Night of Heritage Light\" throughout UK on October 1st"
    },
    {
        "topic":"e7fc9f97-0952-4481-951b-583a3f17893e",
        "tweetID":649254007035179008,
        "relevancy":1,
        "tweets.created_at":"2015-09-30T16:06:32.000Z",
        "tweets.full_text":"Islamist Stands Trial for Destruction of World Heritage Monuments   ",
        "tweets.hashtags":"[]",
        "tweets.user_mentions":"[]",
        "tweets.urls":"['http:\/\/on.wsj.com\/1jyObPo']",
        "tweets.user_name":"WSJworld",
        "tweets.followers_count":181377,
        "topics.title":"Amerlux, along with SLL and CIBSE, to Celebrate \"Night of Heritage Light\" throughout UK on October 1st"
    },
    {
        "topic":"e7fc9f97-0952-4481-951b-583a3f17893e",
        "tweetID":649275784532766720,
        "relevancy":1,
        "tweets.created_at":"2015-09-30T17:33:04.000Z",
        "tweets.full_text":"The Maxeke memory as living heritage by Adv Sonwabile Mancotywa, CEO of National Heritage Council   ",
        "tweets.hashtags":"[]",
        "tweets.user_mentions":"[]",
        "tweets.urls":"[]",
        "tweets.user_name":"ParliamentofRSA",
        "tweets.followers_count":726346,
        "topics.title":"Amerlux, along with SLL and CIBSE, to Celebrate \"Night of Heritage Light\" throughout UK on October 1st"
    },
    {
        "topic":"e7fc9f97-0952-4481-951b-583a3f17893e",
        "tweetID":649302980085329920,
        "relevancy":1,
        "tweets.created_at":"2015-09-30T19:21:08.000Z",
        "tweets.full_text":"Islamist faces trial for destruction of world heritage monuments in Timbuktu   ",
        "tweets.hashtags":"[]",
        "tweets.user_mentions":"[]",
        "tweets.urls":"['http:\/\/on.wsj.com\/1YP31Bv']",
        "tweets.user_name":"ahmed",
        "tweets.followers_count":150970,
        "topics.title":"Amerlux, along with SLL and CIBSE, to Celebrate \"Night of Heritage Light\" throughout UK on October 1st"
    }
]