[
    {
        "topic":"0429b914-907a-4d79-aed8-5e2a7ebaa230",
        "tweetID":639427129072070656,
        "relevancy":2,
        "tweets.created_at":"2015-03-09T13:18:02.000Z",
        "tweets.full_text":"Healy absent as Ireland name strong starting XV to face England in Twickenham    ",
        "tweets.hashtags":"[]",
        "tweets.user_mentions":"[]",
        "tweets.urls":"['http:\/\/ebx.sh\/1hCJOS1']",
        "tweets.user_name":"irishexaminer",
        "tweets.followers_count":210561,
        "topics.title":"Rugby-England beat Ireland 21-13 in final warm up"
    },
    {
        "topic":"0429b914-907a-4d79-aed8-5e2a7ebaa230",
        "tweetID":639485651511980032,
        "relevancy":2,
        "tweets.created_at":"2015-03-09T17:10:35.000Z",
        "tweets.full_text":"Ireland rest Healy, Kearney from England World Cup warm-up    ",
        "tweets.hashtags":"[]",
        "tweets.user_mentions":"[]",
        "tweets.urls":"['http:\/\/f24.my\/1hDL47F']",
        "tweets.user_name":"FRANCE24",
        "tweets.followers_count":3542808,
        "topics.title":"Rugby-England beat Ireland 21-13 in final warm up"
    },
    {
        "topic":"0429b914-907a-4d79-aed8-5e2a7ebaa230",
        "tweetID":639507736078618624,
        "relevancy":1,
        "tweets.created_at":"2015-03-09T18:38:20.000Z",
        "tweets.full_text":"Host nation England will have to wear their red away jersies v Fiji in the opening match  at Twickenham on Sept 19..  ",
        "tweets.hashtags":"[]",
        "tweets.user_mentions":"['rugbyworldcup']",
        "tweets.urls":"[]",
        "tweets.user_name":"NewshubNZ",
        "tweets.followers_count":69566,
        "topics.title":"Rugby-England beat Ireland 21-13 in final warm up"
    },
    {
        "topic":"0429b914-907a-4d79-aed8-5e2a7ebaa230",
        "tweetID":639666226097065986,
        "relevancy":2,
        "tweets.created_at":"2015-04-09T05:08:07.000Z",
        "tweets.full_text":"Ireland at full strength for final warm-up against England  via    ",
        "tweets.hashtags":"[]",
        "tweets.user_mentions":"['IrishTimesSport']",
        "tweets.urls":"['http:\/\/www.irishtimes.com\/sport\/rugby\/international\/ireland-at-full-strength-for-final-warm-up-against-england-1.2339579']",
        "tweets.user_name":"IrishTimes",
        "tweets.followers_count":586065,
        "topics.title":"Rugby-England beat Ireland 21-13 in final warm up"
    },
    {
        "topic":"0429b914-907a-4d79-aed8-5e2a7ebaa230",
        "tweetID":639777836400799744,
        "relevancy":2,
        "tweets.created_at":"2015-04-09T12:31:37.000Z",
        "tweets.full_text":"Five key talking points ahead of Irelands showdown with England at Twickenham    ",
        "tweets.hashtags":"[]",
        "tweets.user_mentions":"['IndoRugby']",
        "tweets.urls":"['http:\/\/indo.ie\/RMYwX']",
        "tweets.user_name":"Independent_ie",
        "tweets.followers_count":603388,
        "topics.title":"Rugby-England beat Ireland 21-13 in final warm up"
    },
    {
        "topic":"0429b914-907a-4d79-aed8-5e2a7ebaa230",
        "tweetID":640163283572494336,
        "relevancy":2,
        "tweets.created_at":"2015-05-09T14:03:15.000Z",
        "tweets.full_text":"Great TMO work by Shaun Veldsman in the England\/Ireland game,England looking slick I have to say!12-3 Eng leading!.  ",
        "tweets.hashtags":"[]",
        "tweets.user_mentions":"[]",
        "tweets.urls":"[]",
        "tweets.user_name":"BreytonPaulse",
        "tweets.followers_count":70300,
        "topics.title":"Rugby-England beat Ireland 21-13 in final warm up"
    },
    {
        "topic":"0429b914-907a-4d79-aed8-5e2a7ebaa230",
        "tweetID":640184391583535104,
        "relevancy":2,
        "tweets.created_at":"2015-05-09T15:27:07.000Z",
        "tweets.full_text":"England 21 Ireland 13. Better second half from Ireland but plenty of knocks picked up   ",
        "tweets.hashtags":"['RWC2015']",
        "tweets.user_mentions":"['IndoSport']",
        "tweets.urls":"[]",
        "tweets.user_name":"Independent_ie",
        "tweets.followers_count":603388,
        "topics.title":"Rugby-England beat Ireland 21-13 in final warm up"
    },
    {
        "topic":"0429b914-907a-4d79-aed8-5e2a7ebaa230",
        "tweetID":640185557428097028,
        "relevancy":2,
        "tweets.created_at":"2015-05-09T15:31:45.000Z",
        "tweets.full_text":"REPORT: England recorded a 21-13 win against Ireland at Twickenham.    ",
        "tweets.hashtags":"[]",
        "tweets.user_mentions":"[]",
        "tweets.urls":"['https:\/\/shar.es\/1vATjg']",
        "tweets.user_name":"SARugbymag",
        "tweets.followers_count":67541,
        "topics.title":"Rugby-England beat Ireland 21-13 in final warm up"
    },
    {
        "topic":"0429b914-907a-4d79-aed8-5e2a7ebaa230",
        "tweetID":640203431362306050,
        "relevancy":2,
        "tweets.created_at":"2015-05-09T16:42:47.000Z",
        "tweets.full_text":"Clinical England make a significant statement ahead of the RWC  htt\u2026.  ",
        "tweets.hashtags":"[]",
        "tweets.user_mentions":"['TelegraphRugby']",
        "tweets.urls":"['http:\/\/www.telegraph.co.uk\/sport\/rugbyunion\/international\/england\/11846229\/England-vs-Ireland-match-report-Clinical-England-make-a-significant-statement-ahead-of-the-Rugby-World-Cup.html']",
        "tweets.user_name":"Telegraph",
        "tweets.followers_count":3004954,
        "topics.title":"Rugby-England beat Ireland 21-13 in final warm up"
    },
    {
        "topic":"0429b914-907a-4d79-aed8-5e2a7ebaa230",
        "tweetID":640207301236916224,
        "relevancy":2,
        "tweets.created_at":"2015-05-09T16:58:09.000Z",
        "tweets.full_text":"England recorded a 21-13 win against Ireland at Twickenham.    ",
        "tweets.hashtags":"[]",
        "tweets.user_mentions":"['SARugbymag']",
        "tweets.urls":"['https:\/\/shar.es\/1vATjg']",
        "tweets.user_name":"SimonBorchardt",
        "tweets.followers_count":6509,
        "topics.title":"Rugby-England beat Ireland 21-13 in final warm up"
    },
    {
        "topic":"0429b914-907a-4d79-aed8-5e2a7ebaa230",
        "tweetID":640229308829593600,
        "relevancy":2,
        "tweets.created_at":"2015-05-09T18:25:36.000Z",
        "tweets.full_text":"Ireland lose final warm-up as England pulls ahead: Ireland will go into the world cup on the back of two defea...   ",
        "tweets.hashtags":"[]",
        "tweets.user_mentions":"[]",
        "tweets.urls":"['http:\/\/bit.ly\/1JX1KC5']",
        "tweets.user_name":"utv",
        "tweets.followers_count":182980,
        "topics.title":"Rugby-England beat Ireland 21-13 in final warm up"
    },
    {
        "topic":"0429b914-907a-4d79-aed8-5e2a7ebaa230",
        "tweetID":640230757726687232,
        "relevancy":2,
        "tweets.created_at":"2015-05-09T18:31:22.000Z",
        "tweets.full_text":"Stuart Lancaster calls for Fiji focus after England edge Ireland in last World ... -  Ex...   ",
        "tweets.hashtags":"[]",
        "tweets.user_mentions":"[]",
        "tweets.urls":"['http:\/\/Express.co.uk', 'http:\/\/bit.ly\/1OlC0yP']",
        "tweets.user_name":"FijiFreePress",
        "tweets.followers_count":1191,
        "topics.title":"Rugby-England beat Ireland 21-13 in final warm up"
    },
    {
        "topic":"0429b914-907a-4d79-aed8-5e2a7ebaa230",
        "tweetID":640294530122543104,
        "relevancy":2,
        "tweets.created_at":"2015-05-09T22:44:46.000Z",
        "tweets.full_text":"World Cup warm-ups: Wales beat Italy 23-19; England held Ireland 21-13; France edged Scotland 19-16; Argentina downed Leicester Tigers 55-34.  ",
        "tweets.hashtags":"[]",
        "tweets.user_mentions":"[]",
        "tweets.urls":"[]",
        "tweets.user_name":"NewshubNZ",
        "tweets.followers_count":69566,
        "topics.title":"Rugby-England beat Ireland 21-13 in final warm up"
    },
    {
        "topic":"0429b914-907a-4d79-aed8-5e2a7ebaa230",
        "tweetID":640387426410631168,
        "relevancy":2,
        "tweets.created_at":"2015-06-09T04:53:54.000Z",
        "tweets.full_text":"England beat Ireland 21-13 in final warm up  #Sports.  ",
        "tweets.hashtags":"['Sports']",
        "tweets.user_mentions":"[]",
        "tweets.urls":"['http:\/\/bit.ly\/1OmFHo5']",
        "tweets.user_name":"Dailymirror_SL",
        "tweets.followers_count":454022,
        "topics.title":"Rugby-England beat Ireland 21-13 in final warm up"
    },
    {
        "topic":"0429b914-907a-4d79-aed8-5e2a7ebaa230",
        "tweetID":640392079399497728,
        "relevancy":2,
        "tweets.created_at":"2015-06-09T05:12:24.000Z",
        "tweets.full_text":"Rugby - England beat Ireland 21-13 in final warm up  #PNG   ",
        "tweets.hashtags":"['PNG']",
        "tweets.user_mentions":"[]",
        "tweets.urls":"['http:\/\/bit.ly\/1OmHHMX', 'http:\/\/www.emtv.com.pg']",
        "tweets.user_name":"EMTVOnline",
        "tweets.followers_count":7377,
        "topics.title":"Rugby-England beat Ireland 21-13 in final warm up"
    },
    {
        "topic":"0429b914-907a-4d79-aed8-5e2a7ebaa230",
        "tweetID":640403024494596096,
        "relevancy":2,
        "tweets.created_at":"2015-06-09T05:55:53.000Z",
        "tweets.full_text":"International Friendlies \u2013 Results: England 21 -13 Ireland, Wales 23 \u2013 19 Italy, France 19 \u2013 16 Scotland #SSRugby.  ",
        "tweets.hashtags":"['SSRugby']",
        "tweets.user_mentions":"[]",
        "tweets.urls":"[]",
        "tweets.user_name":"SuperSportBlitz",
        "tweets.followers_count":1263827,
        "topics.title":"Rugby-England beat Ireland 21-13 in final warm up"
    },
    {
        "topic":"0429b914-907a-4d79-aed8-5e2a7ebaa230",
        "tweetID":643575465043750912,
        "relevancy":1,
        "tweets.created_at":"2015-09-15T00:02:02.000Z",
        "tweets.full_text":"Sam Burgess left on bench for England Rugby World Cup opener against Fiji   ",
        "tweets.hashtags":"[]",
        "tweets.user_mentions":"[]",
        "tweets.urls":"['http:\/\/trib.al\/tLavEVo']",
        "tweets.user_name":"GuardianAus",
        "tweets.followers_count":282255,
        "topics.title":"Rugby-England beat Ireland 21-13 in final warm up"
    },
    {
        "topic":"0429b914-907a-4d79-aed8-5e2a7ebaa230",
        "tweetID":644612408351174656,
        "relevancy":1,
        "tweets.created_at":"2015-09-17T20:42:29.000Z",
        "tweets.full_text":"Final Score Friday \u2013 2015: Week 4 scoreboard   ",
        "tweets.hashtags":"[]",
        "tweets.user_mentions":"[]",
        "tweets.urls":"['http:\/\/bit.ly\/1Kkhb41']",
        "tweets.user_name":"VirginiaNewser",
        "tweets.followers_count":617,
        "topics.title":"Rugby-England beat Ireland 21-13 in final warm up"
    },
    {
        "topic":"0429b914-907a-4d79-aed8-5e2a7ebaa230",
        "tweetID":644883439737507840,
        "relevancy":1,
        "tweets.created_at":"2015-09-18T14:39:28.000Z",
        "tweets.full_text":"#RWC2015 Ireland to beat England in semi-final: Brian ODriscoll    ",
        "tweets.hashtags":"['RWC2015']",
        "tweets.user_mentions":"[]",
        "tweets.urls":"['http:\/\/www.belfasttelegraph.co.uk\/sport\/rugby\/world-cup\/rugby-world-cup-ireland-to-beat-england-in-semifinal-but-all-blacks-to-retain-william-webb-ellis-trophy-predicts-brian-odriscoll-31538271.html']",
        "tweets.user_name":"BelTel",
        "tweets.followers_count":190802,
        "topics.title":"Rugby-England beat Ireland 21-13 in final warm up"
    },
    {
        "topic":"0429b914-907a-4d79-aed8-5e2a7ebaa230",
        "tweetID":644901819227983872,
        "relevancy":2,
        "tweets.created_at":"2015-09-18T15:52:30.000Z",
        "tweets.full_text":"England v Fiji September: talking points ahead of kick-off at Twickenham  #ENGvFIJ #RWC2015    ",
        "tweets.hashtags":"['ENGvFIJ', 'RWC2015']",
        "tweets.user_mentions":"[]",
        "tweets.urls":"['http:\/\/www.belfasttelegraph.co.uk\/sport\/rugby\/world-cup\/england-v-fiji-september-talking-points-ahead-of-kickoff-at-twickenham-31538478.html']",
        "tweets.user_name":"BelTel",
        "tweets.followers_count":190802,
        "topics.title":"Rugby-England beat Ireland 21-13 in final warm up"
    },
    {
        "topic":"0429b914-907a-4d79-aed8-5e2a7ebaa230",
        "tweetID":644927616890310656,
        "relevancy":1,
        "tweets.created_at":"2015-09-18T17:35:00.000Z",
        "tweets.full_text":"#RWC2015 Due to the England v Fiji match at Twickenham, London stations will be very busy. Please check  for\u2026.  ",
        "tweets.hashtags":"['RWC2015']",
        "tweets.user_mentions":"['networkrail', 'RWC2015Travel']",
        "tweets.urls":"[]",
        "tweets.user_name":"BBCTravelAlert",
        "tweets.followers_count":141891,
        "topics.title":"Rugby-England beat Ireland 21-13 in final warm up"
    },
    {
        "topic":"0429b914-907a-4d79-aed8-5e2a7ebaa230",
        "tweetID":644950330870894592,
        "relevancy":1,
        "tweets.created_at":"2015-09-18T19:05:16.000Z",
        "tweets.full_text":"An early penalty has put England out to a 3-0 lead over Fiji in the Rugby World Cup opener at Twickenham..  ",
        "tweets.hashtags":"[]",
        "tweets.user_mentions":"[]",
        "tweets.urls":"[]",
        "tweets.user_name":"NewshubNZ",
        "tweets.followers_count":69566,
        "topics.title":"Rugby-England beat Ireland 21-13 in final warm up"
    },
    {
        "topic":"0429b914-907a-4d79-aed8-5e2a7ebaa230",
        "tweetID":644953203273019392,
        "relevancy":2,
        "tweets.created_at":"2015-09-18T19:16:40.000Z",
        "tweets.full_text":"11 Jaco Peyper goes upstairs to the TMO and England are awarded a penalty for a tip-tackle on Jonny May. Ford kicks to touch for a lineout.  ",
        "tweets.hashtags":"[]",
        "tweets.user_mentions":"[]",
        "tweets.urls":"[]",
        "tweets.user_name":"EnglandRugby",
        "tweets.followers_count":1073289,
        "topics.title":"Rugby-England beat Ireland 21-13 in final warm up"
    },
    {
        "topic":"0429b914-907a-4d79-aed8-5e2a7ebaa230",
        "tweetID":644953574171123713,
        "relevancy":1,
        "tweets.created_at":"2015-09-18T19:18:09.000Z",
        "tweets.full_text":"First try of World Cup goes to England on 13 mins. A penalty try and Fiji lose their scrum-half to the sin bin. Big moment. 10-0.  ",
        "tweets.hashtags":"[]",
        "tweets.user_mentions":"[]",
        "tweets.urls":"[]",
        "tweets.user_name":"alexspinkmirror",
        "tweets.followers_count":8721,
        "topics.title":"Rugby-England beat Ireland 21-13 in final warm up"
    },
    {
        "topic":"0429b914-907a-4d79-aed8-5e2a7ebaa230",
        "tweetID":644958486384656384,
        "relevancy":1,
        "tweets.created_at":"2015-09-18T19:37:40.000Z",
        "tweets.full_text":"NEAR TRY FOR FIJI! Great step and run by Matawalu. England with a scrum in their half. #ENGvFJI #RWC2015 #FlyingFijians.  ",
        "tweets.hashtags":"['ENGvFJI', 'RWC2015', 'FlyingFijians']",
        "tweets.user_mentions":"[]",
        "tweets.urls":"[]",
        "tweets.user_name":"fijirugby",
        "tweets.followers_count":100203,
        "topics.title":"Rugby-England beat Ireland 21-13 in final warm up"
    },
    {
        "topic":"0429b914-907a-4d79-aed8-5e2a7ebaa230",
        "tweetID":644958653984952320,
        "relevancy":1,
        "tweets.created_at":"2015-09-18T19:38:20.000Z",
        "tweets.full_text":"28 Superb work by Jonny May and  to deny Fiji a try as Matawalu knocks on over the line. England have a 5m scrum #ENGvFJI.  ",
        "tweets.hashtags":"['ENGvFJI']",
        "tweets.user_mentions":"['mikebrown_15']",
        "tweets.urls":"[]",
        "tweets.user_name":"EnglandRugby",
        "tweets.followers_count":1073289,
        "topics.title":"Rugby-England beat Ireland 21-13 in final warm up"
    },
    {
        "topic":"0429b914-907a-4d79-aed8-5e2a7ebaa230",
        "tweetID":644986755683192832,
        "relevancy":1,
        "tweets.created_at":"2015-09-18T21:30:00.000Z",
        "tweets.full_text":"STORY: England endures uncomfortable #RWC2015 opener to eventually beat brave Fiji 35-11 at Twickenham  #rugby.  ",
        "tweets.hashtags":"['RWC2015', 'rugby']",
        "tweets.user_mentions":"[]",
        "tweets.urls":"['http:\/\/ab.co\/1W91MuQ']",
        "tweets.user_name":"abcsport",
        "tweets.followers_count":145505,
        "topics.title":"Rugby-England beat Ireland 21-13 in final warm up"
    },
    {
        "topic":"0429b914-907a-4d79-aed8-5e2a7ebaa230",
        "tweetID":644988290983047168,
        "relevancy":1,
        "tweets.created_at":"2015-09-18T21:36:06.000Z",
        "tweets.full_text":"England defeat Fiji 35-11 in Rugby World Cup opener    ",
        "tweets.hashtags":"[]",
        "tweets.user_mentions":"[]",
        "tweets.urls":"['http:\/\/f24.my\/1iodYZF']",
        "tweets.user_name":"France24_en",
        "tweets.followers_count":280343,
        "topics.title":"Rugby-England beat Ireland 21-13 in final warm up"
    },
    {
        "topic":"0429b914-907a-4d79-aed8-5e2a7ebaa230",
        "tweetID":645000668437086212,
        "relevancy":1,
        "tweets.created_at":"2015-09-18T22:25:17.000Z",
        "tweets.full_text":"England beat Fiji 35-11 in Rugby World Cup opener    ",
        "tweets.hashtags":"[]",
        "tweets.user_mentions":"[]",
        "tweets.urls":"['http:\/\/f24.my\/1iokxvh']",
        "tweets.user_name":"FRANCE24",
        "tweets.followers_count":3542808,
        "topics.title":"Rugby-England beat Ireland 21-13 in final warm up"
    },
    {
        "topic":"0429b914-907a-4d79-aed8-5e2a7ebaa230",
        "tweetID":645072337784729600,
        "relevancy":2,
        "tweets.created_at":"2015-09-19T03:10:04.000Z",
        "tweets.full_text":"England too good for Fiji in Twickenham opener of #RugbyWorldCup    ",
        "tweets.hashtags":"['RugbyWorldCup']",
        "tweets.user_mentions":"[]",
        "tweets.urls":"['http:\/\/bit.ly\/1QMVSMR']",
        "tweets.user_name":"perthnow",
        "tweets.followers_count":141557,
        "topics.title":"Rugby-England beat Ireland 21-13 in final warm up"
    }
]