[
    {
        "topic":"be8e1b0d-6512-495d-8b55-40b0320a513e",
        "tweetID":641365600418136065,
        "relevancy":2,
        "tweets.created_at":"2015-08-09T21:40:49.000Z",
        "tweets.full_text":"$2.65 million for transportation programs in #agefriendly Erie County    -   ",
        "tweets.hashtags":"['agefriendly']",
        "tweets.user_mentions":"['Aging2WNY', 'RepBrianHiggins', 'markpoloncarz']",
        "tweets.urls":"[]",
        "tweets.user_name":"markpoloncarz",
        "tweets.followers_count":41994,
        "topics.title":"Ziegler Closes $44.49 Million Fox Run at Orchard Park Financing"
    },
    {
        "topic":"be8e1b0d-6512-495d-8b55-40b0320a513e",
        "tweetID":644301120752480256,
        "relevancy":2,
        "tweets.created_at":"2015-09-17T00:05:32.000Z",
        "tweets.full_text":"New: Erie Countys financial future is looking bright.   ",
        "tweets.hashtags":"[]",
        "tweets.user_mentions":"[]",
        "tweets.urls":"['http:\/\/bit.ly\/1iQcRCx']",
        "tweets.user_name":"WKBW",
        "tweets.followers_count":76839,
        "topics.title":"Ziegler Closes $44.49 Million Fox Run at Orchard Park Financing"
    },
    {
        "topic":"be8e1b0d-6512-495d-8b55-40b0320a513e",
        "tweetID":644500164305031168,
        "relevancy":1,
        "tweets.created_at":"2015-09-17T13:16:28.000Z",
        "tweets.full_text":"At 10:30 I will be introducing to the community our Poverty Committee of local leaders who will help us combat poverty in Erie County..  ",
        "tweets.hashtags":"[]",
        "tweets.user_mentions":"[]",
        "tweets.urls":"[]",
        "tweets.user_name":"markpoloncarz",
        "tweets.followers_count":41994,
        "topics.title":"Ziegler Closes $44.49 Million Fox Run at Orchard Park Financing"
    },
    {
        "topic":"be8e1b0d-6512-495d-8b55-40b0320a513e",
        "tweetID":646804518504693762,
        "relevancy":1,
        "tweets.created_at":"2015-09-23T21:53:08.000Z",
        "tweets.full_text":"The latest waterfront project in Buffalo is underway.    ",
        "tweets.hashtags":"[]",
        "tweets.user_mentions":"[]",
        "tweets.urls":"['http:\/\/on.wgrz.com\/1Lx7vY7']",
        "tweets.user_name":"WGRZ",
        "tweets.followers_count":192859,
        "topics.title":"Ziegler Closes $44.49 Million Fox Run at Orchard Park Financing"
    },
    {
        "topic":"be8e1b0d-6512-495d-8b55-40b0320a513e",
        "tweetID":647813918123884544,
        "relevancy":1,
        "tweets.created_at":"2015-09-26T16:44:08.000Z",
        "tweets.full_text":"Batman Day 9\/26 at Buffalo &amp; Erie County Central Library   ",
        "tweets.hashtags":"[]",
        "tweets.user_mentions":"['jhickeyBN']",
        "tweets.urls":"[]",
        "tweets.user_name":"TheBuffaloNews",
        "tweets.followers_count":167799,
        "topics.title":"Ziegler Closes $44.49 Million Fox Run at Orchard Park Financing"
    }
]