[
    {
        "topic":"e900a0d0-d2bd-4119-9f90-b37e19d21abe",
        "tweetID":639265154115350528,
        "relevancy":1,
        "tweets.created_at":"2015-03-09T02:34:24.000Z",
        "tweets.full_text":" quality not quantity.  ",
        "tweets.hashtags":"[]",
        "tweets.user_mentions":"['zippydazipster']",
        "tweets.urls":"[]",
        "tweets.user_name":"bencubby",
        "tweets.followers_count":31451,
        "topics.title":"Chevo Lands SEC Business Management Office (BMO) Support Services Prime Contract"
    },
    {
        "topic":"e900a0d0-d2bd-4119-9f90-b37e19d21abe",
        "tweetID":640453887116333056,
        "relevancy":1,
        "tweets.created_at":"2015-06-09T09:18:00.000Z",
        "tweets.full_text":"Business process management is the roadmap to the destination of a successful ERP implementation.    ",
        "tweets.hashtags":"[]",
        "tweets.user_mentions":"['SYSPRO']",
        "tweets.urls":"['http:\/\/hubs.ly\/H016SFv0']",
        "tweets.user_name":"na_sibanibani",
        "tweets.followers_count":4517,
        "topics.title":"Chevo Lands SEC Business Management Office (BMO) Support Services Prime Contract"
    },
    {
        "topic":"e900a0d0-d2bd-4119-9f90-b37e19d21abe",
        "tweetID":642359172105900037,
        "relevancy":1,
        "tweets.created_at":"2015-11-09T15:28:55.000Z",
        "tweets.full_text":"Weve awarded a new agreement to help save \u00a34.8m on office management services with smarter purchasing:  #SmarterState.  ",
        "tweets.hashtags":"['SmarterState']",
        "tweets.user_mentions":"[]",
        "tweets.urls":"['http:\/\/ow.ly\/S5TT3']",
        "tweets.user_name":"cabinetofficeuk",
        "tweets.followers_count":414156,
        "topics.title":"Chevo Lands SEC Business Management Office (BMO) Support Services Prime Contract"
    },
    {
        "topic":"e900a0d0-d2bd-4119-9f90-b37e19d21abe",
        "tweetID":644513705506566145,
        "relevancy":1,
        "tweets.created_at":"2015-09-17T14:10:16.000Z",
        "tweets.full_text":"Management Accountant &amp; Assistant Management Accountant.   ",
        "tweets.hashtags":"['LSTM']",
        "tweets.user_mentions":"['LSTMnews']",
        "tweets.urls":"['http:\/\/bit.ly\/1FP8RaB']",
        "tweets.user_name":"DiderikintheUK",
        "tweets.followers_count":934,
        "topics.title":"Chevo Lands SEC Business Management Office (BMO) Support Services Prime Contract"
    },
    {
        "topic":"e900a0d0-d2bd-4119-9f90-b37e19d21abe",
        "tweetID":645858776688537600,
        "relevancy":1,
        "tweets.created_at":"2015-09-21T07:15:06.000Z",
        "tweets.full_text":"Sec. Lacierda: This affirms the effectiveness of the Aquino administration\u2019s prudent management and reform efforts.   ",
        "tweets.hashtags":"[]",
        "tweets.user_mentions":"[]",
        "tweets.urls":"['http:\/\/www.gov.ph\/2015\/09\/19\/statement-presidential-spokesperson-on-the-week-of-september-14-18-2015-2']",
        "tweets.user_name":"govph",
        "tweets.followers_count":1331574,
        "topics.title":"Chevo Lands SEC Business Management Office (BMO) Support Services Prime Contract"
    },
    {
        "topic":"e900a0d0-d2bd-4119-9f90-b37e19d21abe",
        "tweetID":646254849915531264,
        "relevancy":1,
        "tweets.created_at":"2015-09-22T09:28:57.000Z",
        "tweets.full_text":"Congratulations to Cass student Ree Chen: winner of the 2014\/15 NMG Consulting Actuarial Risk Management Prizes.   ",
        "tweets.hashtags":"[]",
        "tweets.user_mentions":"[]",
        "tweets.urls":"[]",
        "tweets.user_name":"cassbusiness",
        "tweets.followers_count":22950,
        "topics.title":"Chevo Lands SEC Business Management Office (BMO) Support Services Prime Contract"
    },
    {
        "topic":"e900a0d0-d2bd-4119-9f90-b37e19d21abe",
        "tweetID":646395781906345984,
        "relevancy":1,
        "tweets.created_at":"2015-09-22T18:48:58.000Z",
        "tweets.full_text":" again, bad management.  ",
        "tweets.hashtags":"[]",
        "tweets.user_mentions":"['mashiyanef']",
        "tweets.urls":"[]",
        "tweets.user_name":"PikkieGreeff",
        "tweets.followers_count":10438,
        "topics.title":"Chevo Lands SEC Business Management Office (BMO) Support Services Prime Contract"
    },
    {
        "topic":"e900a0d0-d2bd-4119-9f90-b37e19d21abe",
        "tweetID":646580462941569024,
        "relevancy":1,
        "tweets.created_at":"2015-09-23T07:02:49.000Z",
        "tweets.full_text":"Enough regulation Nope! SEC Proposes Liquidity Management Rules For Mutual Funds And ETFs    ",
        "tweets.hashtags":"[]",
        "tweets.user_mentions":"[]",
        "tweets.urls":"['http:\/\/goo.gl\/5gzlkq']",
        "tweets.user_name":"etphq",
        "tweets.followers_count":309,
        "topics.title":"Chevo Lands SEC Business Management Office (BMO) Support Services Prime Contract"
    },
    {
        "topic":"e900a0d0-d2bd-4119-9f90-b37e19d21abe",
        "tweetID":646643653558054912,
        "relevancy":1,
        "tweets.created_at":"2015-09-23T11:13:55.000Z",
        "tweets.full_text":" And water management!.  ",
        "tweets.hashtags":"[]",
        "tweets.user_mentions":"['domphillips']",
        "tweets.urls":"[]",
        "tweets.user_name":"adowniebrazil",
        "tweets.followers_count":14845,
        "topics.title":"Chevo Lands SEC Business Management Office (BMO) Support Services Prime Contract"
    },
    {
        "topic":"e900a0d0-d2bd-4119-9f90-b37e19d21abe",
        "tweetID":646865786351538176,
        "relevancy":1,
        "tweets.created_at":"2015-09-24T01:56:36.000Z",
        "tweets.full_text":"  viral rights-management is a part of our business and healthy competition in the market is good for all..  ",
        "tweets.hashtags":"[]",
        "tweets.user_mentions":"['myurow', 'MikeIsaac']",
        "tweets.urls":"[]",
        "tweets.user_name":"DavidClinchNews",
        "tweets.followers_count":28768,
        "topics.title":"Chevo Lands SEC Business Management Office (BMO) Support Services Prime Contract"
    },
    {
        "topic":"e900a0d0-d2bd-4119-9f90-b37e19d21abe",
        "tweetID":647006349776162818,
        "relevancy":1,
        "tweets.created_at":"2015-09-24T11:15:09.000Z",
        "tweets.full_text":"FDD Training Women of RCZ Garden Congregation in entrepreneurship and Financial\u00a0Management    ",
        "tweets.hashtags":"[]",
        "tweets.user_mentions":"[]",
        "tweets.urls":"['https:\/\/www.lusakatimes.com\/2015\/09\/24\/fdd-training-women-of-rcz-garden-congregation-in-entrepreneurship-and-financial-management\/']",
        "tweets.user_name":"lusakatimes",
        "tweets.followers_count":86519,
        "topics.title":"Chevo Lands SEC Business Management Office (BMO) Support Services Prime Contract"
    },
    {
        "topic":"e900a0d0-d2bd-4119-9f90-b37e19d21abe",
        "tweetID":648364593442480128,
        "relevancy":2,
        "tweets.created_at":"2015-09-28T05:12:19.000Z",
        "tweets.full_text":"After all, its quality over quantity..  ",
        "tweets.hashtags":"[]",
        "tweets.user_mentions":"[]",
        "tweets.urls":"[]",
        "tweets.user_name":"dearscarjames",
        "tweets.followers_count":97892,
        "topics.title":"Chevo Lands SEC Business Management Office (BMO) Support Services Prime Contract"
    },
    {
        "topic":"e900a0d0-d2bd-4119-9f90-b37e19d21abe",
        "tweetID":649199018065690624,
        "relevancy":1,
        "tweets.created_at":"2015-09-30T12:28:02.000Z",
        "tweets.full_text":"#SAPSpromotions among the criticisms of the police is a lack of leadership and proper management. Will this address concerns BB.  ",
        "tweets.hashtags":"['SAPSpromotions']",
        "tweets.user_mentions":"[]",
        "tweets.urls":"[]",
        "tweets.user_name":"ewnreporter",
        "tweets.followers_count":707309,
        "topics.title":"Chevo Lands SEC Business Management Office (BMO) Support Services Prime Contract"
    }
]