[
    {
        "topic":"43fcbb87-a47a-45fa-a306-a83324ac9bc9",
        "tweetID":640392415136780288,
        "relevancy":2,
        "tweets.created_at":"2015-06-09T05:13:44.000Z",
        "tweets.full_text":"China says missing Panchen Lama is living a normal life   ",
        "tweets.hashtags":"[]",
        "tweets.user_mentions":"['ReutersWorld']",
        "tweets.urls":"['http:\/\/reut.rs\/1PTRg6C']",
        "tweets.user_name":"PCIJdotOrg",
        "tweets.followers_count":129939,
        "topics.title":"China claims Panchen Lama 'living a normal life', 20 years after disappearance"
    },
    {
        "topic":"43fcbb87-a47a-45fa-a306-a83324ac9bc9",
        "tweetID":640399924778045440,
        "relevancy":2,
        "tweets.created_at":"2015-06-09T05:43:34.000Z",
        "tweets.full_text":"China says missing Panchen Lama is living a normal life and does not want to be disturbed    ",
        "tweets.hashtags":"[]",
        "tweets.user_mentions":"[]",
        "tweets.urls":"['http:\/\/tdy.sg\/1QhqVQH']",
        "tweets.user_name":"TODAYonline",
        "tweets.followers_count":681260,
        "topics.title":"China claims Panchen Lama 'living a normal life', 20 years after disappearance"
    },
    {
        "topic":"43fcbb87-a47a-45fa-a306-a83324ac9bc9",
        "tweetID":640428396183429120,
        "relevancy":2,
        "tweets.created_at":"2015-06-09T07:36:42.000Z",
        "tweets.full_text":"China says Panchen Lama living a normal life 20 years after disappearance   ",
        "tweets.hashtags":"[]",
        "tweets.user_mentions":"[]",
        "tweets.urls":"['http:\/\/trib.al\/kDX00dK']",
        "tweets.user_name":"GuardianAus",
        "tweets.followers_count":282255,
        "topics.title":"China claims Panchen Lama 'living a normal life', 20 years after disappearance"
    },
    {
        "topic":"43fcbb87-a47a-45fa-a306-a83324ac9bc9",
        "tweetID":640428860153004032,
        "relevancy":2,
        "tweets.created_at":"2015-06-09T07:38:33.000Z",
        "tweets.full_text":"China says Panchen Lama living a normal life 20 years after disappearance   ",
        "tweets.hashtags":"[]",
        "tweets.user_mentions":"[]",
        "tweets.urls":"['http:\/\/d.gu.com\/C4JG0g']",
        "tweets.user_name":"guardianworld",
        "tweets.followers_count":479966,
        "topics.title":"China claims Panchen Lama 'living a normal life', 20 years after disappearance"
    },
    {
        "topic":"43fcbb87-a47a-45fa-a306-a83324ac9bc9",
        "tweetID":640434421326151680,
        "relevancy":2,
        "tweets.created_at":"2015-06-09T08:00:39.000Z",
        "tweets.full_text":"The reincarnated child Panchen Lama you mentioned ... does not wish to be disturbed.   ",
        "tweets.hashtags":"[]",
        "tweets.user_mentions":"[]",
        "tweets.urls":"['https:\/\/twitter.com\/suilee\/status\/640415593837948928']",
        "tweets.user_name":"yennikwok",
        "tweets.followers_count":14999,
        "topics.title":"China claims Panchen Lama 'living a normal life', 20 years after disappearance"
    },
    {
        "topic":"43fcbb87-a47a-45fa-a306-a83324ac9bc9",
        "tweetID":640434566629617664,
        "relevancy":2,
        "tweets.created_at":"2015-06-09T08:01:14.000Z",
        "tweets.full_text":"China says Panchen Lama living a normal life 20 years after disappearance   ",
        "tweets.hashtags":"[]",
        "tweets.user_mentions":"[]",
        "tweets.urls":"['http:\/\/trib.al\/xsRNdHP']",
        "tweets.user_name":"GuardianUS",
        "tweets.followers_count":205732,
        "topics.title":"China claims Panchen Lama 'living a normal life', 20 years after disappearance"
    },
    {
        "topic":"43fcbb87-a47a-45fa-a306-a83324ac9bc9",
        "tweetID":640458981538828288,
        "relevancy":2,
        "tweets.created_at":"2015-06-09T09:38:15.000Z",
        "tweets.full_text":"Tibetan authorities: Identification of the Panchen Lama chosen by the #DalaiLama 20 yrs ago, is illegal, invalid; he now lives normal life.  ",
        "tweets.hashtags":"['DalaiLama']",
        "tweets.user_mentions":"[]",
        "tweets.urls":"[]",
        "tweets.user_name":"CGTNOfficial",
        "tweets.followers_count":13679449,
        "topics.title":"China claims Panchen Lama 'living a normal life', 20 years after disappearance"
    },
    {
        "topic":"43fcbb87-a47a-45fa-a306-a83324ac9bc9",
        "tweetID":640495115513950208,
        "relevancy":2,
        "tweets.created_at":"2015-06-09T12:01:50.000Z",
        "tweets.full_text":"Inside #China ~&gt; China says Panchen Lama is living a normal life 20 years after disappearance in Tibet   ",
        "tweets.hashtags":"['China']",
        "tweets.user_mentions":"[]",
        "tweets.urls":"['http:\/\/dlvr.it\/C4PBNK']",
        "tweets.user_name":"AsiaPacNews",
        "tweets.followers_count":7866,
        "topics.title":"China claims Panchen Lama 'living a normal life', 20 years after disappearance"
    },
    {
        "topic":"43fcbb87-a47a-45fa-a306-a83324ac9bc9",
        "tweetID":640532413593059328,
        "relevancy":2,
        "tweets.created_at":"2015-06-09T14:30:02.000Z",
        "tweets.full_text":"China says missing Tibetan, who vanished 2 decades ago, is living a normal life.    ",
        "tweets.hashtags":"[]",
        "tweets.user_mentions":"[]",
        "tweets.urls":"['http:\/\/yhoo.it\/1Lch3Dn']",
        "tweets.user_name":"YahooSG",
        "tweets.followers_count":328875,
        "topics.title":"China claims Panchen Lama 'living a normal life', 20 years after disappearance"
    },
    {
        "topic":"43fcbb87-a47a-45fa-a306-a83324ac9bc9",
        "tweetID":640532414394200064,
        "relevancy":2,
        "tweets.created_at":"2015-06-09T14:30:02.000Z",
        "tweets.full_text":"China says missing Tibetan, who vanished 2 decades ago, is living a normal life.    ",
        "tweets.hashtags":"[]",
        "tweets.user_mentions":"[]",
        "tweets.urls":"['http:\/\/yhoo.it\/1Lch1eE']",
        "tweets.user_name":"Yahoo_MY",
        "tweets.followers_count":87070,
        "topics.title":"China claims Panchen Lama 'living a normal life', 20 years after disappearance"
    },
    {
        "topic":"43fcbb87-a47a-45fa-a306-a83324ac9bc9",
        "tweetID":640653560334577664,
        "relevancy":2,
        "tweets.created_at":"2015-06-09T22:31:26.000Z",
        "tweets.full_text":"China says Panchen Lama is living a normal life 20 years after disappearance in Tibet    ",
        "tweets.hashtags":"[]",
        "tweets.user_mentions":"['george_chen']",
        "tweets.urls":"['http:\/\/www.scmp.com\/news\/china\/society\/article\/1855753\/china-says-panchen-lama-living-normal-life-20-years-after']",
        "tweets.user_name":"wanyanhai",
        "tweets.followers_count":21949,
        "topics.title":"China claims Panchen Lama 'living a normal life', 20 years after disappearance"
    },
    {
        "topic":"43fcbb87-a47a-45fa-a306-a83324ac9bc9",
        "tweetID":640706076845871107,
        "relevancy":2,
        "tweets.created_at":"2015-07-09T02:00:07.000Z",
        "tweets.full_text":"Missing Panchen Lama living `normal life: China   ",
        "tweets.hashtags":"[]",
        "tweets.user_mentions":"[]",
        "tweets.urls":"['http:\/\/timesofindia.indiatimes.com\/world\/china\/Missing-Panchen-Lama-living-normal-life-China\/articleshow\/48850768.cms?utm_source=twitter.com&utm_medium=referral&utm_campaign=TOIWorldNews']",
        "tweets.user_name":"TOIWorld",
        "tweets.followers_count":68762,
        "topics.title":"China claims Panchen Lama 'living a normal life', 20 years after disappearance"
    },
    {
        "topic":"43fcbb87-a47a-45fa-a306-a83324ac9bc9",
        "tweetID":640713163961421824,
        "relevancy":2,
        "tweets.created_at":"2015-07-09T02:28:16.000Z",
        "tweets.full_text":"China says Panchen Lama living a normal life 20 years after disappearance   ",
        "tweets.hashtags":"[]",
        "tweets.user_mentions":"['jwassers']",
        "tweets.urls":"['http:\/\/gu.com\/p\/4c6vj\/stw']",
        "tweets.user_name":"ChinaFile",
        "tweets.followers_count":74826,
        "topics.title":"China claims Panchen Lama 'living a normal life', 20 years after disappearance"
    },
    {
        "topic":"43fcbb87-a47a-45fa-a306-a83324ac9bc9",
        "tweetID":640782608008380416,
        "relevancy":2,
        "tweets.created_at":"2015-07-09T07:04:13.000Z",
        "tweets.full_text":"Chinese official says missing Panchen Lama living a normal life and does not wish to be...   ",
        "tweets.hashtags":"[]",
        "tweets.user_mentions":"[]",
        "tweets.urls":"['http:\/\/fb.me\/38nA4Dsxb']",
        "tweets.user_name":"shanghaiist",
        "tweets.followers_count":239695,
        "topics.title":"China claims Panchen Lama 'living a normal life', 20 years after disappearance"
    },
    {
        "topic":"43fcbb87-a47a-45fa-a306-a83324ac9bc9",
        "tweetID":640809918304391169,
        "relevancy":2,
        "tweets.created_at":"2015-07-09T08:52:44.000Z",
        "tweets.full_text":"Chinese official says missing Panchen Lama living a normal life and does not wish to be disturbed   ",
        "tweets.hashtags":"[]",
        "tweets.user_mentions":"[]",
        "tweets.urls":"['http:\/\/shst.me\/bzz']",
        "tweets.user_name":"shanghaiist",
        "tweets.followers_count":239695,
        "topics.title":"China claims Panchen Lama 'living a normal life', 20 years after disappearance"
    },
    {
        "topic":"43fcbb87-a47a-45fa-a306-a83324ac9bc9",
        "tweetID":643485466256384000,
        "relevancy":2,
        "tweets.created_at":"2015-09-14T18:04:25.000Z",
        "tweets.full_text":"Dalai Lama calls for more research into 20-year disappearance of Panchen Lama    ",
        "tweets.hashtags":"[]",
        "tweets.user_mentions":"[]",
        "tweets.urls":"['http:\/\/ebx.sh\/1MmU2n6']",
        "tweets.user_name":"eNCA",
        "tweets.followers_count":2621787,
        "topics.title":"China claims Panchen Lama 'living a normal life', 20 years after disappearance"
    },
    {
        "topic":"43fcbb87-a47a-45fa-a306-a83324ac9bc9",
        "tweetID":643500604128686081,
        "relevancy":2,
        "tweets.created_at":"2015-09-14T19:04:34.000Z",
        "tweets.full_text":"Dalai Lama calls for more research into 20-year disappearance of Panchen Lama | Reuters   ",
        "tweets.hashtags":"[]",
        "tweets.user_mentions":"[]",
        "tweets.urls":"['http:\/\/dlvr.it\/C8bJ09']",
        "tweets.user_name":"firstpost",
        "tweets.followers_count":2092006,
        "topics.title":"China claims Panchen Lama 'living a normal life', 20 years after disappearance"
    },
    {
        "topic":"43fcbb87-a47a-45fa-a306-a83324ac9bc9",
        "tweetID":643604187067097088,
        "relevancy":2,
        "tweets.created_at":"2015-09-15T01:56:10.000Z",
        "tweets.full_text":"Dalai Lama Calls for More Research Into 20-Year Disappearance of Panchen Lama   ",
        "tweets.hashtags":"[]",
        "tweets.user_mentions":"[]",
        "tweets.urls":"['http:\/\/jglo.be\/iPcy']",
        "tweets.user_name":"thejakartaglobe",
        "tweets.followers_count":531330,
        "topics.title":"China claims Panchen Lama 'living a normal life', 20 years after disappearance"
    },
    {
        "topic":"43fcbb87-a47a-45fa-a306-a83324ac9bc9",
        "tweetID":643708000574705664,
        "relevancy":2,
        "tweets.created_at":"2015-09-15T08:48:41.000Z",
        "tweets.full_text":"Dalai Lama says his friends have told him that the Panchen Lama, who disappeared 20 yrs ago, has a family.   ",
        "tweets.hashtags":"[]",
        "tweets.user_mentions":"[]",
        "tweets.urls":"['http:\/\/reut.rs\/1MndsbE']",
        "tweets.user_name":"suilee",
        "tweets.followers_count":89382,
        "topics.title":"China claims Panchen Lama 'living a normal life', 20 years after disappearance"
    },
    {
        "topic":"43fcbb87-a47a-45fa-a306-a83324ac9bc9",
        "tweetID":643708114865287168,
        "relevancy":2,
        "tweets.created_at":"2015-09-15T08:49:08.000Z",
        "tweets.full_text":"Dalai Lama says his friends have told him that the Panchen Lama, who disappeared 20 yrs ago, has a family.   ",
        "tweets.hashtags":"[]",
        "tweets.user_mentions":"['suilee']",
        "tweets.urls":"[]",
        "tweets.user_name":"StephenMcDonell",
        "tweets.followers_count":71247,
        "topics.title":"China claims Panchen Lama 'living a normal life', 20 years after disappearance"
    },
    {
        "topic":"43fcbb87-a47a-45fa-a306-a83324ac9bc9",
        "tweetID":645192703379140608,
        "relevancy":1,
        "tweets.created_at":"2015-09-19T11:08:22.000Z",
        "tweets.full_text":"At The O2 with  for HH Dalai Lamas talk   ",
        "tweets.hashtags":"[]",
        "tweets.user_mentions":"['thekarmachoden']",
        "tweets.urls":"[]",
        "tweets.user_name":"DorjiWangchuk",
        "tweets.followers_count":2915,
        "topics.title":"China claims Panchen Lama 'living a normal life', 20 years after disappearance"
    }
]