{
    "topic":"3a87affa-bcb1-46ad-a999-4a1e03869477",
    "topics.content":"Two confirmed bachelors were sitting and talking. Their conversation drifted from politics to cooking. I got a cookbook once, said the first, but I could never do anything with it.      Too much fancy cooking in it, eh asked the second.      You said it. Every one of the recipes began the same way - Take a clean dish and....  ",
    "topics.title":"Fancy Cooking",
    "topics.media-type":"News",
    "topics.source":"Punchline",
    "topics.published":"2015-09-23T08:10:21.000Z",
    "topic_tweets":21,
    "tweets.created_at_initial":"2015-01-09 21:55:02",
    "tweets.created_at_final":"2015-12-09 21:16:40",
    "tweets.time_interval":333.0
}