[
    {
        "topic":"3a87affa-bcb1-46ad-a999-4a1e03869477",
        "tweetID":638832463322591233,
        "relevancy":2,
        "tweets.created_at":"2015-01-09T21:55:02.000Z",
        "tweets.full_text":"  ",
        "tweets.hashtags":"[]",
        "tweets.user_mentions":"['nytfood']",
        "tweets.urls":"['http:\/\/nyti.ms\/1JKGomR']",
        "tweets.user_name":"nytimes",
        "tweets.followers_count":49133917,
        "topics.title":"Fancy Cooking"
    },
    {
        "topic":"3a87affa-bcb1-46ad-a999-4a1e03869477",
        "tweetID":639260195747528704,
        "relevancy":1,
        "tweets.created_at":"2015-03-09T02:14:42.000Z",
        "tweets.full_text":"I  Cooking for  ones.  ",
        "tweets.hashtags":"[]",
        "tweets.user_mentions":"[]",
        "tweets.urls":"[]",
        "tweets.user_name":"rocsidiaz",
        "tweets.followers_count":981556,
        "topics.title":"Fancy Cooking"
    },
    {
        "topic":"3a87affa-bcb1-46ad-a999-4a1e03869477",
        "tweetID":639269109230911488,
        "relevancy":2,
        "tweets.created_at":"2015-03-09T02:50:07.000Z",
        "tweets.full_text":"Cooking the Books: Sugar and warming spices make everything nice in new cookbook    #life   ",
        "tweets.hashtags":"['life']",
        "tweets.user_mentions":"[]",
        "tweets.urls":"['http:\/\/ow.ly\/RINQ3']",
        "tweets.user_name":"TheWindsorStar",
        "tweets.followers_count":133807,
        "topics.title":"Fancy Cooking"
    },
    {
        "topic":"3a87affa-bcb1-46ad-a999-4a1e03869477",
        "tweetID":639551397952819200,
        "relevancy":1,
        "tweets.created_at":"2015-03-09T21:31:50.000Z",
        "tweets.full_text":"Are you doing any weekend cooking or need a potluck dish for Labor Day  Try one of my super delicious clean...   ",
        "tweets.hashtags":"[]",
        "tweets.user_mentions":"[]",
        "tweets.urls":"['http:\/\/fb.me\/3R4NH6q1f']",
        "tweets.user_name":"juliewunder",
        "tweets.followers_count":8191,
        "topics.title":"Fancy Cooking"
    },
    {
        "topic":"3a87affa-bcb1-46ad-a999-4a1e03869477",
        "tweetID":639669748653928448,
        "relevancy":1,
        "tweets.created_at":"2015-04-09T05:22:07.000Z",
        "tweets.full_text":"PM to a kid who won cooking contest: how come you got interest in cooking what is your favourite dish   ",
        "tweets.hashtags":"[]",
        "tweets.user_mentions":"[]",
        "tweets.urls":"[]",
        "tweets.user_name":"ANI",
        "tweets.followers_count":5153609,
        "topics.title":"Fancy Cooking"
    },
    {
        "topic":"3a87affa-bcb1-46ad-a999-4a1e03869477",
        "tweetID":639943528131334144,
        "relevancy":2,
        "tweets.created_at":"2015-04-09T23:30:01.000Z",
        "tweets.full_text":"What\u2019s your favorite game day recipe Be a part of our annual Game Day Favorites Cookbook and submit your recipes to .  ",
        "tweets.hashtags":"[]",
        "tweets.user_mentions":"[]",
        "tweets.urls":"[]",
        "tweets.user_name":"TribLIVE",
        "tweets.followers_count":89742,
        "topics.title":"Fancy Cooking"
    },
    {
        "topic":"3a87affa-bcb1-46ad-a999-4a1e03869477",
        "tweetID":642746470790221825,
        "relevancy":1,
        "tweets.created_at":"2015-12-09T17:07:54.000Z",
        "tweets.full_text":"I know the difference between cooking\u201d and house fire.\u201d I wish my smoke alarm did, too..  ",
        "tweets.hashtags":"[]",
        "tweets.user_mentions":"[]",
        "tweets.urls":"[]",
        "tweets.user_name":"kwatt",
        "tweets.followers_count":3552,
        "topics.title":"Fancy Cooking"
    },
    {
        "topic":"3a87affa-bcb1-46ad-a999-4a1e03869477",
        "tweetID":642809072971042816,
        "relevancy":1,
        "tweets.created_at":"2015-12-09T21:16:40.000Z",
        "tweets.full_text":"I LIKE COOKING.  ",
        "tweets.hashtags":"[]",
        "tweets.user_mentions":"[]",
        "tweets.urls":"[]",
        "tweets.user_name":"samimain",
        "tweets.followers_count":6532,
        "topics.title":"Fancy Cooking"
    },
    {
        "topic":"3a87affa-bcb1-46ad-a999-4a1e03869477",
        "tweetID":642955309674135552,
        "relevancy":2,
        "tweets.created_at":"2015-09-13T06:57:46.000Z",
        "tweets.full_text":"Finally a non working Sunday!! Cooking frm Zarine Khans cookbook.. Really great recipes.. N some ingredients arent banned as yet!.  ",
        "tweets.hashtags":"[]",
        "tweets.user_mentions":"[]",
        "tweets.urls":"[]",
        "tweets.user_name":"TheFarahKhan",
        "tweets.followers_count":6959807,
        "topics.title":"Fancy Cooking"
    },
    {
        "topic":"3a87affa-bcb1-46ad-a999-4a1e03869477",
        "tweetID":643244711151554560,
        "relevancy":1,
        "tweets.created_at":"2015-09-14T02:07:44.000Z",
        "tweets.full_text":"Cooking up breakfast   ",
        "tweets.hashtags":"[]",
        "tweets.user_mentions":"[]",
        "tweets.urls":"[]",
        "tweets.user_name":"REALCAPPADONNA",
        "tweets.followers_count":81917,
        "topics.title":"Fancy Cooking"
    },
    {
        "topic":"3a87affa-bcb1-46ad-a999-4a1e03869477",
        "tweetID":643422085897957376,
        "relevancy":1,
        "tweets.created_at":"2015-09-14T13:52:34.000Z",
        "tweets.full_text":"Never leave a pan unattended whilst cooking. It only takes a second to cause an accident..  ",
        "tweets.hashtags":"[]",
        "tweets.user_mentions":"[]",
        "tweets.urls":"[]",
        "tweets.user_name":"CDDFRS",
        "tweets.followers_count":11650,
        "topics.title":"Fancy Cooking"
    },
    {
        "topic":"3a87affa-bcb1-46ad-a999-4a1e03869477",
        "tweetID":643927725523144705,
        "relevancy":2,
        "tweets.created_at":"2015-09-15T23:21:48.000Z",
        "tweets.full_text":"I must bring a beef roast to someone tonight. I lack the wisdom of those with Jewish moms. cooking it like my Appalachian ppl do 4 squirrels.  ",
        "tweets.hashtags":"[]",
        "tweets.user_mentions":"[]",
        "tweets.urls":"[]",
        "tweets.user_name":"xeni",
        "tweets.followers_count":154837,
        "topics.title":"Fancy Cooking"
    },
    {
        "topic":"3a87affa-bcb1-46ad-a999-4a1e03869477",
        "tweetID":643973849122390016,
        "relevancy":1,
        "tweets.created_at":"2015-09-16T02:25:04.000Z",
        "tweets.full_text":" I smell what youre cooking. And I dig it..  ",
        "tweets.hashtags":"[]",
        "tweets.user_mentions":"['ZLow4sho']",
        "tweets.urls":"[]",
        "tweets.user_name":"TJFixman",
        "tweets.followers_count":5112,
        "topics.title":"Fancy Cooking"
    },
    {
        "topic":"3a87affa-bcb1-46ad-a999-4a1e03869477",
        "tweetID":644254440422117377,
        "relevancy":1,
        "tweets.created_at":"2015-09-16T21:00:02.000Z",
        "tweets.full_text":"In which  answers two cooking questions I wondered about but never asked:   ",
        "tweets.hashtags":"[]",
        "tweets.user_mentions":"['SamSifton']",
        "tweets.urls":"['http:\/\/nyti.ms\/1Khu2Us']",
        "tweets.user_name":"alanblinder",
        "tweets.followers_count":19252,
        "topics.title":"Fancy Cooking"
    },
    {
        "topic":"3a87affa-bcb1-46ad-a999-4a1e03869477",
        "tweetID":645315576223563776,
        "relevancy":1,
        "tweets.created_at":"2015-09-19T19:16:37.000Z",
        "tweets.full_text":"Whats cooking.  ",
        "tweets.hashtags":"[]",
        "tweets.user_mentions":"[]",
        "tweets.urls":"[]",
        "tweets.user_name":"dyingregime",
        "tweets.followers_count":16529,
        "topics.title":"Fancy Cooking"
    },
    {
        "topic":"3a87affa-bcb1-46ad-a999-4a1e03869477",
        "tweetID":645598110148902912,
        "relevancy":2,
        "tweets.created_at":"2015-09-20T13:59:18.000Z",
        "tweets.full_text":"on food blogs and cooking sites, seeing but the effort is worth it means I close the page.  ",
        "tweets.hashtags":"[]",
        "tweets.user_mentions":"[]",
        "tweets.urls":"[]",
        "tweets.user_name":"smallbobbins",
        "tweets.followers_count":540,
        "topics.title":"Fancy Cooking"
    },
    {
        "topic":"3a87affa-bcb1-46ad-a999-4a1e03869477",
        "tweetID":645900081430794240,
        "relevancy":2,
        "tweets.created_at":"2015-09-21T09:59:14.000Z",
        "tweets.full_text":"Zarine Khan and her new cookbook \u2014 cooking secrets, family and more.    ",
        "tweets.hashtags":"[]",
        "tweets.user_mentions":"['THMetroPlus']",
        "tweets.urls":"['http:\/\/thne.ws\/1Wd2Spl']",
        "tweets.user_name":"the_hindu",
        "tweets.followers_count":6618556,
        "topics.title":"Fancy Cooking"
    },
    {
        "topic":"3a87affa-bcb1-46ad-a999-4a1e03869477",
        "tweetID":646941319609364480,
        "relevancy":2,
        "tweets.created_at":"2015-09-24T06:56:44.000Z",
        "tweets.full_text":"  which recipe you cooking up next.  ",
        "tweets.hashtags":"[]",
        "tweets.user_mentions":"[]",
        "tweets.urls":"[]",
        "tweets.user_name":"jamieoliver",
        "tweets.followers_count":6525980,
        "topics.title":"Fancy Cooking"
    },
    {
        "topic":"3a87affa-bcb1-46ad-a999-4a1e03869477",
        "tweetID":648340049893851136,
        "relevancy":1,
        "tweets.created_at":"2015-09-28T03:34:48.000Z",
        "tweets.full_text":" no recipe.  Her cooking is all in her mind..  ",
        "tweets.hashtags":"[]",
        "tweets.user_mentions":"['fess99']",
        "tweets.urls":"[]",
        "tweets.user_name":"staceybrotzel",
        "tweets.followers_count":17215,
        "topics.title":"Fancy Cooking"
    },
    {
        "topic":"3a87affa-bcb1-46ad-a999-4a1e03869477",
        "tweetID":648352019984453632,
        "relevancy":1,
        "tweets.created_at":"2015-09-28T04:22:22.000Z",
        "tweets.full_text":"    then how do you diss it before you watch it the way I see it, the cooking is only incidental +.  ",
        "tweets.hashtags":"[]",
        "tweets.user_mentions":"['twyodor', 'surajmenon', 'gauravsabnis', 'krtgrphr']",
        "tweets.urls":"[]",
        "tweets.user_name":"TheRestlessQuil",
        "tweets.followers_count":42830,
        "topics.title":"Fancy Cooking"
    },
    {
        "topic":"3a87affa-bcb1-46ad-a999-4a1e03869477",
        "tweetID":648520801763917824,
        "relevancy":1,
        "tweets.created_at":"2015-09-28T15:33:02.000Z",
        "tweets.full_text":"   ",
        "tweets.hashtags":"[]",
        "tweets.user_mentions":"['MirrorMoney']",
        "tweets.urls":"['http:\/\/www.mirror.co.uk\/money\/free-10-pizza-hut-delivery-6515953']",
        "tweets.user_name":"DailyMirror",
        "tweets.followers_count":1235556,
        "topics.title":"Fancy Cooking"
    }
]