[
    {
        "topic":"ea0a2276-afdb-4cd0-bdff-a02df7eec11c",
        "tweetID":639231927686447104,
        "relevancy":1,
        "tweets.created_at":"2015-03-09T00:22:22.000Z",
        "tweets.full_text":"The U.S. hoped indicting 5 Chinese hackers would deter Beijing\u2019s cyberwarriors. It hasn\u2019t worked.  reports   ",
        "tweets.hashtags":"[]",
        "tweets.user_mentions":"['EliasGroll']",
        "tweets.urls":"['http:\/\/atfp.co\/1FkiLR8']",
        "tweets.user_name":"ForeignPolicy",
        "tweets.followers_count":1158999,
        "topics.title":"50 spies say ISIS intelligence report by US cooked up: Report"
    },
    {
        "topic":"ea0a2276-afdb-4cd0-bdff-a02df7eec11c",
        "tweetID":641781700306038788,
        "relevancy":2,
        "tweets.created_at":"2015-10-09T01:14:15.000Z",
        "tweets.full_text":"I mean thats *50* intelligence analysts saying higher-ups cooked the books on the Islamic State. That would be *systematic*..  ",
        "tweets.hashtags":"[]",
        "tweets.user_mentions":"[]",
        "tweets.urls":"[]",
        "tweets.user_name":"OKnox",
        "tweets.followers_count":69992,
        "topics.title":"50 spies say ISIS intelligence report by US cooked up: Report"
    },
    {
        "topic":"ea0a2276-afdb-4cd0-bdff-a02df7eec11c",
        "tweetID":641821261430173697,
        "relevancy":1,
        "tweets.created_at":"2015-10-09T03:51:27.000Z",
        "tweets.full_text":"Report: Intelligence analysts allege that command is changing ISIS reports to show US is winning   ",
        "tweets.hashtags":"[]",
        "tweets.user_mentions":"[]",
        "tweets.urls":"['http:\/\/read.bi\/1UCOt8I']",
        "tweets.user_name":"businessinsider",
        "tweets.followers_count":3205118,
        "topics.title":"50 spies say ISIS intelligence report by US cooked up: Report"
    },
    {
        "topic":"ea0a2276-afdb-4cd0-bdff-a02df7eec11c",
        "tweetID":641908916151021568,
        "relevancy":1,
        "tweets.created_at":"2015-10-09T09:39:46.000Z",
        "tweets.full_text":"Report: Intelligence analysts allege that command is changing ISIS reports to show US is winning   ",
        "tweets.hashtags":"[]",
        "tweets.user_mentions":"[]",
        "tweets.urls":"['http:\/\/flip.it\/QLf1x']",
        "tweets.user_name":"fabiochiusi",
        "tweets.followers_count":55699,
        "topics.title":"50 spies say ISIS intelligence report by US cooked up: Report"
    },
    {
        "topic":"ea0a2276-afdb-4cd0-bdff-a02df7eec11c",
        "tweetID":641920308631482369,
        "relevancy":2,
        "tweets.created_at":"2015-10-09T10:25:02.000Z",
        "tweets.full_text":"50 US intelligence analysts accuse their masters of manipulating reports in order to understate the ISIS threat   ",
        "tweets.hashtags":"[]",
        "tweets.user_mentions":"[]",
        "tweets.urls":"['http:\/\/thebea.st\/1OBQ6MO']",
        "tweets.user_name":"MarkUrban01",
        "tweets.followers_count":35600,
        "topics.title":"50 spies say ISIS intelligence report by US cooked up: Report"
    },
    {
        "topic":"ea0a2276-afdb-4cd0-bdff-a02df7eec11c",
        "tweetID":641960213050818561,
        "relevancy":2,
        "tweets.created_at":"2015-10-09T13:03:36.000Z",
        "tweets.full_text":"Report: US Intelligence on Islamic State Was Recast as Rosy  #isis   ",
        "tweets.hashtags":"['isis']",
        "tweets.user_mentions":"[]",
        "tweets.urls":"['http:\/\/jpupdates.com\/?p=146687']",
        "tweets.user_name":"jpnews_ny",
        "tweets.followers_count":4590,
        "topics.title":"50 spies say ISIS intelligence report by US cooked up: Report"
    },
    {
        "topic":"ea0a2276-afdb-4cd0-bdff-a02df7eec11c",
        "tweetID":642091237441466368,
        "relevancy":1,
        "tweets.created_at":"2015-10-09T21:44:15.000Z",
        "tweets.full_text":"Globally, the US Air Force airborne ISR (intelligence, surveillance, reconnaissance) assets make 4,000 sorties a month - #intelligence2015..  ",
        "tweets.hashtags":"['intelligence2015']",
        "tweets.user_mentions":"[]",
        "tweets.urls":"[]",
        "tweets.user_name":"TimothyS",
        "tweets.followers_count":23168,
        "topics.title":"50 spies say ISIS intelligence report by US cooked up: Report"
    },
    {
        "topic":"ea0a2276-afdb-4cd0-bdff-a02df7eec11c",
        "tweetID":642329400290242560,
        "relevancy":1,
        "tweets.created_at":"2015-11-09T13:30:37.000Z",
        "tweets.full_text":"FT suggests were moving from artificial intelligence to reptile intelligence. Amazing manufacturing revolution:   ",
        "tweets.hashtags":"[]",
        "tweets.user_mentions":"[]",
        "tweets.urls":"[]",
        "tweets.user_name":"KingEconomist",
        "tweets.followers_count":21674,
        "topics.title":"50 spies say ISIS intelligence report by US cooked up: Report"
    },
    {
        "topic":"ea0a2276-afdb-4cd0-bdff-a02df7eec11c",
        "tweetID":643704454282276865,
        "relevancy":1,
        "tweets.created_at":"2015-09-15T08:34:36.000Z",
        "tweets.full_text":"The Islamic State kills people with beheadings &amp; other brutal punishments. The US leads a bombing campaign against the Islamic State but.  ",
        "tweets.hashtags":"[]",
        "tweets.user_mentions":"[]",
        "tweets.urls":"[]",
        "tweets.user_name":"NTarnopolsky",
        "tweets.followers_count":37516,
        "topics.title":"50 spies say ISIS intelligence report by US cooked up: Report"
    },
    {
        "topic":"ea0a2276-afdb-4cd0-bdff-a02df7eec11c",
        "tweetID":644141757219930112,
        "relevancy":2,
        "tweets.created_at":"2015-09-16T13:32:17.000Z",
        "tweets.full_text":"The US military may be fabricating intelligence reports about its war with the Islamic State    ",
        "tweets.hashtags":"[]",
        "tweets.user_mentions":"['petergelling']",
        "tweets.urls":"['http:\/\/bit.ly\/1KpKiq5']",
        "tweets.user_name":"GlobalPost",
        "tweets.followers_count":71985,
        "topics.title":"50 spies say ISIS intelligence report by US cooked up: Report"
    },
    {
        "topic":"ea0a2276-afdb-4cd0-bdff-a02df7eec11c",
        "tweetID":644144988985540610,
        "relevancy":2,
        "tweets.created_at":"2015-09-16T13:45:07.000Z",
        "tweets.full_text":"The US military may be fabricating intelligence reports about its war with the Islamic State    ",
        "tweets.hashtags":"[]",
        "tweets.user_mentions":"[]",
        "tweets.urls":"['http:\/\/bit.ly\/1KpKiq5']",
        "tweets.user_name":"GlobalPost",
        "tweets.followers_count":71985,
        "topics.title":"50 spies say ISIS intelligence report by US cooked up: Report"
    },
    {
        "topic":"ea0a2276-afdb-4cd0-bdff-a02df7eec11c",
        "tweetID":644209626351726593,
        "relevancy":2,
        "tweets.created_at":"2015-09-16T18:01:58.000Z",
        "tweets.full_text":"The US military may be fabricating intelligence reports about its war with the Islamic State    ",
        "tweets.hashtags":"[]",
        "tweets.user_mentions":"['GlobalPost']",
        "tweets.urls":"['http:\/\/bit.ly\/1KpKiq5']",
        "tweets.user_name":"JamalDajani",
        "tweets.followers_count":22603,
        "topics.title":"50 spies say ISIS intelligence report by US cooked up: Report"
    },
    {
        "topic":"ea0a2276-afdb-4cd0-bdff-a02df7eec11c",
        "tweetID":644390339369824256,
        "relevancy":2,
        "tweets.created_at":"2015-09-17T06:00:03.000Z",
        "tweets.full_text":"The US military may be fabricating intelligence reports about its war with the Islamic State    ",
        "tweets.hashtags":"[]",
        "tweets.user_mentions":"[]",
        "tweets.urls":"['http:\/\/bit.ly\/1KpKiq5']",
        "tweets.user_name":"GlobalPost",
        "tweets.followers_count":71985,
        "topics.title":"50 spies say ISIS intelligence report by US cooked up: Report"
    },
    {
        "topic":"ea0a2276-afdb-4cd0-bdff-a02df7eec11c",
        "tweetID":647649578741686272,
        "relevancy":2,
        "tweets.created_at":"2015-09-26T05:51:06.000Z",
        "tweets.full_text":"US-trained #Syria rebels gave ammo, equipment to Al Qaeda group, Pentagon confirms   ",
        "tweets.hashtags":"['Syria']",
        "tweets.user_mentions":"[]",
        "tweets.urls":"['http:\/\/ab.co\/1Fzqtwg']",
        "tweets.user_name":"abcnews",
        "tweets.followers_count":1748869,
        "topics.title":"50 spies say ISIS intelligence report by US cooked up: Report"
    },
    {
        "topic":"ea0a2276-afdb-4cd0-bdff-a02df7eec11c",
        "tweetID":648916327592144898,
        "relevancy":2,
        "tweets.created_at":"2015-09-29T17:44:43.000Z",
        "tweets.full_text":"Obama Calls For Coordinated Global Fight Against Islamic State: President Barack Obama has called for a renewe...   ",
        "tweets.hashtags":"[]",
        "tweets.user_mentions":"[]",
        "tweets.urls":"['http:\/\/bit.ly\/1Vpl0Kk']",
        "tweets.user_name":"iraqhurr_eng",
        "tweets.followers_count":8290,
        "topics.title":"50 spies say ISIS intelligence report by US cooked up: Report"
    }
]