{
    "topic":"89036bd9-737d-4865-a461-a5883a14e46d",
    "topics.content":"Thousands of Calgarians stood out in the chilly night air, craning their necks for a glimpse of the rare lunar-eclipse-supermoon combo. But for many, the clouds got in the way.   \u200bIt was the first time in 30 years that a total lunar eclipse coincided with a supermoon, which occurs when a full or new moon makes its closest approach to the Earth and appears slightly larger and brighter than normal.  Beverly Lutz was among about 100 people who went to the docks of the Calgary Canoe Club to gaze at the moon. She wasnt totally disappointed.  We were seeing just the end of the eclipse and so you could see that it \u2026 was very bright on the right side and some on the lower side, she said.  So, like they say in Spanish, mejor que nada \u2014 its better than nothing. So, it was great to see it.  Some skywatchers had better luck.   Here is a shot of the moon just after totality has ended. Getting good focus was tough due to seeing conditions. pic.twitter  The next confluence of a total lunar eclipse with a supermoon is expected in 2.  ",
    "topics.title":"Supermoon, eclipse elusive in Calgary's cloudy skies",
    "topics.media-type":"News",
    "topics.source":"CBC",
    "topics.published":"2015-09-28T13:12:57.000Z",
    "topic_tweets":48,
    "tweets.created_at_initial":"2015-02-09 14:02:00",
    "tweets.created_at_final":"2015-09-28 20:47:01",
    "tweets.time_interval":231.0
}