[
    {
        "topic":"89036bd9-737d-4865-a461-a5883a14e46d",
        "tweetID":639075808481550336,
        "relevancy":2,
        "tweets.created_at":"2015-02-09T14:02:00.000Z",
        "tweets.full_text":"The Strongest Storm on Earth Isnt Even the Most Impressive Weather We Saw in August:    ",
        "tweets.hashtags":"[]",
        "tweets.user_mentions":"[]",
        "tweets.urls":"['http:\/\/wxch.nl\/1FjrZwW']",
        "tweets.user_name":"weatherchannel",
        "tweets.followers_count":3867646,
        "topics.title":"Supermoon, eclipse elusive in Calgary's cloudy skies"
    },
    {
        "topic":"89036bd9-737d-4865-a461-a5883a14e46d",
        "tweetID":641317544096305152,
        "relevancy":2,
        "tweets.created_at":"2015-08-09T18:29:52.000Z",
        "tweets.full_text":"Upcoming total lunar eclipse also a supermoon   ",
        "tweets.hashtags":"[]",
        "tweets.user_mentions":"[]",
        "tweets.urls":"['http:\/\/bit.ly\/1OvuLof']",
        "tweets.user_name":"CBS5AZ",
        "tweets.followers_count":43751,
        "topics.title":"Supermoon, eclipse elusive in Calgary's cloudy skies"
    },
    {
        "topic":"89036bd9-737d-4865-a461-a5883a14e46d",
        "tweetID":645915512161964036,
        "relevancy":2,
        "tweets.created_at":"2015-09-21T11:00:33.000Z",
        "tweets.full_text":"One-night lunar spectacular nears - harvest moon, supermoon and blood moon eclipse   ",
        "tweets.hashtags":"[]",
        "tweets.user_mentions":"[]",
        "tweets.urls":"['http:\/\/on.wgal.com\/1gFNJwP']",
        "tweets.user_name":"WGAL",
        "tweets.followers_count":129211,
        "topics.title":"Supermoon, eclipse elusive in Calgary's cloudy skies"
    },
    {
        "topic":"89036bd9-737d-4865-a461-a5883a14e46d",
        "tweetID":646355247825297408,
        "relevancy":2,
        "tweets.created_at":"2015-09-22T16:07:54.000Z",
        "tweets.full_text":"Supermoon Lunar Eclipse 2015: Full \u2018Blood Moon\u2019 Information  #supermoon   ",
        "tweets.hashtags":"['supermoon']",
        "tweets.user_mentions":"[]",
        "tweets.urls":"['http:\/\/wp.me\/p5Mgdi-eYX']",
        "tweets.user_name":"WCBD",
        "tweets.followers_count":68844,
        "topics.title":"Supermoon, eclipse elusive in Calgary's cloudy skies"
    },
    {
        "topic":"89036bd9-737d-4865-a461-a5883a14e46d",
        "tweetID":646389439653150721,
        "relevancy":2,
        "tweets.created_at":"2015-09-22T18:23:46.000Z",
        "tweets.full_text":"Supermoon Lunar Eclipse 2015: Full \u2018Blood Moon\u2019 Information -  #chsnews #chswx   ",
        "tweets.hashtags":"['chsnews', 'chswx']",
        "tweets.user_mentions":"[]",
        "tweets.urls":"['http:\/\/wp.me\/p5Mgdi-eYX']",
        "tweets.user_name":"WCBD",
        "tweets.followers_count":68844,
        "topics.title":"Supermoon, eclipse elusive in Calgary's cloudy skies"
    },
    {
        "topic":"89036bd9-737d-4865-a461-a5883a14e46d",
        "tweetID":647391610624442368,
        "relevancy":2,
        "tweets.created_at":"2015-09-25T12:46:02.000Z",
        "tweets.full_text":"On Sunday,Sept 27 @ 10:11 pm, Partly cloudy skies will allow us to view a rare Supermoon lunar eclipse. Learn more:   ",
        "tweets.hashtags":"[]",
        "tweets.user_mentions":"[]",
        "tweets.urls":"['http:\/\/ow.ly\/Sxee0']",
        "tweets.user_name":"NWSShreveport",
        "tweets.followers_count":14492,
        "topics.title":"Supermoon, eclipse elusive in Calgary's cloudy skies"
    },
    {
        "topic":"89036bd9-737d-4865-a461-a5883a14e46d",
        "tweetID":647392892210704389,
        "relevancy":2,
        "tweets.created_at":"2015-09-25T12:51:08.000Z",
        "tweets.full_text":"Supermoon-harvest moon-total lunar eclipse, coming up    ",
        "tweets.hashtags":"[]",
        "tweets.user_mentions":"['lfop']",
        "tweets.urls":"['http:\/\/bit.ly\/1jhs1Ry']",
        "tweets.user_name":"Yale",
        "tweets.followers_count":554474,
        "topics.title":"Supermoon, eclipse elusive in Calgary's cloudy skies"
    },
    {
        "topic":"89036bd9-737d-4865-a461-a5883a14e46d",
        "tweetID":647572635723911168,
        "relevancy":2,
        "tweets.created_at":"2015-09-26T00:45:22.000Z",
        "tweets.full_text":"Rare supermoon total lunar eclipse on 9\/27 will be your last chance to see a total eclipse of the Moon until 2018   ",
        "tweets.hashtags":"[]",
        "tweets.user_mentions":"[]",
        "tweets.urls":"['http:\/\/hvrd.me\/SERjd']",
        "tweets.user_name":"Harvard",
        "tweets.followers_count":1198145,
        "topics.title":"Supermoon, eclipse elusive in Calgary's cloudy skies"
    },
    {
        "topic":"89036bd9-737d-4865-a461-a5883a14e46d",
        "tweetID":647752988652650496,
        "relevancy":2,
        "tweets.created_at":"2015-09-26T12:42:01.000Z",
        "tweets.full_text":"Lunar Eclipse Sunday evening...partly cloudy skies expected. Watch NASAs video on this special eclipse:   ",
        "tweets.hashtags":"[]",
        "tweets.user_mentions":"[]",
        "tweets.urls":"['https:\/\/www.youtube.com\/watch?v=j7RMmitoex0']",
        "tweets.user_name":"NWSLaCrosse",
        "tweets.followers_count":12720,
        "topics.title":"Supermoon, eclipse elusive in Calgary's cloudy skies"
    },
    {
        "topic":"89036bd9-737d-4865-a461-a5883a14e46d",
        "tweetID":647956836415463424,
        "relevancy":2,
        "tweets.created_at":"2015-09-27T02:12:02.000Z",
        "tweets.full_text":"Supermoon Lunar Eclipse 2015: Full Blood Moon Coverage    ",
        "tweets.hashtags":"[]",
        "tweets.user_mentions":"[]",
        "tweets.urls":"['http:\/\/oak.ctx.ly\/r\/3rism']",
        "tweets.user_name":"SPACEdotcom",
        "tweets.followers_count":811027,
        "topics.title":"Supermoon, eclipse elusive in Calgary's cloudy skies"
    },
    {
        "topic":"89036bd9-737d-4865-a461-a5883a14e46d",
        "tweetID":648062611343302656,
        "relevancy":2,
        "tweets.created_at":"2015-09-27T09:12:21.000Z",
        "tweets.full_text":"10 things to know about the supermoon lunar eclipse: On Sunday night, a total supermoon lunar eclipse, also kn...   ",
        "tweets.hashtags":"[]",
        "tweets.user_mentions":"[]",
        "tweets.urls":"['http:\/\/bit.ly\/1gZzJy6']",
        "tweets.user_name":"WDBONews",
        "tweets.followers_count":12870,
        "topics.title":"Supermoon, eclipse elusive in Calgary's cloudy skies"
    },
    {
        "topic":"89036bd9-737d-4865-a461-a5883a14e46d",
        "tweetID":648081909105295360,
        "relevancy":2,
        "tweets.created_at":"2015-09-27T10:29:02.000Z",
        "tweets.full_text":"Supermoon eclipse coming to Swedish skies   ",
        "tweets.hashtags":"[]",
        "tweets.user_mentions":"[]",
        "tweets.urls":"['http:\/\/t.sr.se\/1NUAs0z']",
        "tweets.user_name":"radiosweden",
        "tweets.followers_count":25052,
        "topics.title":"Supermoon, eclipse elusive in Calgary's cloudy skies"
    },
    {
        "topic":"89036bd9-737d-4865-a461-a5883a14e46d",
        "tweetID":648096533485879297,
        "relevancy":2,
        "tweets.created_at":"2015-09-27T11:27:09.000Z",
        "tweets.full_text":"Tonights Supermoon Lunar Eclipse Forecast   ",
        "tweets.hashtags":"[]",
        "tweets.user_mentions":"['FOX19Catherine']",
        "tweets.urls":"['http:\/\/fb.me\/3iOwQm8no']",
        "tweets.user_name":"FOX19",
        "tweets.followers_count":116480,
        "topics.title":"Supermoon, eclipse elusive in Calgary's cloudy skies"
    },
    {
        "topic":"89036bd9-737d-4865-a461-a5883a14e46d",
        "tweetID":648143649952432128,
        "relevancy":2,
        "tweets.created_at":"2015-09-27T14:34:22.000Z",
        "tweets.full_text":"Watch the Supermoon Total Lunar Eclipse Tonight   ",
        "tweets.hashtags":"[]",
        "tweets.user_mentions":"[]",
        "tweets.urls":"['http:\/\/ow.ly\/34I7v1']",
        "tweets.user_name":"SpaceRef",
        "tweets.followers_count":45765,
        "topics.title":"Supermoon, eclipse elusive in Calgary's cloudy skies"
    },
    {
        "topic":"89036bd9-737d-4865-a461-a5883a14e46d",
        "tweetID":648160160465166336,
        "relevancy":2,
        "tweets.created_at":"2015-09-27T15:39:59.000Z",
        "tweets.full_text":"Theres both a supermoon &amp; a lunar eclipse tonight! Cloudy skies tonight may make it difficult to see. #wcbi   ",
        "tweets.hashtags":"['wcbi']",
        "tweets.user_mentions":"[]",
        "tweets.urls":"[]",
        "tweets.user_name":"WCBIWEATHER",
        "tweets.followers_count":16889,
        "topics.title":"Supermoon, eclipse elusive in Calgary's cloudy skies"
    },
    {
        "topic":"89036bd9-737d-4865-a461-a5883a14e46d",
        "tweetID":648191237376180224,
        "relevancy":2,
        "tweets.created_at":"2015-09-27T17:43:28.000Z",
        "tweets.full_text":"Lunar eclipse tonight.   ",
        "tweets.hashtags":"[]",
        "tweets.user_mentions":"[]",
        "tweets.urls":"['http:\/\/fb.me\/6SHn0dMRU']",
        "tweets.user_name":"TarynVanderford",
        "tweets.followers_count":1568,
        "topics.title":"Supermoon, eclipse elusive in Calgary's cloudy skies"
    },
    {
        "topic":"89036bd9-737d-4865-a461-a5883a14e46d",
        "tweetID":648213520253886464,
        "relevancy":2,
        "tweets.created_at":"2015-09-27T19:12:01.000Z",
        "tweets.full_text":"Expect unobstructed skies for supermoon eclipse, says Kalin Mitchell    ",
        "tweets.hashtags":"[]",
        "tweets.user_mentions":"[]",
        "tweets.urls":"['http:\/\/bit.ly\/1MyITgm']",
        "tweets.user_name":"CBCNS",
        "tweets.followers_count":152356,
        "topics.title":"Supermoon, eclipse elusive in Calgary's cloudy skies"
    },
    {
        "topic":"89036bd9-737d-4865-a461-a5883a14e46d",
        "tweetID":648215403227967488,
        "relevancy":2,
        "tweets.created_at":"2015-09-27T19:19:30.000Z",
        "tweets.full_text":"PSM will continue its coverage of the Supermoon Total Lunar Eclipse throughout the night #SuperMoon Stay tuned to  #PSM.  ",
        "tweets.hashtags":"['SuperMoon', 'PSM']",
        "tweets.user_mentions":"['tvmaldives']",
        "tweets.urls":"[]",
        "tweets.user_name":"psmnewsmv",
        "tweets.followers_count":50932,
        "topics.title":"Supermoon, eclipse elusive in Calgary's cloudy skies"
    },
    {
        "topic":"89036bd9-737d-4865-a461-a5883a14e46d",
        "tweetID":648218355564945408,
        "relevancy":2,
        "tweets.created_at":"2015-09-27T19:31:13.000Z",
        "tweets.full_text":"Rare double feature! Lunar eclipse to share sky with supermoon tonight for first time in 30 years.   ",
        "tweets.hashtags":"[]",
        "tweets.user_mentions":"[]",
        "tweets.urls":"['http:\/\/read.bi\/1KWyOus']",
        "tweets.user_name":"KateNRECA",
        "tweets.followers_count":17611,
        "topics.title":"Supermoon, eclipse elusive in Calgary's cloudy skies"
    },
    {
        "topic":"89036bd9-737d-4865-a461-a5883a14e46d",
        "tweetID":648231273912143872,
        "relevancy":2,
        "tweets.created_at":"2015-09-27T20:22:33.000Z",
        "tweets.full_text":"Clear skies in the forecast for #Vancouver for tonights rare lunar eclipse and Supermoon    ",
        "tweets.hashtags":"['Vancouver']",
        "tweets.user_mentions":"[]",
        "tweets.urls":"['http:\/\/bit.ly\/1FBNPBq']",
        "tweets.user_name":"CKNW",
        "tweets.followers_count":105084,
        "topics.title":"Supermoon, eclipse elusive in Calgary's cloudy skies"
    },
    {
        "topic":"89036bd9-737d-4865-a461-a5883a14e46d",
        "tweetID":648253522694283264,
        "relevancy":2,
        "tweets.created_at":"2015-09-27T21:50:58.000Z",
        "tweets.full_text":"Partly cloudy skies expected here tonight. But, just in case NASA TV to air Supermoon Lunar Eclipse.  #sdwx #mnwx.  ",
        "tweets.hashtags":"['sdwx', 'mnwx']",
        "tweets.user_mentions":"[]",
        "tweets.urls":"['http:\/\/ow.ly\/SITzO']",
        "tweets.user_name":"NWSAberdeen",
        "tweets.followers_count":11194,
        "topics.title":"Supermoon, eclipse elusive in Calgary's cloudy skies"
    },
    {
        "topic":"89036bd9-737d-4865-a461-a5883a14e46d",
        "tweetID":648301413748068352,
        "relevancy":2,
        "tweets.created_at":"2015-09-28T01:01:16.000Z",
        "tweets.full_text":"For the first time in more than 30 years: you\u2019ll be able to witness a supermoon in combination with a lunar eclipse.    ",
        "tweets.hashtags":"[]",
        "tweets.user_mentions":"[]",
        "tweets.urls":"['http:\/\/shout.lt\/bdHK0']",
        "tweets.user_name":"wdam",
        "tweets.followers_count":49810,
        "topics.title":"Supermoon, eclipse elusive in Calgary's cloudy skies"
    },
    {
        "topic":"89036bd9-737d-4865-a461-a5883a14e46d",
        "tweetID":648307025487785984,
        "relevancy":2,
        "tweets.created_at":"2015-09-28T01:23:34.000Z",
        "tweets.full_text":"Lunar eclipse starting! Its beautiful. #SuperBloodMoon.  ",
        "tweets.hashtags":"['SuperBloodMoon']",
        "tweets.user_mentions":"[]",
        "tweets.urls":"[]",
        "tweets.user_name":"joeyayoub",
        "tweets.followers_count":29489,
        "topics.title":"Supermoon, eclipse elusive in Calgary's cloudy skies"
    },
    {
        "topic":"89036bd9-737d-4865-a461-a5883a14e46d",
        "tweetID":648310247615037440,
        "relevancy":1,
        "tweets.created_at":"2015-09-28T01:36:22.000Z",
        "tweets.full_text":"Blood moon describes a lunar eclipse so you cant see it before the eclipse. #moonfacts.  ",
        "tweets.hashtags":"['moonfacts']",
        "tweets.user_mentions":"[]",
        "tweets.urls":"[]",
        "tweets.user_name":"islivingston",
        "tweets.followers_count":338682,
        "topics.title":"Supermoon, eclipse elusive in Calgary's cloudy skies"
    },
    {
        "topic":"89036bd9-737d-4865-a461-a5883a14e46d",
        "tweetID":648311120961388544,
        "relevancy":1,
        "tweets.created_at":"2015-09-28T01:39:50.000Z",
        "tweets.full_text":"Cool lunar eclipse!.  ",
        "tweets.hashtags":"[]",
        "tweets.user_mentions":"[]",
        "tweets.urls":"[]",
        "tweets.user_name":"fencingtobba",
        "tweets.followers_count":2121,
        "topics.title":"Supermoon, eclipse elusive in Calgary's cloudy skies"
    },
    {
        "topic":"89036bd9-737d-4865-a461-a5883a14e46d",
        "tweetID":648314047000104960,
        "relevancy":1,
        "tweets.created_at":"2015-09-28T01:51:28.000Z",
        "tweets.full_text":"I shall rephrase that: 3:11 Total Lunar Eclipse. 3:47 Maximum Lunar eclipse (UK Time).  ",
        "tweets.hashtags":"[]",
        "tweets.user_mentions":"[]",
        "tweets.urls":"[]",
        "tweets.user_name":"VirtualAstro",
        "tweets.followers_count":239246,
        "topics.title":"Supermoon, eclipse elusive in Calgary's cloudy skies"
    },
    {
        "topic":"89036bd9-737d-4865-a461-a5883a14e46d",
        "tweetID":648316319000084481,
        "relevancy":2,
        "tweets.created_at":"2015-09-28T02:00:30.000Z",
        "tweets.full_text":"Supermoon lunar eclipse tonight.   ",
        "tweets.hashtags":"[]",
        "tweets.user_mentions":"[]",
        "tweets.urls":"['http:\/\/bddy.me\/1LIBlZK']",
        "tweets.user_name":"OKCFOX",
        "tweets.followers_count":41347,
        "topics.title":"Supermoon, eclipse elusive in Calgary's cloudy skies"
    },
    {
        "topic":"89036bd9-737d-4865-a461-a5883a14e46d",
        "tweetID":648318735795662848,
        "relevancy":2,
        "tweets.created_at":"2015-09-28T02:10:06.000Z",
        "tweets.full_text":"Lunar eclipse hunting....  ",
        "tweets.hashtags":"[]",
        "tweets.user_mentions":"[]",
        "tweets.urls":"[]",
        "tweets.user_name":"iainthomson",
        "tweets.followers_count":8457,
        "topics.title":"Supermoon, eclipse elusive in Calgary's cloudy skies"
    },
    {
        "topic":"89036bd9-737d-4865-a461-a5883a14e46d",
        "tweetID":648319298499440640,
        "relevancy":2,
        "tweets.created_at":"2015-09-28T02:12:20.000Z",
        "tweets.full_text":"Total lunar eclipse right now. Totally covered. Check it out. Next time we see a supermoon total lunar eclipse is in 2033! S\u2026.  ",
        "tweets.hashtags":"[]",
        "tweets.user_mentions":"['Tom_Wachs']",
        "tweets.urls":"[]",
        "tweets.user_name":"fox6now",
        "tweets.followers_count":86707,
        "topics.title":"Supermoon, eclipse elusive in Calgary's cloudy skies"
    },
    {
        "topic":"89036bd9-737d-4865-a461-a5883a14e46d",
        "tweetID":648323045019402241,
        "relevancy":2,
        "tweets.created_at":"2015-09-28T02:27:13.000Z",
        "tweets.full_text":"Supermoon... (total lunar eclipse) Watching the Supermoon with the family...   #moon  #supermoon #utah\u2026   ",
        "tweets.hashtags":"['moon', 'supermoon', 'utah']",
        "tweets.user_mentions":"['donhudson_tv']",
        "tweets.urls":"[]",
        "tweets.user_name":"abc4utah",
        "tweets.followers_count":67313,
        "topics.title":"Supermoon, eclipse elusive in Calgary's cloudy skies"
    },
    {
        "topic":"89036bd9-737d-4865-a461-a5883a14e46d",
        "tweetID":648325175583178752,
        "relevancy":2,
        "tweets.created_at":"2015-09-28T02:35:41.000Z",
        "tweets.full_text":"No supermoon eclipse in Bay Area tonight, cloudy with a chance of meat balls :\/.  ",
        "tweets.hashtags":"[]",
        "tweets.user_mentions":"[]",
        "tweets.urls":"[]",
        "tweets.user_name":"Padmasree",
        "tweets.followers_count":1409527,
        "topics.title":"Supermoon, eclipse elusive in Calgary's cloudy skies"
    },
    {
        "topic":"89036bd9-737d-4865-a461-a5883a14e46d",
        "tweetID":648331583879929856,
        "relevancy":2,
        "tweets.created_at":"2015-09-28T03:01:09.000Z",
        "tweets.full_text":"Picture: Full Eclipse - Red Moon Lunar Eclipse #SuperBloodMoon  #AZwx.  ",
        "tweets.hashtags":"['SuperBloodMoon', 'AZwx']",
        "tweets.user_mentions":"['riptrianaphotog']",
        "tweets.urls":"[]",
        "tweets.user_name":"stormchaser4850",
        "tweets.followers_count":21865,
        "topics.title":"Supermoon, eclipse elusive in Calgary's cloudy skies"
    },
    {
        "topic":"89036bd9-737d-4865-a461-a5883a14e46d",
        "tweetID":648333689382813696,
        "relevancy":2,
        "tweets.created_at":"2015-09-28T03:09:31.000Z",
        "tweets.full_text":"Meanwhile, on earth..    ",
        "tweets.hashtags":"[]",
        "tweets.user_mentions":"[]",
        "tweets.urls":"['https:\/\/twitter.com\/MassoodSanjer\/status\/648333145746575360']",
        "tweets.user_name":"courtneybody",
        "tweets.followers_count":22954,
        "topics.title":"Supermoon, eclipse elusive in Calgary's cloudy skies"
    },
    {
        "topic":"89036bd9-737d-4865-a461-a5883a14e46d",
        "tweetID":648340040079253505,
        "relevancy":2,
        "tweets.created_at":"2015-09-28T03:34:45.000Z",
        "tweets.full_text":"Red moon rising - #supermoon coincides with lunar eclipse    ",
        "tweets.hashtags":"['supermoon']",
        "tweets.user_mentions":"['BBCWorld']",
        "tweets.urls":"['http:\/\/bbc.in\/1iVjC6G']",
        "tweets.user_name":"ukrpravda_news",
        "tweets.followers_count":875317,
        "topics.title":"Supermoon, eclipse elusive in Calgary's cloudy skies"
    },
    {
        "topic":"89036bd9-737d-4865-a461-a5883a14e46d",
        "tweetID":648341119097511936,
        "relevancy":2,
        "tweets.created_at":"2015-09-28T03:39:03.000Z",
        "tweets.full_text":"Blood Moon Lunar Eclipse Timelapse #moon #lunareclipse #eclipse #supermoon   ",
        "tweets.hashtags":"['moon', 'lunareclipse', 'eclipse', 'supermoon']",
        "tweets.user_mentions":"['za5']",
        "tweets.urls":"[]",
        "tweets.user_name":"JJ_Stellies",
        "tweets.followers_count":116761,
        "topics.title":"Supermoon, eclipse elusive in Calgary's cloudy skies"
    },
    {
        "topic":"89036bd9-737d-4865-a461-a5883a14e46d",
        "tweetID":648344940037185536,
        "relevancy":2,
        "tweets.created_at":"2015-09-28T03:54:14.000Z",
        "tweets.full_text":"So whos up watching the lunar eclipse! #SuperMoon.  ",
        "tweets.hashtags":"['SuperMoon']",
        "tweets.user_mentions":"[]",
        "tweets.urls":"[]",
        "tweets.user_name":"KELLYROWLAND",
        "tweets.followers_count":6910450,
        "topics.title":"Supermoon, eclipse elusive in Calgary's cloudy skies"
    },
    {
        "topic":"89036bd9-737d-4865-a461-a5883a14e46d",
        "tweetID":648353287415201792,
        "relevancy":2,
        "tweets.created_at":"2015-09-28T04:27:24.000Z",
        "tweets.full_text":"And thats it folks! The super lunar eclipse has ended. The next total eclipse of a supermoon is in 2033.    ",
        "tweets.hashtags":"[]",
        "tweets.user_mentions":"['PIXweather', 'CraigAllenWx']",
        "tweets.urls":"[]",
        "tweets.user_name":"PIX11News",
        "tweets.followers_count":78722,
        "topics.title":"Supermoon, eclipse elusive in Calgary's cloudy skies"
    },
    {
        "topic":"89036bd9-737d-4865-a461-a5883a14e46d",
        "tweetID":648356286065692672,
        "relevancy":2,
        "tweets.created_at":"2015-09-28T04:39:19.000Z",
        "tweets.full_text":"#SuperBloodMoon The supermoon eclipse sees the earth move directly between the sun and moon giving the lunar surface a rusty appearance..  ",
        "tweets.hashtags":"['SuperBloodMoon']",
        "tweets.user_mentions":"[]",
        "tweets.urls":"[]",
        "tweets.user_name":"ewnreporter",
        "tweets.followers_count":707309,
        "topics.title":"Supermoon, eclipse elusive in Calgary's cloudy skies"
    },
    {
        "topic":"89036bd9-737d-4865-a461-a5883a14e46d",
        "tweetID":648388565852753924,
        "relevancy":2,
        "tweets.created_at":"2015-09-28T06:47:35.000Z",
        "tweets.full_text":"Supermoon captured by  over Co Wicklow despite some cloudy skies    ",
        "tweets.hashtags":"[]",
        "tweets.user_mentions":"['MicMacSuibh']",
        "tweets.urls":"['https:\/\/amp.twimg.com\/v\/f5afc969-eafe-44bf-8da4-9903067f0e0f']",
        "tweets.user_name":"rtenews",
        "tweets.followers_count":924483,
        "topics.title":"Supermoon, eclipse elusive in Calgary's cloudy skies"
    },
    {
        "topic":"89036bd9-737d-4865-a461-a5883a14e46d",
        "tweetID":648391713707442176,
        "relevancy":2,
        "tweets.created_at":"2015-09-28T07:00:05.000Z",
        "tweets.full_text":"SUPERMOON LUNAR ECLIPSE: Most northern Nevadans werent able the see the rare supermoon lunar eclipse outside...   ",
        "tweets.hashtags":"[]",
        "tweets.user_mentions":"[]",
        "tweets.urls":"['http:\/\/fb.me\/7av1P6iwk']",
        "tweets.user_name":"KRNV",
        "tweets.followers_count":46043,
        "topics.title":"Supermoon, eclipse elusive in Calgary's cloudy skies"
    },
    {
        "topic":"89036bd9-737d-4865-a461-a5883a14e46d",
        "tweetID":648400871450021888,
        "relevancy":2,
        "tweets.created_at":"2015-09-28T07:36:29.000Z",
        "tweets.full_text":"Blood Moon seen around the world.: The combination of a supermoon and total lunar eclipse last occurred in 198...   ",
        "tweets.hashtags":"[]",
        "tweets.user_mentions":"[]",
        "tweets.urls":"['http:\/\/bit.ly\/1iE316o']",
        "tweets.user_name":"bilalr",
        "tweets.followers_count":13178,
        "topics.title":"Supermoon, eclipse elusive in Calgary's cloudy skies"
    },
    {
        "topic":"89036bd9-737d-4865-a461-a5883a14e46d",
        "tweetID":648418150317330432,
        "relevancy":2,
        "tweets.created_at":"2015-09-28T08:45:08.000Z",
        "tweets.full_text":"Photos: A total lunar eclipse turned a supermoon blood red\u2014for the first time in 33 years    ",
        "tweets.hashtags":"[]",
        "tweets.user_mentions":"[]",
        "tweets.urls":"['http:\/\/qz.com\/512031']",
        "tweets.user_name":"qzindia",
        "tweets.followers_count":31617,
        "topics.title":"Supermoon, eclipse elusive in Calgary's cloudy skies"
    },
    {
        "topic":"89036bd9-737d-4865-a461-a5883a14e46d",
        "tweetID":648439806305943552,
        "relevancy":2,
        "tweets.created_at":"2015-09-28T10:11:11.000Z",
        "tweets.full_text":"See viewers photos of the rare supermoon lunar eclipse last night   ",
        "tweets.hashtags":"[]",
        "tweets.user_mentions":"[]",
        "tweets.urls":"['http:\/\/nbcchi.com\/yav5BQh']",
        "tweets.user_name":"nbcchicago",
        "tweets.followers_count":461697,
        "topics.title":"Supermoon, eclipse elusive in Calgary's cloudy skies"
    },
    {
        "topic":"89036bd9-737d-4865-a461-a5883a14e46d",
        "tweetID":648441491795386368,
        "relevancy":2,
        "tweets.created_at":"2015-09-28T10:17:53.000Z",
        "tweets.full_text":"Supermoon coincides with lunar eclipse  #NTVAtOne    ",
        "tweets.hashtags":"['NTVAtOne']",
        "tweets.user_mentions":"['SmritiVidyarthi']",
        "tweets.urls":"[]",
        "tweets.user_name":"ntvkenya",
        "tweets.followers_count":2789729,
        "topics.title":"Supermoon, eclipse elusive in Calgary's cloudy skies"
    },
    {
        "topic":"89036bd9-737d-4865-a461-a5883a14e46d",
        "tweetID":648492053140217856,
        "relevancy":2,
        "tweets.created_at":"2015-09-28T13:38:48.000Z",
        "tweets.full_text":"It was too cloudy to see the supermoon\/lunar eclipse last night where I live. Guess Ill just have to wait 18 years to see the next one. :(.  ",
        "tweets.hashtags":"[]",
        "tweets.user_mentions":"[]",
        "tweets.urls":"[]",
        "tweets.user_name":"emilylmullin",
        "tweets.followers_count":12680,
        "topics.title":"Supermoon, eclipse elusive in Calgary's cloudy skies"
    },
    {
        "topic":"89036bd9-737d-4865-a461-a5883a14e46d",
        "tweetID":648509075647389706,
        "relevancy":2,
        "tweets.created_at":"2015-09-28T14:46:27.000Z",
        "tweets.full_text":"Great Supermoon lunar eclipse photos from    ",
        "tweets.hashtags":"[]",
        "tweets.user_mentions":"[]",
        "tweets.urls":"['http:\/\/newsok.com\/gallery\/6033035\/pictures\/3848922?display=']",
        "tweets.user_name":"jaclyncosgrove",
        "tweets.followers_count":6333,
        "topics.title":"Supermoon, eclipse elusive in Calgary's cloudy skies"
    },
    {
        "topic":"89036bd9-737d-4865-a461-a5883a14e46d",
        "tweetID":648528837626609664,
        "relevancy":2,
        "tweets.created_at":"2015-09-28T16:04:58.000Z",
        "tweets.full_text":"Did you see the supermoon lunar eclipse despite the cloudy skies Send us what you saw! #Supermoon   ",
        "tweets.hashtags":"['Supermoon']",
        "tweets.user_mentions":"[]",
        "tweets.urls":"[]",
        "tweets.user_name":"KFIAM640",
        "tweets.followers_count":55702,
        "topics.title":"Supermoon, eclipse elusive in Calgary's cloudy skies"
    },
    {
        "topic":"89036bd9-737d-4865-a461-a5883a14e46d",
        "tweetID":648599817141264385,
        "relevancy":1,
        "tweets.created_at":"2015-09-28T20:47:01.000Z",
        "tweets.full_text":"Great Lunar Eclipse Roundup....   ",
        "tweets.hashtags":"[]",
        "tweets.user_mentions":"[]",
        "tweets.urls":"['http:\/\/fb.me\/22lvHkoNu']",
        "tweets.user_name":"thenightskyguy",
        "tweets.followers_count":6823,
        "topics.title":"Supermoon, eclipse elusive in Calgary's cloudy skies"
    }
]