{
    "topic":"11086b61-d705-4134-8ab0-ad944b31c898",
    "topics.content":"(MENAFN) According to its government, South Koreas exports of agricultural products declined massively in August as opposed to last years figures.  Cargos of food and other farmed products hit USD457.6 million in August, a 9.3 percent fall from the corresponded month in 2014, strangely exports to China were an exception.  As to the reason behind this big cut, Japan was to blame as the Korean foodstuff worlds single-largest importer witnessed a huge decline in its received shipments.  Deliveries to Japan dropped 16 percent on-year to USD87.9 million in the cited month, while Food exports to Japan in the first eight months stumbled 10.9 percent on-year..  ",
    "topics.title":"S. Korean Argo shipments fall 9.3 percent on-year in August",
    "topics.media-type":"News",
    "topics.source":"MENAFN",
    "topics.published":"2015-09-21T10:05:39.000Z",
    "topic_tweets":29,
    "tweets.created_at_initial":"2015-01-09 00:53:44",
    "tweets.created_at_final":"2015-10-09 12:43:58",
    "tweets.time_interval":273.0
}