[
    {
        "topic":"11086b61-d705-4134-8ab0-ad944b31c898",
        "tweetID":638515046226616320,
        "relevancy":2,
        "tweets.created_at":"2015-01-09T00:53:44.000Z",
        "tweets.full_text":"South #Koreas Exports Fall Most Since 2009 in August  via  #economy.  ",
        "tweets.hashtags":"['Korea', 'economy']",
        "tweets.user_mentions":"['business']",
        "tweets.urls":"['http:\/\/bloom.bg\/1O4ycBY']",
        "tweets.user_name":"fion_li",
        "tweets.followers_count":25025,
        "topics.title":"S. Korean Argo shipments fall 9.3 percent on-year in August"
    },
    {
        "topic":"11086b61-d705-4134-8ab0-ad944b31c898",
        "tweetID":638557111878705152,
        "relevancy":1,
        "tweets.created_at":"2015-01-09T03:40:53.000Z",
        "tweets.full_text":"Exports Fall for 8 Consecutive Months, Down 14.7% On Year in August   ",
        "tweets.hashtags":"[]",
        "tweets.user_mentions":"[]",
        "tweets.urls":"['http:\/\/bit.ly\/1X8HzH2']",
        "tweets.user_name":"KBSWorldRadio",
        "tweets.followers_count":17559,
        "topics.title":"S. Korean Argo shipments fall 9.3 percent on-year in August"
    },
    {
        "topic":"11086b61-d705-4134-8ab0-ad944b31c898",
        "tweetID":638634407843250176,
        "relevancy":2,
        "tweets.created_at":"2015-01-09T08:48:02.000Z",
        "tweets.full_text":"South Koreas exports plunged 14.7% in August from a year earlier #China   ",
        "tweets.hashtags":"['China']",
        "tweets.user_mentions":"[]",
        "tweets.urls":"[]",
        "tweets.user_name":"FerroTV",
        "tweets.followers_count":51370,
        "topics.title":"S. Korean Argo shipments fall 9.3 percent on-year in August"
    },
    {
        "topic":"11086b61-d705-4134-8ab0-ad944b31c898",
        "tweetID":638641871636578304,
        "relevancy":1,
        "tweets.created_at":"2015-01-09T09:17:42.000Z",
        "tweets.full_text":"U.K. manufacturing growth slowed in August; export orders fell for 5th month   ",
        "tweets.hashtags":"[]",
        "tweets.user_mentions":"[]",
        "tweets.urls":"['http:\/\/bloom.bg\/1EuQH2g']",
        "tweets.user_name":"business",
        "tweets.followers_count":6961689,
        "topics.title":"S. Korean Argo shipments fall 9.3 percent on-year in August"
    },
    {
        "topic":"11086b61-d705-4134-8ab0-ad944b31c898",
        "tweetID":638828593292836864,
        "relevancy":1,
        "tweets.created_at":"2015-01-09T21:39:40.000Z",
        "tweets.full_text":"Next to devalue: South Korea.  ",
        "tweets.hashtags":"[]",
        "tweets.user_mentions":"[]",
        "tweets.urls":"[]",
        "tweets.user_name":"zerohedge",
        "tweets.followers_count":876787,
        "topics.title":"S. Korean Argo shipments fall 9.3 percent on-year in August"
    },
    {
        "topic":"11086b61-d705-4134-8ab0-ad944b31c898",
        "tweetID":639281193146519552,
        "relevancy":1,
        "tweets.created_at":"2015-03-09T03:38:08.000Z",
        "tweets.full_text":"Nigeria to export 68 crude oil cargoes next month -     ",
        "tweets.hashtags":"[]",
        "tweets.user_mentions":"[]",
        "tweets.urls":"['http:\/\/www.ngrguardiannews.com\/2015\/09\/nigeria-to-export-68-crude-oil-cargoes-next-month\/']",
        "tweets.user_name":"GuardianNigeria",
        "tweets.followers_count":2051958,
        "topics.title":"S. Korean Argo shipments fall 9.3 percent on-year in August"
    },
    {
        "topic":"11086b61-d705-4134-8ab0-ad944b31c898",
        "tweetID":639281231985709058,
        "relevancy":1,
        "tweets.created_at":"2015-03-09T03:38:17.000Z",
        "tweets.full_text":"Nigeria to export 68 crude oil cargoes next\u00a0month   ",
        "tweets.hashtags":"[]",
        "tweets.user_mentions":"[]",
        "tweets.urls":"['http:\/\/www.ngrguardiannews.com\/2015\/09\/nigeria-to-export-68-crude-oil-cargoes-next-month\/']",
        "tweets.user_name":"GuardianNigeria",
        "tweets.followers_count":2051958,
        "topics.title":"S. Korean Argo shipments fall 9.3 percent on-year in August"
    },
    {
        "topic":"11086b61-d705-4134-8ab0-ad944b31c898",
        "tweetID":640022863215353857,
        "relevancy":2,
        "tweets.created_at":"2015-05-09T04:45:16.000Z",
        "tweets.full_text":"S. Korean Shipbuilders Outperformed by China, Japan in August   ",
        "tweets.hashtags":"[]",
        "tweets.user_mentions":"[]",
        "tweets.urls":"['http:\/\/bit.ly\/1OjJ2nM']",
        "tweets.user_name":"KBSWorldRadio",
        "tweets.followers_count":17559,
        "topics.title":"S. Korean Argo shipments fall 9.3 percent on-year in August"
    },
    {
        "topic":"11086b61-d705-4134-8ab0-ad944b31c898",
        "tweetID":640343868760702976,
        "relevancy":1,
        "tweets.created_at":"2015-06-09T02:00:49.000Z",
        "tweets.full_text":"S. Koreas auto exports shrink for 2nd straight month in August   ",
        "tweets.hashtags":"[]",
        "tweets.user_mentions":"[]",
        "tweets.urls":"['http:\/\/bit.ly\/1JIC9sW']",
        "tweets.user_name":"YonhapNews",
        "tweets.followers_count":106151,
        "topics.title":"S. Korean Argo shipments fall 9.3 percent on-year in August"
    },
    {
        "topic":"11086b61-d705-4134-8ab0-ad944b31c898",
        "tweetID":640731242321743873,
        "relevancy":1,
        "tweets.created_at":"2015-07-09T03:40:07.000Z",
        "tweets.full_text":"Export-import gap up by Sh115bn    ",
        "tweets.hashtags":"[]",
        "tweets.user_mentions":"[]",
        "tweets.urls":"['http:\/\/bit.ly\/1XygFbQ']",
        "tweets.user_name":"NationAfrica",
        "tweets.followers_count":2300997,
        "topics.title":"S. Korean Argo shipments fall 9.3 percent on-year in August"
    },
    {
        "topic":"11086b61-d705-4134-8ab0-ad944b31c898",
        "tweetID":641077365192310784,
        "relevancy":1,
        "tweets.created_at":"2015-08-09T02:35:29.000Z",
        "tweets.full_text":"#ChinaTradeData: August exports fall 6.1% in Yuan terms YoY; imports fall 14.3% in Yuan terms YoY..  ",
        "tweets.hashtags":"['ChinaTradeData']",
        "tweets.user_mentions":"[]",
        "tweets.urls":"[]",
        "tweets.user_name":"BTVI",
        "tweets.followers_count":385820,
        "topics.title":"S. Korean Argo shipments fall 9.3 percent on-year in August"
    },
    {
        "topic":"11086b61-d705-4134-8ab0-ad944b31c898",
        "tweetID":641086004489662464,
        "relevancy":1,
        "tweets.created_at":"2015-08-09T03:09:48.000Z",
        "tweets.full_text":"Mainland #Chinas imports, exports fall in August   ",
        "tweets.hashtags":"['China']",
        "tweets.user_mentions":"[]",
        "tweets.urls":"['http:\/\/news.rthk.hk\/rthk\/en\/component\/k2\/1210097-20150908.htm']",
        "tweets.user_name":"rthk_enews",
        "tweets.followers_count":130711,
        "topics.title":"S. Korean Argo shipments fall 9.3 percent on-year in August"
    },
    {
        "topic":"11086b61-d705-4134-8ab0-ad944b31c898",
        "tweetID":641103131607179264,
        "relevancy":1,
        "tweets.created_at":"2015-08-09T04:17:52.000Z",
        "tweets.full_text":"China Jan-Aug exports to South Korea down -0.1% y\/y, imports from South Korea down -7.3%, trade deficit with South Korea down -15.9%..  ",
        "tweets.hashtags":"[]",
        "tweets.user_mentions":"[]",
        "tweets.urls":"[]",
        "tweets.user_name":"prchovanec",
        "tweets.followers_count":60068,
        "topics.title":"S. Korean Argo shipments fall 9.3 percent on-year in August"
    },
    {
        "topic":"11086b61-d705-4134-8ab0-ad944b31c898",
        "tweetID":641416868637511684,
        "relevancy":1,
        "tweets.created_at":"2015-09-09T01:04:33.000Z",
        "tweets.full_text":"Chinese exports were down 5.5 percent in August.    ",
        "tweets.hashtags":"[]",
        "tweets.user_mentions":"['Marketplace']",
        "tweets.urls":"['http:\/\/mktplc.org\/1XHwwVl']",
        "tweets.user_name":"rob_schmitz",
        "tweets.followers_count":17100,
        "topics.title":"S. Korean Argo shipments fall 9.3 percent on-year in August"
    },
    {
        "topic":"11086b61-d705-4134-8ab0-ad944b31c898",
        "tweetID":641955273037475841,
        "relevancy":1,
        "tweets.created_at":"2015-10-09T12:43:58.000Z",
        "tweets.full_text":"The US is officially importing deflation if you look at the import\/export price numbers.  ",
        "tweets.hashtags":"[]",
        "tweets.user_mentions":"[]",
        "tweets.urls":"[]",
        "tweets.user_name":"BaturAsmazoglu",
        "tweets.followers_count":1700,
        "topics.title":"S. Korean Argo shipments fall 9.3 percent on-year in August"
    },
    {
        "topic":"11086b61-d705-4134-8ab0-ad944b31c898",
        "tweetID":642948843311525888,
        "relevancy":1,
        "tweets.created_at":"2015-09-13T06:32:04.000Z",
        "tweets.full_text":"China August factory output up 6.1 percent year-on-year, below forecast  #Finance.  ",
        "tweets.hashtags":"['Finance']",
        "tweets.user_mentions":"[]",
        "tweets.urls":"['http:\/\/dlvr.it\/C7p660']",
        "tweets.user_name":"AsiaPacNews",
        "tweets.followers_count":7866,
        "topics.title":"S. Korean Argo shipments fall 9.3 percent on-year in August"
    },
    {
        "topic":"11086b61-d705-4134-8ab0-ad944b31c898",
        "tweetID":643767942870511617,
        "relevancy":1,
        "tweets.created_at":"2015-09-15T12:46:52.000Z",
        "tweets.full_text":"August Trade Data Lathas Take: Export Decline Indicates Poor State Of Global Economy   ",
        "tweets.hashtags":"[]",
        "tweets.user_mentions":"['latha_venkatesh']",
        "tweets.urls":"[]",
        "tweets.user_name":"CNBCTV18Live",
        "tweets.followers_count":958525,
        "topics.title":"S. Korean Argo shipments fall 9.3 percent on-year in August"
    },
    {
        "topic":"11086b61-d705-4134-8ab0-ad944b31c898",
        "tweetID":643800944086548480,
        "relevancy":1,
        "tweets.created_at":"2015-09-15T14:58:00.000Z",
        "tweets.full_text":"Ukrainian exports to #Russia have dropped to 2 percent, while exports to #China doubled to $889.7 million over the first 7\u2026.  ",
        "tweets.hashtags":"['Russia', 'China']",
        "tweets.user_mentions":"['Pavlenko_OM']",
        "tweets.urls":"[]",
        "tweets.user_name":"radiosvoboda",
        "tweets.followers_count":446060,
        "topics.title":"S. Korean Argo shipments fall 9.3 percent on-year in August"
    },
    {
        "topic":"11086b61-d705-4134-8ab0-ad944b31c898",
        "tweetID":643979120494272512,
        "relevancy":1,
        "tweets.created_at":"2015-09-16T02:46:01.000Z",
        "tweets.full_text":"Indonesias exports up 10 percent in August   ",
        "tweets.hashtags":"[]",
        "tweets.user_mentions":"[]",
        "tweets.urls":"['http:\/\/rol.co.id\/r\/nuqwum317']",
        "tweets.user_name":"republikaonline",
        "tweets.followers_count":1493147,
        "topics.title":"S. Korean Argo shipments fall 9.3 percent on-year in August"
    },
    {
        "topic":"11086b61-d705-4134-8ab0-ad944b31c898",
        "tweetID":644378087468236800,
        "relevancy":1,
        "tweets.created_at":"2015-09-17T05:11:22.000Z",
        "tweets.full_text":"Decline in Indian mackerel catch causing export losses   ",
        "tweets.hashtags":"[]",
        "tweets.user_mentions":"[]",
        "tweets.urls":"['http:\/\/www.dawn.com\/news\/1207390']",
        "tweets.user_name":"dawn_com",
        "tweets.followers_count":1085452,
        "topics.title":"S. Korean Argo shipments fall 9.3 percent on-year in August"
    },
    {
        "topic":"11086b61-d705-4134-8ab0-ad944b31c898",
        "tweetID":644406073911197696,
        "relevancy":1,
        "tweets.created_at":"2015-09-17T07:02:35.000Z",
        "tweets.full_text":"Singapores NODX falls 8.4% year-on-year in August: The decline in non-oil domestic exports is due to a contra...   ",
        "tweets.hashtags":"[]",
        "tweets.user_mentions":"[]",
        "tweets.urls":"['http:\/\/bit.ly\/1YdW78G']",
        "tweets.user_name":"sglatest",
        "tweets.followers_count":265,
        "topics.title":"S. Korean Argo shipments fall 9.3 percent on-year in August"
    },
    {
        "topic":"11086b61-d705-4134-8ab0-ad944b31c898",
        "tweetID":644421846083969024,
        "relevancy":2,
        "tweets.created_at":"2015-09-17T08:05:15.000Z",
        "tweets.full_text":"Japans export growth slows for a second month    ",
        "tweets.hashtags":"[]",
        "tweets.user_mentions":"[]",
        "tweets.urls":"['http:\/\/bloom.bg\/1FNWsnk']",
        "tweets.user_name":"business",
        "tweets.followers_count":6961689,
        "topics.title":"S. Korean Argo shipments fall 9.3 percent on-year in August"
    },
    {
        "topic":"11086b61-d705-4134-8ab0-ad944b31c898",
        "tweetID":645500190976253952,
        "relevancy":1,
        "tweets.created_at":"2015-09-20T07:30:12.000Z",
        "tweets.full_text":"Taiwans export orders expected to show drop for 5th straight month   ",
        "tweets.hashtags":"[]",
        "tweets.user_mentions":"[]",
        "tweets.urls":"['http:\/\/bit.ly\/1OHSeoi']",
        "tweets.user_name":"WantChinaTimes",
        "tweets.followers_count":4253,
        "topics.title":"S. Korean Argo shipments fall 9.3 percent on-year in August"
    },
    {
        "topic":"11086b61-d705-4134-8ab0-ad944b31c898",
        "tweetID":645755574588735488,
        "relevancy":1,
        "tweets.created_at":"2015-09-21T00:25:01.000Z",
        "tweets.full_text":"On the Export-Import Bank, the Numbers Come First   ",
        "tweets.hashtags":"[]",
        "tweets.user_mentions":"[]",
        "tweets.urls":"['http:\/\/nyti.ms\/1DlQYgy']",
        "tweets.user_name":"TonyFratto",
        "tweets.followers_count":30289,
        "topics.title":"S. Korean Argo shipments fall 9.3 percent on-year in August"
    },
    {
        "topic":"11086b61-d705-4134-8ab0-ad944b31c898",
        "tweetID":645779577176899584,
        "relevancy":2,
        "tweets.created_at":"2015-09-21T02:00:23.000Z",
        "tweets.full_text":"S. Koreas farm exports plunge 9.3 pct on-year in Aug.   ",
        "tweets.hashtags":"[]",
        "tweets.user_mentions":"[]",
        "tweets.urls":"['http:\/\/bit.ly\/1j1pYAY']",
        "tweets.user_name":"YonhapNews",
        "tweets.followers_count":106151,
        "topics.title":"S. Korean Argo shipments fall 9.3 percent on-year in August"
    },
    {
        "topic":"11086b61-d705-4134-8ab0-ad944b31c898",
        "tweetID":645792340305559552,
        "relevancy":1,
        "tweets.created_at":"2015-09-21T02:51:06.000Z",
        "tweets.full_text":"On CNBC-TV18 JPMorgan Asset Mgmt: Indias Exports To China Lesser Than Other Asian Countries.  ",
        "tweets.hashtags":"[]",
        "tweets.user_mentions":"[]",
        "tweets.urls":"[]",
        "tweets.user_name":"CNBCTV18Live",
        "tweets.followers_count":958525,
        "topics.title":"S. Korean Argo shipments fall 9.3 percent on-year in August"
    },
    {
        "topic":"11086b61-d705-4134-8ab0-ad944b31c898",
        "tweetID":645925477543211008,
        "relevancy":2,
        "tweets.created_at":"2015-09-21T11:40:09.000Z",
        "tweets.full_text":"Japan\u2019s exports to China fell 9.2% in August from a year earlier | Read  at    ",
        "tweets.hashtags":"[]",
        "tweets.user_mentions":"['Aligarciaherrer']",
        "tweets.urls":"['http:\/\/bru.gl\/1FakiPh']",
        "tweets.user_name":"Bruegel_org",
        "tweets.followers_count":63156,
        "topics.title":"S. Korean Argo shipments fall 9.3 percent on-year in August"
    },
    {
        "topic":"11086b61-d705-4134-8ab0-ad944b31c898",
        "tweetID":646137444484583424,
        "relevancy":2,
        "tweets.created_at":"2015-09-22T01:42:26.000Z",
        "tweets.full_text":"Economists Predict S. Korean Exports Likely to Fall 4-6% in 2015   ",
        "tweets.hashtags":"[]",
        "tweets.user_mentions":"[]",
        "tweets.urls":"['http:\/\/bit.ly\/1QViif8']",
        "tweets.user_name":"KBSWorldRadio",
        "tweets.followers_count":17559,
        "topics.title":"S. Korean Argo shipments fall 9.3 percent on-year in August"
    },
    {
        "topic":"11086b61-d705-4134-8ab0-ad944b31c898",
        "tweetID":646789917314433024,
        "relevancy":1,
        "tweets.created_at":"2015-09-23T20:55:07.000Z",
        "tweets.full_text":"U.S. #exports of agricultural and food products to #SaudiArabia in 2014 reached their highest levels at $1.37   ",
        "tweets.hashtags":"['exports', 'SaudiArabia']",
        "tweets.user_mentions":"[]",
        "tweets.urls":"['http:\/\/billion.ow.ly\/SADkC']",
        "tweets.user_name":"USDAForeignAg",
        "tweets.followers_count":19557,
        "topics.title":"S. Korean Argo shipments fall 9.3 percent on-year in August"
    }
]