{
    "topic":"1478bf7b-1c23-4235-9ed2-b8c287fc952c",
    "topics.content":"2:01am EDT \u00a0   Inox Wind Ltd:Has bagged an order for a 100 MW wind power project at Lahori, in the state of Madhya Pradesh from Ostro Energy.Says Ostro Energy is baked by Actis, a global pan-emerging maket private equity frim with $7.6 bln of funds under management..  ",
    "topics.title":"Inox Wind Ltd Wind Bags 100 MW Order from OSTRO Energy",
    "topics.media-type":"News",
    "topics.source":"Reuters",
    "topics.published":"2015-01-09T09:27:12.000Z",
    "topic_tweets":15,
    "tweets.created_at_initial":"2015-01-09 05:52:49",
    "tweets.created_at_final":"2015-10-09 04:28:38",
    "tweets.time_interval":272.0
}