[
    {
        "topic":"1478bf7b-1c23-4235-9ed2-b8c287fc952c",
        "tweetID":638590310474457088,
        "relevancy":2,
        "tweets.created_at":"2015-01-09T05:52:49.000Z",
        "tweets.full_text":"just In: Inox Wind Bags 100 MW Order From Ostro Energy   ",
        "tweets.hashtags":"[]",
        "tweets.user_mentions":"['CNBCTV18Live']",
        "tweets.urls":"[]",
        "tweets.user_name":"CNBCTV18Live",
        "tweets.followers_count":958525,
        "topics.title":"Inox Wind Ltd Wind Bags 100 MW Order from OSTRO Energy"
    },
    {
        "topic":"1478bf7b-1c23-4235-9ed2-b8c287fc952c",
        "tweetID":638590509603274752,
        "relevancy":2,
        "tweets.created_at":"2015-01-09T05:53:36.000Z",
        "tweets.full_text":"Inox Wind Says: Will Be Responsible For Entire Project Lifecycle   ",
        "tweets.hashtags":"[]",
        "tweets.user_mentions":"['CNBCTV18Live']",
        "tweets.urls":"[]",
        "tweets.user_name":"CNBCTV18Live",
        "tweets.followers_count":958525,
        "topics.title":"Inox Wind Ltd Wind Bags 100 MW Order from OSTRO Energy"
    },
    {
        "topic":"1478bf7b-1c23-4235-9ed2-b8c287fc952c",
        "tweetID":638591013737623552,
        "relevancy":2,
        "tweets.created_at":"2015-01-09T05:55:36.000Z",
        "tweets.full_text":"Inox Wind Says: 100 MW Project Will Be A Part Of Inox Wind Park 200 MW Capacity At Lahori   ",
        "tweets.hashtags":"[]",
        "tweets.user_mentions":"['CNBCTV18Live']",
        "tweets.urls":"[]",
        "tweets.user_name":"CNBCTV18Live",
        "tweets.followers_count":958525,
        "topics.title":"Inox Wind Ltd Wind Bags 100 MW Order from OSTRO Energy"
    },
    {
        "topic":"1478bf7b-1c23-4235-9ed2-b8c287fc952c",
        "tweetID":638593402930524160,
        "relevancy":2,
        "tweets.created_at":"2015-01-09T06:05:06.000Z",
        "tweets.full_text":"INOXWIND - Inox Wind Bags 100 MW Order from OSTRO Energy   ",
        "tweets.hashtags":"[]",
        "tweets.user_mentions":"[]",
        "tweets.urls":"['http:\/\/tinyurl.com\/o8fy6k7']",
        "tweets.user_name":"BSE_News",
        "tweets.followers_count":11470,
        "topics.title":"Inox Wind Ltd Wind Bags 100 MW Order from OSTRO Energy"
    },
    {
        "topic":"1478bf7b-1c23-4235-9ed2-b8c287fc952c",
        "tweetID":638601950070575104,
        "relevancy":2,
        "tweets.created_at":"2015-01-09T06:39:04.000Z",
        "tweets.full_text":"First On CNBC-TV18 Inox Wind: Have Bagged 100 MW Order From Ostro Energy   ",
        "tweets.hashtags":"[]",
        "tweets.user_mentions":"['CNBCTV18Live']",
        "tweets.urls":"[]",
        "tweets.user_name":"CNBCTV18Live",
        "tweets.followers_count":958525,
        "topics.title":"Inox Wind Ltd Wind Bags 100 MW Order from OSTRO Energy"
    },
    {
        "topic":"1478bf7b-1c23-4235-9ed2-b8c287fc952c",
        "tweetID":638602186230923265,
        "relevancy":2,
        "tweets.created_at":"2015-01-09T06:40:00.000Z",
        "tweets.full_text":"First On CNBC-TV18 Inox Wind: Order Book Increases To 1,250 MW Post Ostro Energy Order   ",
        "tweets.hashtags":"[]",
        "tweets.user_mentions":"['CNBCTV18Live']",
        "tweets.urls":"[]",
        "tweets.user_name":"CNBCTV18Live",
        "tweets.followers_count":958525,
        "topics.title":"Inox Wind Ltd Wind Bags 100 MW Order from OSTRO Energy"
    },
    {
        "topic":"1478bf7b-1c23-4235-9ed2-b8c287fc952c",
        "tweetID":638602427340595200,
        "relevancy":2,
        "tweets.created_at":"2015-01-09T06:40:57.000Z",
        "tweets.full_text":"First On CNBC-TV18 Inox Wind: Expect To Complete Ostro Energy Order By March 2016   ",
        "tweets.hashtags":"[]",
        "tweets.user_mentions":"['CNBCTV18Live']",
        "tweets.urls":"[]",
        "tweets.user_name":"CNBCTV18Live",
        "tweets.followers_count":958525,
        "topics.title":"Inox Wind Ltd Wind Bags 100 MW Order from OSTRO Energy"
    },
    {
        "topic":"1478bf7b-1c23-4235-9ed2-b8c287fc952c",
        "tweetID":638602964148584448,
        "relevancy":2,
        "tweets.created_at":"2015-01-09T06:43:05.000Z",
        "tweets.full_text":"First On CNBC-TV18 Inox Wind: 100 MW Order Bagged From Ostro Energy Is Worth Rs 600-650 Cr   ",
        "tweets.hashtags":"[]",
        "tweets.user_mentions":"['CNBCTV18Live']",
        "tweets.urls":"[]",
        "tweets.user_name":"CNBCTV18Live",
        "tweets.followers_count":958525,
        "topics.title":"Inox Wind Ltd Wind Bags 100 MW Order from OSTRO Energy"
    },
    {
        "topic":"1478bf7b-1c23-4235-9ed2-b8c287fc952c",
        "tweetID":638632291753926656,
        "relevancy":1,
        "tweets.created_at":"2015-01-09T08:39:38.000Z",
        "tweets.full_text":"Dutch railway to run on 100% wind energy by 2018   ",
        "tweets.hashtags":"[]",
        "tweets.user_mentions":"['doug_parr']",
        "tweets.urls":"['http:\/\/www.aweablog.org\/trains-powered-by-100-wind-power-its-happening\/']",
        "tweets.user_name":"lawrenceitv",
        "tweets.followers_count":4776,
        "topics.title":"Inox Wind Ltd Wind Bags 100 MW Order from OSTRO Energy"
    },
    {
        "topic":"1478bf7b-1c23-4235-9ed2-b8c287fc952c",
        "tweetID":638638558429900800,
        "relevancy":2,
        "tweets.created_at":"2015-01-09T09:04:32.000Z",
        "tweets.full_text":"Inox Wind bags 100 MW power project from Ostro Energy   ",
        "tweets.hashtags":"[]",
        "tweets.user_mentions":"[]",
        "tweets.urls":"['http:\/\/goo.gl\/4KtMOv']",
        "tweets.user_name":"businessline",
        "tweets.followers_count":74811,
        "topics.title":"Inox Wind Ltd Wind Bags 100 MW Order from OSTRO Energy"
    },
    {
        "topic":"1478bf7b-1c23-4235-9ed2-b8c287fc952c",
        "tweetID":641525518874054656,
        "relevancy":1,
        "tweets.created_at":"2015-09-09T08:16:17.000Z",
        "tweets.full_text":"A 50 MW offshore wind energy project is currently on and under assessment: Piyush Goyal.  ",
        "tweets.hashtags":"[]",
        "tweets.user_mentions":"[]",
        "tweets.urls":"[]",
        "tweets.user_name":"FirstpostBiz",
        "tweets.followers_count":23422,
        "topics.title":"Inox Wind Ltd Wind Bags 100 MW Order from OSTRO Energy"
    },
    {
        "topic":"1478bf7b-1c23-4235-9ed2-b8c287fc952c",
        "tweetID":641829956670980097,
        "relevancy":2,
        "tweets.created_at":"2015-10-09T04:26:00.000Z",
        "tweets.full_text":"Offshore Policy will open #opportunities in medium term: INOX Wind   ",
        "tweets.hashtags":"['opportunities']",
        "tweets.user_mentions":"[]",
        "tweets.urls":"[]",
        "tweets.user_name":"ETMarkets",
        "tweets.followers_count":473120,
        "topics.title":"Inox Wind Ltd Wind Bags 100 MW Order from OSTRO Energy"
    },
    {
        "topic":"1478bf7b-1c23-4235-9ed2-b8c287fc952c",
        "tweetID":641830619262009344,
        "relevancy":1,
        "tweets.created_at":"2015-10-09T04:28:38.000Z",
        "tweets.full_text":"Do not see #pilot project coming up before 3-5 years: INOX Wind   ",
        "tweets.hashtags":"['pilot']",
        "tweets.user_mentions":"[]",
        "tweets.urls":"[]",
        "tweets.user_name":"ETMarkets",
        "tweets.followers_count":473120,
        "topics.title":"Inox Wind Ltd Wind Bags 100 MW Order from OSTRO Energy"
    },
    {
        "topic":"1478bf7b-1c23-4235-9ed2-b8c287fc952c",
        "tweetID":646580474991656960,
        "relevancy":1,
        "tweets.created_at":"2015-09-23T07:02:52.000Z",
        "tweets.full_text":"just In: Suzlon Energy Bags 105 MW Turnkey Orders: Suzlon Energy 20.70 Unch   ",
        "tweets.hashtags":"[]",
        "tweets.user_mentions":"['CNBCTV18Live']",
        "tweets.urls":"[]",
        "tweets.user_name":"CNBCTV18Live",
        "tweets.followers_count":958525,
        "topics.title":"Inox Wind Ltd Wind Bags 100 MW Order from OSTRO Energy"
    },
    {
        "topic":"1478bf7b-1c23-4235-9ed2-b8c287fc952c",
        "tweetID":649098448768225281,
        "relevancy":1,
        "tweets.created_at":"2015-09-30T05:48:24.000Z",
        "tweets.full_text":"Inox Wind wins 50 mw Turnkey order from GMDC..  ",
        "tweets.hashtags":"[]",
        "tweets.user_mentions":"[]",
        "tweets.urls":"[]",
        "tweets.user_name":"BTVI",
        "tweets.followers_count":385820,
        "topics.title":"Inox Wind Ltd Wind Bags 100 MW Order from OSTRO Energy"
    }
]