[
    {
        "topic":"df884099-773c-4c66-a947-315e8c79ddc0",
        "tweetID":640115317268717572,
        "relevancy":1,
        "tweets.created_at":"2015-05-09T10:52:39.000Z",
        "tweets.full_text":". Devolution needs to be more of a shift in bureaucrats and bring a very political approach to it #progwm.  ",
        "tweets.hashtags":"['progwm']",
        "tweets.user_mentions":"['nicolaheaton']",
        "tweets.urls":"[]",
        "tweets.user_name":"ProgressOnline",
        "tweets.followers_count":32361,
        "topics.title":"AnchorOps Becomes Member of American Association Of Political Consultants (AAPC)"
    },
    {
        "topic":"df884099-773c-4c66-a947-315e8c79ddc0",
        "tweetID":644049813949038592,
        "relevancy":1,
        "tweets.created_at":"2015-09-16T07:26:56.000Z",
        "tweets.full_text":" Money is securing the political consensus today under the weight of a huge political class..  ",
        "tweets.hashtags":"[]",
        "tweets.user_mentions":"['jmakumbi']",
        "tweets.urls":"[]",
        "tweets.user_name":"Opiaiya",
        "tweets.followers_count":55196,
        "topics.title":"AnchorOps Becomes Member of American Association Of Political Consultants (AAPC)"
    },
    {
        "topic":"df884099-773c-4c66-a947-315e8c79ddc0",
        "tweetID":648863683947438080,
        "relevancy":1,
        "tweets.created_at":"2015-09-29T14:15:32.000Z",
        "tweets.full_text":". over the past 5 years, #PlannedParenthood transferred $22M from its 501(c)3 to 501(c)4 orgs. This is political activity..  ",
        "tweets.hashtags":"['PlannedParenthood']",
        "tweets.user_mentions":"['jasoninthehouse']",
        "tweets.urls":"[]",
        "tweets.user_name":"GOPoversight",
        "tweets.followers_count":97458,
        "topics.title":"AnchorOps Becomes Member of American Association Of Political Consultants (AAPC)"
    }
]