{
    "topic":"7ba01d52-a333-461d-bd91-a3bd9d5c043c",
    "topics.content":"EXPRESS SPORT brings you all the latest transfer news from the Premier League.   Juventus are looking to land Bayern Munich star Mario Gotze if Paul Pogba joins Chelsea.\u00a0   Chelsea were repeatedly linked with a move to sign Pogba this summer, however a deal failed to materialise.\u00a0   However, Juve are preparing for Pogbas departure by eyeing a move to sign World Cup winner Gotze, according to reports in Spain.\u00a0   The Germany international could look to leave Bayern after falling out of favour with manager Pep Guardiola.   Liverpool are looking at securing a swap deal to land AC Milan star Jeremy Menez.\u00a0   According to reports in Spain , Milan are keen to sign Lucas Leiva and will offer Menez in return.\u00a0   Both sides are said to be close to agreeing terms and the deals could be completed in the January transfer window.\u00a0   Manchester United keeper David De Gea has signed a new four-year \u00a3200,000-a-week deal at Old Trafford.   De Gea said: I am delighted to be starting this new chapter in my United career.\u00a0   I have always enjoyed playing with these great players in front of our fantastic fans.\u00a0   Manchester United is a special club and Old Trafford is an ideal place for me to continue to develop my career..  ",
    "topics.title":"Transfer News: Chelsea Pogba alert, Man Utd deal done, Liverpool eye AC Milan swap deal",
    "topics.media-type":"News",
    "topics.source":"Daily Express",
    "topics.published":"2015-12-09T04:30:00.000Z",
    "topic_tweets":23,
    "tweets.created_at_initial":"2015-01-09 06:53:13",
    "tweets.created_at_final":"2015-12-09 09:18:40",
    "tweets.time_interval":334.0
}