[
    {
        "topic":"7ba01d52-a333-461d-bd91-a3bd9d5c043c",
        "tweetID":638605511147962368,
        "relevancy":2,
        "tweets.created_at":"2015-01-09T06:53:13.000Z",
        "tweets.full_text":"David De Gea to Real Madrid deal collapses after chaotic transfer deadlock with Manchester United   ",
        "tweets.hashtags":"[]",
        "tweets.user_mentions":"[]",
        "tweets.urls":"['http:\/\/fb.me\/4koOun2JK']",
        "tweets.user_name":"TemesghenD",
        "tweets.followers_count":3278,
        "topics.title":"Transfer News: Chelsea Pogba alert, Man Utd deal done, Liverpool eye AC Milan swap deal"
    },
    {
        "topic":"7ba01d52-a333-461d-bd91-a3bd9d5c043c",
        "tweetID":638634086374969344,
        "relevancy":2,
        "tweets.created_at":"2015-01-09T08:46:46.000Z",
        "tweets.full_text":"Will Chelsea sign Paul Pogba today  #CFC   ",
        "tweets.hashtags":"['CFC']",
        "tweets.user_mentions":"['IndyFootball']",
        "tweets.urls":"['http:\/\/ind.pn\/1NUxk4Z']",
        "tweets.user_name":"Independent",
        "tweets.followers_count":3500565,
        "topics.title":"Transfer News: Chelsea Pogba alert, Man Utd deal done, Liverpool eye AC Milan swap deal"
    },
    {
        "topic":"7ba01d52-a333-461d-bd91-a3bd9d5c043c",
        "tweetID":638642604930822144,
        "relevancy":2,
        "tweets.created_at":"2015-01-09T09:20:37.000Z",
        "tweets.full_text":"David De Gea to Real Madrid deal collapses after chaotic transfer deadlock with Manchester United: Mancheste...   ",
        "tweets.hashtags":"[]",
        "tweets.user_mentions":"[]",
        "tweets.urls":"['http:\/\/bit.ly\/1JJ5YIY']",
        "tweets.user_name":"modernghanaweb",
        "tweets.followers_count":35052,
        "topics.title":"Transfer News: Chelsea Pogba alert, Man Utd deal done, Liverpool eye AC Milan swap deal"
    },
    {
        "topic":"7ba01d52-a333-461d-bd91-a3bd9d5c043c",
        "tweetID":638657504214446080,
        "relevancy":2,
        "tweets.created_at":"2015-01-09T10:19:49.000Z",
        "tweets.full_text":"Delighted to sign a new deal at Chelsea and now looking forward to a good season with West Ham   ",
        "tweets.hashtags":"[]",
        "tweets.user_mentions":"['VictorMoses']",
        "tweets.urls":"[]",
        "tweets.user_name":"ebraheemshehu",
        "tweets.followers_count":5688,
        "topics.title":"Transfer News: Chelsea Pogba alert, Man Utd deal done, Liverpool eye AC Milan swap deal"
    },
    {
        "topic":"7ba01d52-a333-461d-bd91-a3bd9d5c043c",
        "tweetID":638713938788548610,
        "relevancy":1,
        "tweets.created_at":"2015-01-09T14:04:04.000Z",
        "tweets.full_text":"Real Madrid pin blame on Man Utd for De Gea deal collapse  #Nigeria #News.  ",
        "tweets.hashtags":"['Nigeria', 'News']",
        "tweets.user_mentions":"[]",
        "tweets.urls":"['http:\/\/dlvr.it\/C203NV']",
        "tweets.user_name":"naijanewsfeeder",
        "tweets.followers_count":2693,
        "topics.title":"Transfer News: Chelsea Pogba alert, Man Utd deal done, Liverpool eye AC Milan swap deal"
    },
    {
        "topic":"7ba01d52-a333-461d-bd91-a3bd9d5c043c",
        "tweetID":639004424522731520,
        "relevancy":2,
        "tweets.created_at":"2015-02-09T09:18:21.000Z",
        "tweets.full_text":"Pogba To Chelsea, Pedro To Man Utd And The Summer Transfers That Failed To Happen    ",
        "tweets.hashtags":"[]",
        "tweets.user_mentions":"[]",
        "tweets.urls":"['http:\/\/dlvr.it\/C2NF1J']",
        "tweets.user_name":"naijanewsfeeder",
        "tweets.followers_count":2693,
        "topics.title":"Transfer News: Chelsea Pogba alert, Man Utd deal done, Liverpool eye AC Milan swap deal"
    },
    {
        "topic":"7ba01d52-a333-461d-bd91-a3bd9d5c043c",
        "tweetID":639237747362787328,
        "relevancy":2,
        "tweets.created_at":"2015-03-09T00:45:30.000Z",
        "tweets.full_text":"Juventus say Pogba could be worth more than US$112.884m: MILAN, Sept 3 \u2014 Midfielder Paul Pogba could be worth ...   ",
        "tweets.hashtags":"[]",
        "tweets.user_mentions":"[]",
        "tweets.urls":"['http:\/\/bit.ly\/1ILAJMJ']",
        "tweets.user_name":"leslielau",
        "tweets.followers_count":3314,
        "topics.title":"Transfer News: Chelsea Pogba alert, Man Utd deal done, Liverpool eye AC Milan swap deal"
    },
    {
        "topic":"7ba01d52-a333-461d-bd91-a3bd9d5c043c",
        "tweetID":639351069278097408,
        "relevancy":1,
        "tweets.created_at":"2015-03-09T08:15:48.000Z",
        "tweets.full_text":"Chelsea warned that Paul Pogba value could increase  #CFC   ",
        "tweets.hashtags":"['CFC']",
        "tweets.user_mentions":"['IndyFootball']",
        "tweets.urls":"['http:\/\/ind.pn\/1JAndx9']",
        "tweets.user_name":"Independent",
        "tweets.followers_count":3500565,
        "topics.title":"Transfer News: Chelsea Pogba alert, Man Utd deal done, Liverpool eye AC Milan swap deal"
    },
    {
        "topic":"7ba01d52-a333-461d-bd91-a3bd9d5c043c",
        "tweetID":640476454359310336,
        "relevancy":2,
        "tweets.created_at":"2015-06-09T10:47:40.000Z",
        "tweets.full_text":"Chelsea bid over a billion Rand for Paul Pogba before the transfer window closed, but must now wait until...   ",
        "tweets.hashtags":"[]",
        "tweets.user_mentions":"[]",
        "tweets.urls":"['http:\/\/fb.me\/4iqpWwQ6d']",
        "tweets.user_name":"KickOffMagazine",
        "tweets.followers_count":691921,
        "topics.title":"Transfer News: Chelsea Pogba alert, Man Utd deal done, Liverpool eye AC Milan swap deal"
    },
    {
        "topic":"7ba01d52-a333-461d-bd91-a3bd9d5c043c",
        "tweetID":640552314051411968,
        "relevancy":2,
        "tweets.created_at":"2015-06-09T15:49:07.000Z",
        "tweets.full_text":"Juventus midfielder Paul Pogba is still preparing himself for a departure with Chelsea and Man City keeping tabs on the Frenc\u2026.  ",
        "tweets.hashtags":"[]",
        "tweets.user_mentions":"['iambolar']",
        "tweets.urls":"[]",
        "tweets.user_name":"NigeriainfoFM",
        "tweets.followers_count":1090357,
        "topics.title":"Transfer News: Chelsea Pogba alert, Man Utd deal done, Liverpool eye AC Milan swap deal"
    },
    {
        "topic":"7ba01d52-a333-461d-bd91-a3bd9d5c043c",
        "tweetID":640558605234671617,
        "relevancy":2,
        "tweets.created_at":"2015-06-09T16:14:07.000Z",
        "tweets.full_text":"I MIGHT STAY AT JUVENTUS - POGBA   ",
        "tweets.hashtags":"[]",
        "tweets.user_mentions":"[]",
        "tweets.urls":"['http:\/\/dlvr.it\/C4TN4Q']",
        "tweets.user_name":"starnewsngr",
        "tweets.followers_count":27200,
        "topics.title":"Transfer News: Chelsea Pogba alert, Man Utd deal done, Liverpool eye AC Milan swap deal"
    },
    {
        "topic":"7ba01d52-a333-461d-bd91-a3bd9d5c043c",
        "tweetID":641493670924001280,
        "relevancy":2,
        "tweets.created_at":"2015-09-09T06:09:44.000Z",
        "tweets.full_text":"It was never clear that I would leave and theres no reason I cant continue here for longer, lets\u2026.  ",
        "tweets.hashtags":"[]",
        "tweets.user_mentions":"['iamOkon']",
        "tweets.urls":"[]",
        "tweets.user_name":"NigeriainfoFM",
        "tweets.followers_count":1090357,
        "topics.title":"Transfer News: Chelsea Pogba alert, Man Utd deal done, Liverpool eye AC Milan swap deal"
    },
    {
        "topic":"7ba01d52-a333-461d-bd91-a3bd9d5c043c",
        "tweetID":642369506447360001,
        "relevancy":2,
        "tweets.created_at":"2015-11-09T16:09:59.000Z",
        "tweets.full_text":"Manchester United is a special club and Old Trafford is an ideal place for me to continue\u2026.  ",
        "tweets.hashtags":"[]",
        "tweets.user_mentions":"['iamOkon']",
        "tweets.urls":"[]",
        "tweets.user_name":"NigeriainfoFM",
        "tweets.followers_count":1090357,
        "topics.title":"Transfer News: Chelsea Pogba alert, Man Utd deal done, Liverpool eye AC Milan swap deal"
    },
    {
        "topic":"7ba01d52-a333-461d-bd91-a3bd9d5c043c",
        "tweetID":642405961399861248,
        "relevancy":2,
        "tweets.created_at":"2015-11-09T18:34:51.000Z",
        "tweets.full_text":"De Gea set to sign \u00a3200,000-per-week deal at United -   ",
        "tweets.hashtags":"[]",
        "tweets.user_mentions":"[]",
        "tweets.urls":"['http:\/\/dailypost.ng?p=296318&wt=4']",
        "tweets.user_name":"DailyPostNGR",
        "tweets.followers_count":1350330,
        "topics.title":"Transfer News: Chelsea Pogba alert, Man Utd deal done, Liverpool eye AC Milan swap deal"
    },
    {
        "topic":"7ba01d52-a333-461d-bd91-a3bd9d5c043c",
        "tweetID":642628367544512512,
        "relevancy":1,
        "tweets.created_at":"2015-12-09T09:18:36.000Z",
        "tweets.full_text":"Transfer Talk: Martinez Hints At Stones Move To Chelsea    ",
        "tweets.hashtags":"[]",
        "tweets.user_mentions":"[]",
        "tweets.urls":"['http:\/\/dlvr.it\/C7Qt58']",
        "tweets.user_name":"starnewsngr",
        "tweets.followers_count":27200,
        "topics.title":"Transfer News: Chelsea Pogba alert, Man Utd deal done, Liverpool eye AC Milan swap deal"
    },
    {
        "topic":"7ba01d52-a333-461d-bd91-a3bd9d5c043c",
        "tweetID":642628376964890624,
        "relevancy":1,
        "tweets.created_at":"2015-12-09T09:18:39.000Z",
        "tweets.full_text":"Transfer Talk: Martinez Hints At Stones Move To Chelsea    ",
        "tweets.hashtags":"[]",
        "tweets.user_mentions":"[]",
        "tweets.urls":"['http:\/\/dlvr.it\/C7QpZ5', 'http:\/\/fb.me\/3L72PuuWv']",
        "tweets.user_name":"starnewsngr",
        "tweets.followers_count":27200,
        "topics.title":"Transfer News: Chelsea Pogba alert, Man Utd deal done, Liverpool eye AC Milan swap deal"
    },
    {
        "topic":"7ba01d52-a333-461d-bd91-a3bd9d5c043c",
        "tweetID":642628382967009281,
        "relevancy":1,
        "tweets.created_at":"2015-12-09T09:18:40.000Z",
        "tweets.full_text":"Transfer Talk: Martinez Hints At Stones Move To Chelsea     ",
        "tweets.hashtags":"[]",
        "tweets.user_mentions":"[]",
        "tweets.urls":"['http:\/\/dlvr.it\/C7Qt58', 'http:\/\/fb.me\/LyIxyMtq']",
        "tweets.user_name":"starnewsngr",
        "tweets.followers_count":27200,
        "topics.title":"Transfer News: Chelsea Pogba alert, Man Utd deal done, Liverpool eye AC Milan swap deal"
    },
    {
        "topic":"7ba01d52-a333-461d-bd91-a3bd9d5c043c",
        "tweetID":643025372406239232,
        "relevancy":2,
        "tweets.created_at":"2015-09-13T11:36:10.000Z",
        "tweets.full_text":"Manchester City are set to miss out on summer transfer target Paul Pogba. Sunday Express says hes poised to join Barcelona ne\u2026.  ",
        "tweets.hashtags":"[]",
        "tweets.user_mentions":"['iamOkon']",
        "tweets.urls":"[]",
        "tweets.user_name":"NigeriainfoFM",
        "tweets.followers_count":1090357,
        "topics.title":"Transfer News: Chelsea Pogba alert, Man Utd deal done, Liverpool eye AC Milan swap deal"
    },
    {
        "topic":"7ba01d52-a333-461d-bd91-a3bd9d5c043c",
        "tweetID":643132552832794624,
        "relevancy":1,
        "tweets.created_at":"2015-09-13T18:42:04.000Z",
        "tweets.full_text":"Manchester United still rue Paul Pogba exit as Juventus midfielder prepares for first return to city - via    ",
        "tweets.hashtags":"[]",
        "tweets.user_mentions":"['Telegraph']",
        "tweets.urls":"['http:\/\/www.telegraph.co.uk\/sport\/football\/teams\/manchester-united\/11862141\/Manchester-United-still-rue-Paul-Pogba-exit-as-Juventus-midfielder-prepares-for-first-return-to-City-since-departure.html']",
        "tweets.user_name":"MarkOgden_",
        "tweets.followers_count":196159,
        "topics.title":"Transfer News: Chelsea Pogba alert, Man Utd deal done, Liverpool eye AC Milan swap deal"
    },
    {
        "topic":"7ba01d52-a333-461d-bd91-a3bd9d5c043c",
        "tweetID":643330779003678720,
        "relevancy":2,
        "tweets.created_at":"2015-09-14T07:49:44.000Z",
        "tweets.full_text":"Paul Pogba back in Manchester as the one that got away from both United and City -- via    ",
        "tweets.hashtags":"[]",
        "tweets.user_mentions":"['Telegraph']",
        "tweets.urls":"['http:\/\/www.telegraph.co.uk\/sport\/football\/teams\/manchester-united\/11862141\/Manchester-United-still-rue-Paul-Pogba-exit-as-Juventus-midfielder-prepares-for-first-return-to-City-since-departure.html']",
        "tweets.user_name":"MarkOgden_",
        "tweets.followers_count":196159,
        "topics.title":"Transfer News: Chelsea Pogba alert, Man Utd deal done, Liverpool eye AC Milan swap deal"
    },
    {
        "topic":"7ba01d52-a333-461d-bd91-a3bd9d5c043c",
        "tweetID":643880348074446849,
        "relevancy":1,
        "tweets.created_at":"2015-09-15T20:13:32.000Z",
        "tweets.full_text":"Pogba incisive and Mandzukic finishes 1-1 #ManCityJuve #UEFAChampionsLeague #HTCTheOne.  ",
        "tweets.hashtags":"['ManCityJuve', 'UEFAChampionsLeague', 'HTCTheOne']",
        "tweets.user_mentions":"[]",
        "tweets.urls":"[]",
        "tweets.user_name":"SimplyCarol8",
        "tweets.followers_count":478636,
        "topics.title":"Transfer News: Chelsea Pogba alert, Man Utd deal done, Liverpool eye AC Milan swap deal"
    },
    {
        "topic":"7ba01d52-a333-461d-bd91-a3bd9d5c043c",
        "tweetID":646433212277858305,
        "relevancy":1,
        "tweets.created_at":"2015-09-22T21:17:42.000Z",
        "tweets.full_text":"Sir Alex Ferguson reveals why Paul Pogba left Manchester United    ",
        "tweets.hashtags":"[]",
        "tweets.user_mentions":"['GameYetu']",
        "tweets.urls":"['http:\/\/bit.ly\/1KyrxfD']",
        "tweets.user_name":"StandardKenya",
        "tweets.followers_count":1473017,
        "topics.title":"Transfer News: Chelsea Pogba alert, Man Utd deal done, Liverpool eye AC Milan swap deal"
    },
    {
        "topic":"7ba01d52-a333-461d-bd91-a3bd9d5c043c",
        "tweetID":648686296664309761,
        "relevancy":1,
        "tweets.created_at":"2015-09-29T02:30:39.000Z",
        "tweets.full_text":"Bayern Munich train ahead of Champions League meet with Dinamo Zagreb    ",
        "tweets.hashtags":"[]",
        "tweets.user_mentions":"[]",
        "tweets.urls":"['http:\/\/ow.ly\/SLgpf']",
        "tweets.user_name":"citizentvkenya",
        "tweets.followers_count":3021332,
        "topics.title":"Transfer News: Chelsea Pogba alert, Man Utd deal done, Liverpool eye AC Milan swap deal"
    }
]