[
    {
        "topic":"da45ca1d-a57f-4a8f-a99f-9c9a63310b0c",
        "tweetID":648669444768567300,
        "relevancy":2,
        "tweets.created_at":"2015-09-29T01:23:41.000Z",
        "tweets.full_text":" makes perfect sense. Hes the best. And this debate used same format as previous consortium debates. 1x1 + open debate. Worked..  ",
        "tweets.hashtags":"[]",
        "tweets.user_mentions":"['ealboim']",
        "tweets.urls":"[]",
        "tweets.user_name":"spaikin",
        "tweets.followers_count":103191,
        "topics.title":"It is not too late to rethink this country's nuclear power strategy"
    },
    {
        "topic":"da45ca1d-a57f-4a8f-a99f-9c9a63310b0c",
        "tweetID":638708648345251840,
        "relevancy":2,
        "tweets.created_at":"2015-01-09T13:43:03.000Z",
        "tweets.full_text":"Matiase: The only solution to deal with this problem is to vote the ANC out of power and replace it with a radical and militant party, EFF..  ",
        "tweets.hashtags":"[]",
        "tweets.user_mentions":"[]",
        "tweets.urls":"[]",
        "tweets.user_name":"EFFSouthAfrica",
        "tweets.followers_count":1318976,
        "topics.title":"It is not too late to rethink this country's nuclear power strategy"
    },
    {
        "topic":"da45ca1d-a57f-4a8f-a99f-9c9a63310b0c",
        "tweetID":639137158767464448,
        "relevancy":2,
        "tweets.created_at":"2015-02-09T18:05:47.000Z",
        "tweets.full_text":"Of 99 nuclear reactors in the country, the Pilgrim nuclear power plant in Plymouth is now one of three with the lowest safety rating..  ",
        "tweets.hashtags":"[]",
        "tweets.user_mentions":"[]",
        "tweets.urls":"[]",
        "tweets.user_name":"davabel",
        "tweets.followers_count":8389,
        "topics.title":"It is not too late to rethink this country's nuclear power strategy"
    },
    {
        "topic":"da45ca1d-a57f-4a8f-a99f-9c9a63310b0c",
        "tweetID":640146676653625344,
        "relevancy":1,
        "tweets.created_at":"2015-05-09T12:57:15.000Z",
        "tweets.full_text":" the approach to Assad has been completely wrong and i hope its not too late to change it   ",
        "tweets.hashtags":"[]",
        "tweets.user_mentions":"['Graeme__McGuire', 'Dannymakkisyria']",
        "tweets.urls":"[]",
        "tweets.user_name":"otmarianna",
        "tweets.followers_count":9059,
        "topics.title":"It is not too late to rethink this country's nuclear power strategy"
    },
    {
        "topic":"da45ca1d-a57f-4a8f-a99f-9c9a63310b0c",
        "tweetID":641120056827473920,
        "relevancy":2,
        "tweets.created_at":"2015-08-09T05:25:07.000Z",
        "tweets.full_text":"It is not too late to rethink this countrys nuclear power strategy   ",
        "tweets.hashtags":"[]",
        "tweets.user_mentions":"[]",
        "tweets.urls":"['http:\/\/tgr.ph\/1i9dqrd']",
        "tweets.user_name":"TelePolitics",
        "tweets.followers_count":58426,
        "topics.title":"It is not too late to rethink this country's nuclear power strategy"
    },
    {
        "topic":"da45ca1d-a57f-4a8f-a99f-9c9a63310b0c",
        "tweetID":641186908463230976,
        "relevancy":1,
        "tweets.created_at":"2015-08-09T09:50:46.000Z",
        "tweets.full_text":"Ease of doing business, cost of labour and capital, stalled projects was raised by participants at the meeting, says   ",
        "tweets.hashtags":"[]",
        "tweets.user_mentions":"['arunjaitley']",
        "tweets.urls":"[]",
        "tweets.user_name":"htTweets",
        "tweets.followers_count":7889635,
        "topics.title":"It is not too late to rethink this country's nuclear power strategy"
    },
    {
        "topic":"da45ca1d-a57f-4a8f-a99f-9c9a63310b0c",
        "tweetID":641527904942161920,
        "relevancy":2,
        "tweets.created_at":"2015-09-09T08:25:46.000Z",
        "tweets.full_text":"Cabinet clears National Offshore Wind Energy Policy for use of offshore areas within Exclusive Economic Zone, EEZ, of country..  ",
        "tweets.hashtags":"[]",
        "tweets.user_mentions":"[]",
        "tweets.urls":"[]",
        "tweets.user_name":"airnewsalerts",
        "tweets.followers_count":2609104,
        "topics.title":"It is not too late to rethink this country's nuclear power strategy"
    },
    {
        "topic":"da45ca1d-a57f-4a8f-a99f-9c9a63310b0c",
        "tweetID":641774432848072704,
        "relevancy":1,
        "tweets.created_at":"2015-10-09T00:45:23.000Z",
        "tweets.full_text":"It\u2019s time to embrace wind energy in the Texas Hill Country |     ",
        "tweets.hashtags":"[]",
        "tweets.user_mentions":"['DallasPolitics']",
        "tweets.urls":"['http:\/\/d-news.co\/S0fEM']",
        "tweets.user_name":"dallasnews",
        "tweets.followers_count":702639,
        "topics.title":"It is not too late to rethink this country's nuclear power strategy"
    },
    {
        "topic":"da45ca1d-a57f-4a8f-a99f-9c9a63310b0c",
        "tweetID":645698067782496256,
        "relevancy":1,
        "tweets.created_at":"2015-09-20T20:36:30.000Z",
        "tweets.full_text":" Too early to know at this point and there may not be much of a difference by the time the event is over..  ",
        "tweets.hashtags":"[]",
        "tweets.user_mentions":"[]",
        "tweets.urls":"[]",
        "tweets.user_name":"NWSPhoenix",
        "tweets.followers_count":44347,
        "topics.title":"It is not too late to rethink this country's nuclear power strategy"
    },
    {
        "topic":"da45ca1d-a57f-4a8f-a99f-9c9a63310b0c",
        "tweetID":645827939066617858,
        "relevancy":1,
        "tweets.created_at":"2015-09-21T05:12:34.000Z",
        "tweets.full_text":"At 0810:  on the governments guarantee of a \u00a32bn investment by China in Hinkley Point nuclear power station..  ",
        "tweets.hashtags":"[]",
        "tweets.user_mentions":"['AmberRudd_MP']",
        "tweets.urls":"[]",
        "tweets.user_name":"BBCr4today",
        "tweets.followers_count":674268,
        "topics.title":"It is not too late to rethink this country's nuclear power strategy"
    },
    {
        "topic":"da45ca1d-a57f-4a8f-a99f-9c9a63310b0c",
        "tweetID":646052189127905280,
        "relevancy":1,
        "tweets.created_at":"2015-09-21T20:03:39.000Z",
        "tweets.full_text":"Griffin says Social Safety Net Programme Amalgamates Efforts, Will Lead to Self-Sufficiency via ...   ",
        "tweets.hashtags":"[]",
        "tweets.user_mentions":"[]",
        "tweets.urls":"['http:\/\/tinyurl.com\/pgmsnk3']",
        "tweets.user_name":"mackeymedia",
        "tweets.followers_count":682,
        "topics.title":"It is not too late to rethink this country's nuclear power strategy"
    },
    {
        "topic":"da45ca1d-a57f-4a8f-a99f-9c9a63310b0c",
        "tweetID":647849453957722112,
        "relevancy":2,
        "tweets.created_at":"2015-09-26T19:05:20.000Z",
        "tweets.full_text":"Also told the Swedish PM that he looks to Sweden to help his country can provide in the energy sector.  ",
        "tweets.hashtags":"[]",
        "tweets.user_mentions":"[]",
        "tweets.urls":"[]",
        "tweets.user_name":"pmln_org",
        "tweets.followers_count":1808542,
        "topics.title":"It is not too late to rethink this country's nuclear power strategy"
    },
    {
        "topic":"da45ca1d-a57f-4a8f-a99f-9c9a63310b0c",
        "tweetID":648981572192894978,
        "relevancy":1,
        "tweets.created_at":"2015-09-29T22:03:58.000Z",
        "tweets.full_text":"Is it time to rethink your R&amp;D infrastructure strategy - Vantage   ",
        "tweets.hashtags":"[]",
        "tweets.user_mentions":"[]",
        "tweets.urls":"['https:\/\/lnkd.in\/bP-SdKG']",
        "tweets.user_name":"magillett",
        "tweets.followers_count":1240,
        "topics.title":"It is not too late to rethink this country's nuclear power strategy"
    }
]