[
    {
        "topic":"9e94f806-fe54-4ed0-bd16-2a0ce220b920",
        "tweetID":644571632716107776,
        "relevancy":1,
        "tweets.created_at":"2015-09-17T18:00:27.000Z",
        "tweets.full_text":"The unemployment rate in August, 2015 was 7 per cent. A year ago it was 7 per cent. At Elxn41 it was 7.4%. At Elxn39 it was 6.6%..  ",
        "tweets.hashtags":"[]",
        "tweets.user_mentions":"[]",
        "tweets.urls":"[]",
        "tweets.user_name":"davidakin",
        "tweets.followers_count":83449,
        "topics.title":"The Hawk - Largesse grows again as Melbourne Cup fever for spending heats up"
    }
]