[
    {
        "topic":"5811057c-6732-4b37-b04c-ddf0a75a7b51",
        "tweetID":641281887370092544,
        "relevancy":1,
        "tweets.created_at":"2015-08-09T16:08:11.000Z",
        "tweets.full_text":"Warner: PNM win a victory for ILP   ",
        "tweets.hashtags":"[]",
        "tweets.user_mentions":"[]",
        "tweets.urls":"['http:\/\/bit.ly\/1IVfzf3']",
        "tweets.user_name":"GuardianTT",
        "tweets.followers_count":103646,
        "topics.title":"Teenager Lydia Ko makes history at Evian"
    },
    {
        "topic":"5811057c-6732-4b37-b04c-ddf0a75a7b51",
        "tweetID":641951470645039104,
        "relevancy":2,
        "tweets.created_at":"2015-10-09T12:28:52.000Z",
        "tweets.full_text":"Lydia Ko off to a solid start at Evian Championship    ",
        "tweets.hashtags":"[]",
        "tweets.user_mentions":"[]",
        "tweets.urls":"['https:\/\/www.tvnz.co.nz\/one-news\/sport\/golf\/lydia-ko-off-to-a-solid-start-at-evian-championship-q10096']",
        "tweets.user_name":"1NewsNZ",
        "tweets.followers_count":180636,
        "topics.title":"Teenager Lydia Ko makes history at Evian"
    },
    {
        "topic":"5811057c-6732-4b37-b04c-ddf0a75a7b51",
        "tweetID":642143029453656064,
        "relevancy":1,
        "tweets.created_at":"2015-11-09T01:10:03.000Z",
        "tweets.full_text":"Lexi Thompson, Mi Hyang Lee tied for lead at Evian Championship   ",
        "tweets.hashtags":"[]",
        "tweets.user_mentions":"[]",
        "tweets.urls":"['http:\/\/dlvr.it\/C6lF8j']",
        "tweets.user_name":"ladailynews",
        "tweets.followers_count":54683,
        "topics.title":"Teenager Lydia Ko makes history at Evian"
    },
    {
        "topic":"5811057c-6732-4b37-b04c-ddf0a75a7b51",
        "tweetID":642148979476688896,
        "relevancy":1,
        "tweets.created_at":"2015-11-09T01:33:41.000Z",
        "tweets.full_text":"Lexi Thompson, Mi Hyang Lee tied for lead at Evian Championship   ",
        "tweets.hashtags":"[]",
        "tweets.user_mentions":"[]",
        "tweets.urls":"['http:\/\/shout.lt\/bcwzv']",
        "tweets.user_name":"ladailynews",
        "tweets.followers_count":54683,
        "topics.title":"Teenager Lydia Ko makes history at Evian"
    },
    {
        "topic":"5811057c-6732-4b37-b04c-ddf0a75a7b51",
        "tweetID":642821790985662464,
        "relevancy":1,
        "tweets.created_at":"2015-12-09T22:07:12.000Z",
        "tweets.full_text":"Lydia Ko intends to play her own game in final round at Evian Championship    ",
        "tweets.hashtags":"[]",
        "tweets.user_mentions":"[]",
        "tweets.urls":"['http:\/\/dlvr.it\/C7gsSl']",
        "tweets.user_name":"NZStuff",
        "tweets.followers_count":216508,
        "topics.title":"Teenager Lydia Ko makes history at Evian"
    },
    {
        "topic":"5811057c-6732-4b37-b04c-ddf0a75a7b51",
        "tweetID":642933942153166848,
        "relevancy":2,
        "tweets.created_at":"2015-09-13T05:32:51.000Z",
        "tweets.full_text":"Lydia Kos drawing on past experience in her bid to lift her first major trophy ahead of final round of Evian Championship at Lake Geneva..  ",
        "tweets.hashtags":"[]",
        "tweets.user_mentions":"[]",
        "tweets.urls":"[]",
        "tweets.user_name":"NewshubNZ",
        "tweets.followers_count":69566,
        "topics.title":"Teenager Lydia Ko makes history at Evian"
    },
    {
        "topic":"5811057c-6732-4b37-b04c-ddf0a75a7b51",
        "tweetID":643075663960932353,
        "relevancy":2,
        "tweets.created_at":"2015-09-13T14:56:00.000Z",
        "tweets.full_text":"Lydia Ko wins Evian Championship to become youngest major champion    ",
        "tweets.hashtags":"[]",
        "tweets.user_mentions":"[]",
        "tweets.urls":"['http:\/\/www.bostonherald.com\/sports\/golf\/2015\/09\/ko_wins_evian_championship_to_become_youngest_major_champion']",
        "tweets.user_name":"bostonherald",
        "tweets.followers_count":112501,
        "topics.title":"Teenager Lydia Ko makes history at Evian"
    },
    {
        "topic":"5811057c-6732-4b37-b04c-ddf0a75a7b51",
        "tweetID":643079779629928449,
        "relevancy":2,
        "tweets.created_at":"2015-09-13T15:12:21.000Z",
        "tweets.full_text":"Teenager Ko makes history with Evian win    ",
        "tweets.hashtags":"[]",
        "tweets.user_mentions":"[]",
        "tweets.urls":"['http:\/\/f24.my\/1inM7cL']",
        "tweets.user_name":"FRANCE24",
        "tweets.followers_count":3542808,
        "topics.title":"Teenager Lydia Ko makes history at Evian"
    },
    {
        "topic":"5811057c-6732-4b37-b04c-ddf0a75a7b51",
        "tweetID":643094165702598656,
        "relevancy":2,
        "tweets.created_at":"2015-09-13T16:09:31.000Z",
        "tweets.full_text":"Lydia Ko becomes youngest ever winner of a major at the Evian\u2026  via    ",
        "tweets.hashtags":"[]",
        "tweets.user_mentions":"['IrishTimesSport']",
        "tweets.urls":"['http:\/\/www.irishtimes.com\/sport\/golf\/lydia-ko-becomes-youngest-ever-winner-of-a-major-at-the-evian-championship-1.2350205']",
        "tweets.user_name":"IrishTimes",
        "tweets.followers_count":586065,
        "topics.title":"Teenager Lydia Ko makes history at Evian"
    },
    {
        "topic":"5811057c-6732-4b37-b04c-ddf0a75a7b51",
        "tweetID":643103680334594048,
        "relevancy":2,
        "tweets.created_at":"2015-09-13T16:47:20.000Z",
        "tweets.full_text":"World No.2 Lydia Ko (18) became the youngest winner of a LPGA major with a 6-shot victory over Lexi Thompson at the Evian Championship.  ",
        "tweets.hashtags":"[]",
        "tweets.user_mentions":"[]",
        "tweets.urls":"[]",
        "tweets.user_name":"SuperSportBlitz",
        "tweets.followers_count":1263827,
        "topics.title":"Teenager Lydia Ko makes history at Evian"
    },
    {
        "topic":"5811057c-6732-4b37-b04c-ddf0a75a7b51",
        "tweetID":643110563430592512,
        "relevancy":2,
        "tweets.created_at":"2015-09-13T17:14:41.000Z",
        "tweets.full_text":"Lydia Ko records first ever Major title overnight, youngest ever Major winner    ",
        "tweets.hashtags":"[]",
        "tweets.user_mentions":"[]",
        "tweets.urls":"['http:\/\/www.newstalkzb.co.nz\/news\/national\/ko-storms-to-debut-major-win\/']",
        "tweets.user_name":"NewstalkZB",
        "tweets.followers_count":43318,
        "topics.title":"Teenager Lydia Ko makes history at Evian"
    },
    {
        "topic":"5811057c-6732-4b37-b04c-ddf0a75a7b51",
        "tweetID":643114148755173376,
        "relevancy":2,
        "tweets.created_at":"2015-09-13T17:28:56.000Z",
        "tweets.full_text":"Kiwi golfer  fired a bogey-free eight-under 63 to become the youngest winner of a womens major at the Evian Championship in France..  ",
        "tweets.hashtags":"[]",
        "tweets.user_mentions":"['LydiaKo']",
        "tweets.urls":"[]",
        "tweets.user_name":"NewshubNZ",
        "tweets.followers_count":69566,
        "topics.title":"Teenager Lydia Ko makes history at Evian"
    },
    {
        "topic":"5811057c-6732-4b37-b04c-ddf0a75a7b51",
        "tweetID":643150609726595072,
        "relevancy":1,
        "tweets.created_at":"2015-09-13T19:53:49.000Z",
        "tweets.full_text":"Commentary Box is on in 10 mins \u2013 Mike, Andrew and Scotty are talking Lydia Ko, RWC and more..  ",
        "tweets.hashtags":"[]",
        "tweets.user_mentions":"[]",
        "tweets.urls":"[]",
        "tweets.user_name":"NewstalkZB",
        "tweets.followers_count":43318,
        "topics.title":"Teenager Lydia Ko makes history at Evian"
    },
    {
        "topic":"5811057c-6732-4b37-b04c-ddf0a75a7b51",
        "tweetID":643179865626255362,
        "relevancy":2,
        "tweets.created_at":"2015-09-13T21:50:04.000Z",
        "tweets.full_text":"Teenager Ko makes history with Evian win   ",
        "tweets.hashtags":"[]",
        "tweets.user_mentions":"[]",
        "tweets.urls":"['http:\/\/bit.ly\/1OoxLF9']",
        "tweets.user_name":"DailyStarLeb",
        "tweets.followers_count":71198,
        "topics.title":"Teenager Lydia Ko makes history at Evian"
    },
    {
        "topic":"5811057c-6732-4b37-b04c-ddf0a75a7b51",
        "tweetID":643192959987400704,
        "relevancy":2,
        "tweets.created_at":"2015-09-13T22:42:06.000Z",
        "tweets.full_text":"Lydia Ko takes scintillating major win in her stride    ",
        "tweets.hashtags":"[]",
        "tweets.user_mentions":"[]",
        "tweets.urls":"['http:\/\/www.stuff.co.nz\/sport\/opinion\/72009120\/cool-calm-and-brilliant-lydia-ko-takes-scintillating-major-win-in-her-stride']",
        "tweets.user_name":"NZStuff",
        "tweets.followers_count":216508,
        "topics.title":"Teenager Lydia Ko makes history at Evian"
    },
    {
        "topic":"5811057c-6732-4b37-b04c-ddf0a75a7b51",
        "tweetID":643198779756183552,
        "relevancy":2,
        "tweets.created_at":"2015-09-13T23:05:13.000Z",
        "tweets.full_text":"Teenager Lydia Ko makes history at Evian.  #golf   ",
        "tweets.hashtags":"['golf']",
        "tweets.user_mentions":"[]",
        "tweets.urls":"['http:\/\/yhoo.it\/1VWrQcm']",
        "tweets.user_name":"westaustralian",
        "tweets.followers_count":173680,
        "topics.title":"Teenager Lydia Ko makes history at Evian"
    },
    {
        "topic":"5811057c-6732-4b37-b04c-ddf0a75a7b51",
        "tweetID":643209054219714560,
        "relevancy":2,
        "tweets.created_at":"2015-09-13T23:46:03.000Z",
        "tweets.full_text":"Lydia Ko says she was spurred on to her major triumph by a vocal young fan during the weekend    ",
        "tweets.hashtags":"[]",
        "tweets.user_mentions":"[]",
        "tweets.urls":"['http:\/\/www.stuff.co.nz\/sport\/golf\/72019484\/lydia-ko-spurred-to-major-golf-victory-by-young-fan-in-france']",
        "tweets.user_name":"NZStuff",
        "tweets.followers_count":216508,
        "topics.title":"Teenager Lydia Ko makes history at Evian"
    },
    {
        "topic":"5811057c-6732-4b37-b04c-ddf0a75a7b51",
        "tweetID":643216006572150784,
        "relevancy":2,
        "tweets.created_at":"2015-09-14T00:13:40.000Z",
        "tweets.full_text":"Ko wins Evian Championship, becomes youngest major champion: EVIAN-LES-BAINS, France -- With two holes left to...   ",
        "tweets.hashtags":"[]",
        "tweets.user_mentions":"[]",
        "tweets.urls":"['http:\/\/bit.ly\/1K7PVpg']",
        "tweets.user_name":"sunherald",
        "tweets.followers_count":43382,
        "topics.title":"Teenager Lydia Ko makes history at Evian"
    },
    {
        "topic":"5811057c-6732-4b37-b04c-ddf0a75a7b51",
        "tweetID":643232518276280320,
        "relevancy":2,
        "tweets.created_at":"2015-09-14T01:19:17.000Z",
        "tweets.full_text":"18-year-old Lydia Ko wins Evian Championship to become youngest LPGA major champion.   ",
        "tweets.hashtags":"[]",
        "tweets.user_mentions":"[]",
        "tweets.urls":"['http:\/\/strib.mn\/1KLCq4g']",
        "tweets.user_name":"StarTribune",
        "tweets.followers_count":390853,
        "topics.title":"Teenager Lydia Ko makes history at Evian"
    },
    {
        "topic":"5811057c-6732-4b37-b04c-ddf0a75a7b51",
        "tweetID":643298333809741824,
        "relevancy":2,
        "tweets.created_at":"2015-09-14T05:40:49.000Z",
        "tweets.full_text":"Amazing teen golfer Lydia Ko hailed over major record    ",
        "tweets.hashtags":"[]",
        "tweets.user_mentions":"[]",
        "tweets.urls":"['http:\/\/f24.my\/1i9WaBw']",
        "tweets.user_name":"FRANCE24",
        "tweets.followers_count":3542808,
        "topics.title":"Teenager Lydia Ko makes history at Evian"
    },
    {
        "topic":"5811057c-6732-4b37-b04c-ddf0a75a7b51",
        "tweetID":643341015059951616,
        "relevancy":2,
        "tweets.created_at":"2015-09-14T08:30:25.000Z",
        "tweets.full_text":"Ko makes history with Evian win    ",
        "tweets.hashtags":"[]",
        "tweets.user_mentions":"[]",
        "tweets.urls":"['http:\/\/www.dailytrust.com.ng\/news\/sports\/ko-makes-history-with-evian-win\/110586.html']",
        "tweets.user_name":"daily_trust",
        "tweets.followers_count":1692752,
        "topics.title":"Teenager Lydia Ko makes history at Evian"
    },
    {
        "topic":"5811057c-6732-4b37-b04c-ddf0a75a7b51",
        "tweetID":643436961303138304,
        "relevancy":2,
        "tweets.created_at":"2015-09-14T14:51:40.000Z",
        "tweets.full_text":"New Zealand golfer Lydia Ko already looking ahead to Rio Olympics after major success    ",
        "tweets.hashtags":"[]",
        "tweets.user_mentions":"[]",
        "tweets.urls":"['http:\/\/dlvr.it\/C8V510']",
        "tweets.user_name":"NZStuff",
        "tweets.followers_count":216508,
        "topics.title":"Teenager Lydia Ko makes history at Evian"
    },
    {
        "topic":"5811057c-6732-4b37-b04c-ddf0a75a7b51",
        "tweetID":643475826529308673,
        "relevancy":2,
        "tweets.created_at":"2015-09-14T17:26:06.000Z",
        "tweets.full_text":"Teenager Lydia Ko poised for golfing riches after Evian Championship win    ",
        "tweets.hashtags":"[]",
        "tweets.user_mentions":"[]",
        "tweets.urls":"['http:\/\/dlvr.it\/C8YJ9X']",
        "tweets.user_name":"NZStuff",
        "tweets.followers_count":216508,
        "topics.title":"Teenager Lydia Ko makes history at Evian"
    },
    {
        "topic":"5811057c-6732-4b37-b04c-ddf0a75a7b51",
        "tweetID":643987127265398784,
        "relevancy":2,
        "tweets.created_at":"2015-09-16T03:17:50.000Z",
        "tweets.full_text":" Lydia Ko not even a mention.  ",
        "tweets.hashtags":"[]",
        "tweets.user_mentions":"['skysportnz']",
        "tweets.urls":"[]",
        "tweets.user_name":"newzealandbirds",
        "tweets.followers_count":10516,
        "topics.title":"Teenager Lydia Ko makes history at Evian"
    },
    {
        "topic":"5811057c-6732-4b37-b04c-ddf0a75a7b51",
        "tweetID":644374031173480448,
        "relevancy":1,
        "tweets.created_at":"2015-09-17T04:55:15.000Z",
        "tweets.full_text":" win win.  ",
        "tweets.hashtags":"[]",
        "tweets.user_mentions":"['ishaantharoor']",
        "tweets.urls":"[]",
        "tweets.user_name":"LibyaLiberty",
        "tweets.followers_count":255899,
        "topics.title":"Teenager Lydia Ko makes history at Evian"
    },
    {
        "topic":"5811057c-6732-4b37-b04c-ddf0a75a7b51",
        "tweetID":645375236775391233,
        "relevancy":1,
        "tweets.created_at":"2015-09-19T23:13:41.000Z",
        "tweets.full_text":"Jason Days moved within 18 holes of the world number one ranking after another round in the red at the BMW Championship in Illinois..  ",
        "tweets.hashtags":"[]",
        "tweets.user_mentions":"[]",
        "tweets.urls":"[]",
        "tweets.user_name":"NewshubNZ",
        "tweets.followers_count":69566,
        "topics.title":"Teenager Lydia Ko makes history at Evian"
    },
    {
        "topic":"5811057c-6732-4b37-b04c-ddf0a75a7b51",
        "tweetID":645380013034835968,
        "relevancy":1,
        "tweets.created_at":"2015-09-19T23:32:40.000Z",
        "tweets.full_text":"  a win is a win is a win.  ",
        "tweets.hashtags":"[]",
        "tweets.user_mentions":"['TyTheWeatherGuy', 'CStewartWPTV']",
        "tweets.urls":"[]",
        "tweets.user_name":"MikeTrimWPTV",
        "tweets.followers_count":5947,
        "topics.title":"Teenager Lydia Ko makes history at Evian"
    },
    {
        "topic":"5811057c-6732-4b37-b04c-ddf0a75a7b51",
        "tweetID":645824789286912000,
        "relevancy":1,
        "tweets.created_at":"2015-09-21T05:00:03.000Z",
        "tweets.full_text":"If you think you can win, you can win. Faith is necessary to victory. - William Hazlitt #quote via   ",
        "tweets.hashtags":"['quote']",
        "tweets.user_mentions":"['BruceVH']",
        "tweets.urls":"[]",
        "tweets.user_name":"geoff_deweaver",
        "tweets.followers_count":385074,
        "topics.title":"Teenager Lydia Ko makes history at Evian"
    },
    {
        "topic":"5811057c-6732-4b37-b04c-ddf0a75a7b51",
        "tweetID":646356325371367425,
        "relevancy":1,
        "tweets.created_at":"2015-09-22T16:12:11.000Z",
        "tweets.full_text":"  Win-win!.  ",
        "tweets.hashtags":"[]",
        "tweets.user_mentions":"['KDbyProxy', 'MikeTRose']",
        "tweets.urls":"[]",
        "tweets.user_name":"edbott",
        "tweets.followers_count":54213,
        "topics.title":"Teenager Lydia Ko makes history at Evian"
    }
]